"metric_id","metric_label","player_id","player_name","team","role","game_id","probability","expected_opportunities","sample_size","evidence","model_status","probability_method","metric_rank","source_note"
"batter_hr_1plus","1+ home run",621439,"Byron Buxton","MIN","hitter","824406",0.264362305130429,4.2,342,"25 HR in 342 PA","development season-rate baseline","poisson_event_and_binomial_strikeout_baseline_v1",1,"FanGraphs season rates via BaseballR joined to posted batting orders and probable starters. Opponent, park, weather, and lineup-slot adjustments are not yet fitted."
"batter_hr_1plus","1+ home run",683748,"Victor Mesa Jr.","TBR","hitter","822785",0.244216258544275,4.2,120,"8 HR in 120 PA","development season-rate baseline","poisson_event_and_binomial_strikeout_baseline_v1",2,"FanGraphs season rates via BaseballR joined to posted batting orders and probable starters. Opponent, park, weather, and lineup-slot adjustments are not yet fitted."
"batter_hr_1plus","1+ home run",691406,"Junior Caminero","TBR","hitter","822785",0.240385010321518,4.2,443,"29 HR in 443 PA","development season-rate baseline","poisson_event_and_binomial_strikeout_baseline_v1",3,"FanGraphs season rates via BaseballR joined to posted batting orders and probable starters. Opponent, park, weather, and lineup-slot adjustments are not yet fitted."
"batter_hr_1plus","1+ home run",621566,"Matt Olson","ATL","hitter","824893",0.218035507865964,4.2,444,"26 HR in 444 PA","development season-rate baseline","poisson_event_and_binomial_strikeout_baseline_v1",4,"FanGraphs season rates via BaseballR joined to posted batting orders and probable starters. Opponent, park, weather, and lineup-slot adjustments are not yet fitted."
"batter_hr_1plus","1+ home run",664034,"Ty France","SDP","hitter","824893",0.217402048503377,4.2,257,"15 HR in 257 PA","development season-rate baseline","poisson_event_and_binomial_strikeout_baseline_v1",5,"FanGraphs season rates via BaseballR joined to posted batting orders and probable starters. Opponent, park, weather, and lineup-slot adjustments are not yet fitted."
"batter_hr_1plus","1+ home run",672960,"Kazuma Okamoto","TOR","hitter","822785",0.204443072049038,4.2,404,"22 HR in 404 PA","development season-rate baseline","poisson_event_and_binomial_strikeout_baseline_v1",6,"FanGraphs season rates via BaseballR joined to posted batting orders and probable starters. Opponent, park, weather, and lineup-slot adjustments are not yet fitted."
"batter_hr_1plus","1+ home run",592518,"Manny Machado","SDP","hitter","824893",0.198325514214165,4.2,418,"22 HR in 418 PA","development season-rate baseline","poisson_event_and_binomial_strikeout_baseline_v1",7,"FanGraphs season rates via BaseballR joined to posted batting orders and probable starters. Opponent, park, weather, and lineup-slot adjustments are not yet fitted."
"batter_hr_1plus","1+ home run",680777,"Ryan Jeffers","MIN","hitter","824406",0.198325514214165,4.2,171,"9 HR in 171 PA","development season-rate baseline","poisson_event_and_binomial_strikeout_baseline_v1",8,"FanGraphs season rates via BaseballR joined to posted batting orders and probable starters. Opponent, park, weather, and lineup-slot adjustments are not yet fitted."
"batter_hr_1plus","1+ home run",691023,"Jordan Walker","STL","hitter","823042",0.196644016208186,4.2,422,"22 HR in 422 PA","development season-rate baseline","poisson_event_and_binomial_strikeout_baseline_v1",9,"FanGraphs season rates via BaseballR joined to posted batting orders and probable starters. Opponent, park, weather, and lineup-slot adjustments are not yet fitted."
"batter_hr_1plus","1+ home run",686948,"Drake Baldwin","ATL","hitter","824893",0.195264300688544,4.2,348,"18 HR in 348 PA","development season-rate baseline","poisson_event_and_binomial_strikeout_baseline_v1",10,"FanGraphs season rates via BaseballR joined to posted batting orders and probable starters. Opponent, park, weather, and lineup-slot adjustments are not yet fitted."
"batter_hr_1plus","1+ home run",665019,"Kody Clemens","MIN","hitter","824406",0.191326113861146,4.2,356,"18 HR in 356 PA","development season-rate baseline","poisson_event_and_binomial_strikeout_baseline_v1",11,"FanGraphs season rates via BaseballR joined to posted batting orders and probable starters. Opponent, park, weather, and lineup-slot adjustments are not yet fitted."
"batter_hr_1plus","1+ home run",671739,"Michael Harris II","ATL","hitter","824893",0.179978891392089,4.2,381,"18 HR in 381 PA","development season-rate baseline","poisson_event_and_binomial_strikeout_baseline_v1",12,"FanGraphs season rates via BaseballR joined to posted batting orders and probable starters. Opponent, park, weather, and lineup-slot adjustments are not yet fitted."
"batter_hr_1plus","1+ home run",606466,"Ketel Marte","ARI","hitter","823042",0.160542979230793,4.2,432,"18 HR in 432 PA","development season-rate baseline","poisson_event_and_binomial_strikeout_baseline_v1",13,"FanGraphs season rates via BaseballR joined to posted batting orders and probable starters. Opponent, park, weather, and lineup-slot adjustments are not yet fitted."
"batter_hr_1plus","1+ home run",657757,"Gavin Sheets","SDP","hitter","824893",0.159241927980926,4.2,339,"14 HR in 339 PA","development season-rate baseline","poisson_event_and_binomial_strikeout_baseline_v1",14,"FanGraphs season rates via BaseballR joined to posted batting orders and probable starters. Opponent, park, weather, and lineup-slot adjustments are not yet fitted."
"batter_hr_1plus","1+ home run",656555,"Rhys Hoskins","CLE","hitter","824406",0.154131445473648,4.2,276,"11 HR in 276 PA","development season-rate baseline","poisson_event_and_binomial_strikeout_baseline_v1",15,"FanGraphs season rates via BaseballR joined to posted batting orders and probable starters. Opponent, park, weather, and lineup-slot adjustments are not yet fitted."
"batter_hr_1plus","1+ home run",686797,"Brooks Lee","MIN","hitter","824406",0.147769694582371,4.2,394,"15 HR in 394 PA","development season-rate baseline","poisson_event_and_binomial_strikeout_baseline_v1",16,"FanGraphs season rates via BaseballR joined to posted batting orders and probable starters. Opponent, park, weather, and lineup-slot adjustments are not yet fitted."
"batter_hr_1plus","1+ home run",699625,"Jimmy Crooks","STL","hitter","823042",0.144060476587735,4.2,81,"3 HR in 81 PA","development season-rate baseline","poisson_event_and_binomial_strikeout_baseline_v1",17,"FanGraphs season rates via BaseballR joined to posted batting orders and probable starters. Opponent, park, weather, and lineup-slot adjustments are not yet fitted."
"batter_hr_1plus","1+ home run",668904,"Royce Lewis","MIN","hitter","824406",0.140689150472868,4.2,277,"10 HR in 277 PA","development season-rate baseline","poisson_event_and_binomial_strikeout_baseline_v1",18,"FanGraphs season rates via BaseballR joined to posted batting orders and probable starters. Opponent, park, weather, and lineup-slot adjustments are not yet fitted."
"batter_hr_1plus","1+ home run",682998,"Corbin Carroll","ARI","hitter","823042",0.139600097774274,4.2,419,"15 HR in 419 PA","development season-rate baseline","poisson_event_and_binomial_strikeout_baseline_v1",19,"FanGraphs season rates via BaseballR joined to posted batting orders and probable starters. Opponent, park, weather, and lineup-slot adjustments are not yet fitted."
"batter_hr_1plus","1+ home run",676475,"Alec Burleson","STL","hitter","823042",0.138073178402377,4.2,424,"15 HR in 424 PA","development season-rate baseline","poisson_event_and_binomial_strikeout_baseline_v1",20,"FanGraphs season rates via BaseballR joined to posted batting orders and probable starters. Opponent, park, weather, and lineup-slot adjustments are not yet fitted."
"batter_hr_1plus","1+ home run",802139,"JJ Wetherholt","STL","hitter","823042",0.134828552256796,4.2,435,"15 HR in 435 PA","development season-rate baseline","poisson_event_and_binomial_strikeout_baseline_v1",21,"FanGraphs season rates via BaseballR joined to posted batting orders and probable starters. Opponent, park, weather, and lineup-slot adjustments are not yet fitted."
"batter_hr_1plus","1+ home run",645277,"Ozzie Albies","ATL","hitter","824893",0.133686106670873,4.2,439,"15 HR in 439 PA","development season-rate baseline","poisson_event_and_binomial_strikeout_baseline_v1",22,"FanGraphs season rates via BaseballR joined to posted batting orders and probable starters. Opponent, park, weather, and lineup-slot adjustments are not yet fitted."
"batter_hr_1plus","1+ home run",700932,"Kyle Manzardo","CLE","hitter","824406",0.131757654728952,4.2,327,"11 HR in 327 PA","development season-rate baseline","poisson_event_and_binomial_strikeout_baseline_v1",23,"FanGraphs season rates via BaseballR joined to posted batting orders and probable starters. Opponent, park, weather, and lineup-slot adjustments are not yet fitted."
"batter_hr_1plus","1+ home run",694374,"Tim Tawa","ARI","hitter","823042",0.129635313436304,4.2,121,"4 HR in 121 PA","development season-rate baseline","poisson_event_and_binomial_strikeout_baseline_v1",24,"FanGraphs season rates via BaseballR joined to posted batting orders and probable starters. Opponent, park, weather, and lineup-slot adjustments are not yet fitted."
"batter_hr_1plus","1+ home run",650490,"Yandy Díaz","TBR","hitter","822785",0.128363829294973,4.2,428,"14 HR in 428 PA","development season-rate baseline","poisson_event_and_binomial_strikeout_baseline_v1",25,"FanGraphs season rates via BaseballR joined to posted batting orders and probable starters. Opponent, park, weather, and lineup-slot adjustments are not yet fitted."
"batter_hr_1plus","1+ home run",605137,"Josh Bell","MIN","hitter","824406",0.127593679740378,4.2,400,"13 HR in 400 PA","development season-rate baseline","poisson_event_and_binomial_strikeout_baseline_v1",26,"FanGraphs season rates via BaseballR joined to posted batting orders and probable starters. Opponent, park, weather, and lineup-slot adjustments are not yet fitted."
"batter_hr_1plus","1+ home run",666018,"Jonathan Aranda","TBR","hitter","822785",0.126434716000876,4.2,435,"14 HR in 435 PA","development season-rate baseline","poisson_event_and_binomial_strikeout_baseline_v1",27,"FanGraphs season rates via BaseballR joined to posted batting orders and probable starters. Opponent, park, weather, and lineup-slot adjustments are not yet fitted."
"batter_hr_1plus","1+ home run",543807,"George Springer","TOR","hitter","822785",0.125571984994632,4.2,313,"10 HR in 313 PA","development season-rate baseline","poisson_event_and_binomial_strikeout_baseline_v1",28,"FanGraphs season rates via BaseballR joined to posted batting orders and probable starters. Opponent, park, weather, and lineup-slot adjustments are not yet fitted."
"batter_hr_1plus","1+ home run",608070,"José Ramírez","CLE","hitter","824406",0.123362262442074,4.2,319,"10 HR in 319 PA","development season-rate baseline","poisson_event_and_binomial_strikeout_baseline_v1",29,"FanGraphs season rates via BaseballR joined to posted batting orders and probable starters. Opponent, park, weather, and lineup-slot adjustments are not yet fitted."
"batter_hr_1plus","1+ home run",668952,"Ryan Kreidler","MIN","hitter","824406",0.122286266717818,4.2,161,"5 HR in 161 PA","development season-rate baseline","poisson_event_and_binomial_strikeout_baseline_v1",30,"FanGraphs season rates via BaseballR joined to posted batting orders and probable starters. Opponent, park, weather, and lineup-slot adjustments are not yet fitted."
"batter_hr_1plus","1+ home run",682818,"Yohendrick Piñango","TOR","hitter","822785",0.121579288316008,4.2,162,"5 HR in 162 PA","development season-rate baseline","poisson_event_and_binomial_strikeout_baseline_v1",31,"FanGraphs season rates via BaseballR joined to posted batting orders and probable starters. Opponent, park, weather, and lineup-slot adjustments are not yet fitted."
"batter_hr_1plus","1+ home run",676356,"Jonny DeLuca","TBR","hitter","822785",0.12122885119748,4.2,195,"6 HR in 195 PA","development season-rate baseline","poisson_event_and_binomial_strikeout_baseline_v1",32,"FanGraphs season rates via BaseballR joined to posted batting orders and probable starters. Opponent, park, weather, and lineup-slot adjustments are not yet fitted."
"batter_hr_1plus","1+ home run",800050,"Chase DeLauter","CLE","hitter","824406",0.120754220540572,4.2,359,"11 HR in 359 PA","development season-rate baseline","poisson_event_and_binomial_strikeout_baseline_v1",33,"FanGraphs season rates via BaseballR joined to posted batting orders and probable starters. Opponent, park, weather, and lineup-slot adjustments are not yet fitted."
"batter_hr_1plus","1+ home run",680728,"Adrian Del Castillo","ARI","hitter","823042",0.117503097415405,4.2,168,"5 HR in 168 PA","development season-rate baseline","poisson_event_and_binomial_strikeout_baseline_v1",34,"FanGraphs season rates via BaseballR joined to posted batting orders and probable starters. Opponent, park, weather, and lineup-slot adjustments are not yet fitted."
"batter_hr_1plus","1+ home run",701675,"Nathan Church","STL","hitter","823042",0.116607120204182,4.2,271,"8 HR in 271 PA","development season-rate baseline","poisson_event_and_binomial_strikeout_baseline_v1",35,"FanGraphs season rates via BaseballR joined to posted batting orders and probable starters. Opponent, park, weather, and lineup-slot adjustments are not yet fitted."
"batter_hr_1plus","1+ home run",663586,"Austin Riley","ATL","hitter","824893",0.115671632852755,4.2,410,"12 HR in 410 PA","development season-rate baseline","poisson_event_and_binomial_strikeout_baseline_v1",36,"FanGraphs season rates via BaseballR joined to posted batting orders and probable starters. Opponent, park, weather, and lineup-slot adjustments are not yet fitted."
"batter_hr_1plus","1+ home run",683953,"Travis Bazzana","CLE","hitter","824406",0.115143768176327,4.2,309,"9 HR in 309 PA","development season-rate baseline","poisson_event_and_binomial_strikeout_baseline_v1",37,"FanGraphs season rates via BaseballR joined to posted batting orders and probable starters. Opponent, park, weather, and lineup-slot adjustments are not yet fitted."
"batter_hr_1plus","1+ home run",672386,"Alejandro Kirk","TOR","hitter","822785",0.104637232298643,4.2,114,"3 HR in 114 PA","development season-rate baseline","poisson_event_and_binomial_strikeout_baseline_v1",38,"FanGraphs season rates via BaseballR joined to posted batting orders and probable starters. Opponent, park, weather, and lineup-slot adjustments are not yet fitted."
"batter_hr_1plus","1+ home run",676914,"Davis Schneider","TOR","hitter","822785",0.101276324963679,4.2,118,"3 HR in 118 PA","development season-rate baseline","poisson_event_and_binomial_strikeout_baseline_v1",39,"FanGraphs season rates via BaseballR joined to posted batting orders and probable starters. Opponent, park, weather, and lineup-slot adjustments are not yet fitted."
"batter_hr_1plus","1+ home run",643289,"Mauricio Dubón","ATL","hitter","824893",0.100150397712042,4.2,398,"10 HR in 398 PA","development season-rate baseline","poisson_event_and_binomial_strikeout_baseline_v1",40,"FanGraphs season rates via BaseballR joined to posted batting orders and probable starters. Opponent, park, weather, and lineup-slot adjustments are not yet fitted."
"batter_hr_1plus","1+ home run",642086,"Dominic Smith","ATL","hitter","824893",0.0985076332971752,4.2,243,"6 HR in 243 PA","development season-rate baseline","poisson_event_and_binomial_strikeout_baseline_v1",41,"FanGraphs season rates via BaseballR joined to posted batting orders and probable starters. Opponent, park, weather, and lineup-slot adjustments are not yet fitted."
"batter_hr_1plus","1+ home run",690984,"Petey Halpin","CLE","hitter","824406",0.0951625819640405,4.2,84,"2 HR in 84 PA","development season-rate baseline","poisson_event_and_binomial_strikeout_baseline_v1",42,"FanGraphs season rates via BaseballR joined to posted batting orders and probable starters. Opponent, park, weather, and lineup-slot adjustments are not yet fitted."
"batter_hr_1plus","1+ home run",677587,"Brayan Rocchio","CLE","hitter","824406",0.0935159265162829,4.2,385,"9 HR in 385 PA","development season-rate baseline","poisson_event_and_binomial_strikeout_baseline_v1",43,"FanGraphs season rates via BaseballR joined to posted batting orders and probable starters. Opponent, park, weather, and lineup-slot adjustments are not yet fitted."
"batter_hr_1plus","1+ home run",672515,"Gabriel Moreno","ARI","hitter","823042",0.0927624841173214,4.2,302,"7 HR in 302 PA","development season-rate baseline","poisson_event_and_binomial_strikeout_baseline_v1",44,"FanGraphs season rates via BaseballR joined to posted batting orders and probable starters. Opponent, park, weather, and lineup-slot adjustments are not yet fitted."
"batter_hr_1plus","1+ home run",593428,"Xander Bogaerts","SDP","hitter","824893",0.0926002946795381,4.2,389,"9 HR in 389 PA","development season-rate baseline","poisson_event_and_binomial_strikeout_baseline_v1",45,"FanGraphs season rates via BaseballR joined to posted batting orders and probable starters. Opponent, park, weather, and lineup-slot adjustments are not yet fitted."
"batter_hr_1plus","1+ home run",573262,"Mike Yastrzemski","ATL","hitter","824893",0.0900649198147939,4.2,267,"6 HR in 267 PA","development season-rate baseline","poisson_event_and_binomial_strikeout_baseline_v1",46,"FanGraphs season rates via BaseballR joined to posted batting orders and probable starters. Opponent, park, weather, and lineup-slot adjustments are not yet fitted."
"batter_hr_1plus","1+ home run",545121,"Ildemaro Vargas","ARI","hitter","823042",0.0883077857000447,4.2,318,"7 HR in 318 PA","development season-rate baseline","poisson_event_and_binomial_strikeout_baseline_v1",47,"FanGraphs season rates via BaseballR joined to posted batting orders and probable starters. Opponent, park, weather, and lineup-slot adjustments are not yet fitted."
"batter_hr_1plus","1+ home run",663457,"Lars Nootbaar","STL","hitter","823042",0.0849095758357625,4.2,142,"3 HR in 142 PA","development season-rate baseline","poisson_event_and_binomial_strikeout_baseline_v1",48,"FanGraphs season rates via BaseballR joined to posted batting orders and probable starters. Opponent, park, weather, and lineup-slot adjustments are not yet fitted."
"batter_hr_1plus","1+ home run",665877,"José Fermín","STL","hitter","823042",0.0842007659968742,4.2,191,"4 HR in 191 PA","development season-rate baseline","poisson_event_and_binomial_strikeout_baseline_v1",49,"FanGraphs season rates via BaseballR joined to posted batting orders and probable starters. Opponent, park, weather, and lineup-slot adjustments are not yet fitted."
"batter_hr_1plus","1+ home run",676391,"Ernie Clement","TOR","hitter","822785",0.0807622880060646,4.2,399,"8 HR in 399 PA","development season-rate baseline","poisson_event_and_binomial_strikeout_baseline_v1",50,"FanGraphs season rates via BaseballR joined to posted batting orders and probable starters. Opponent, park, weather, and lineup-slot adjustments are not yet fitted."
"batter_hr_1plus","1+ home run",665487,"Fernando Tatis Jr.","SDP","hitter","824893",0.0728831556512138,4.2,444,"8 HR in 444 PA","development season-rate baseline","poisson_event_and_binomial_strikeout_baseline_v1",51,"FanGraphs season rates via BaseballR joined to posted batting orders and probable starters. Opponent, park, weather, and lineup-slot adjustments are not yet fitted."
"batter_hr_1plus","1+ home run",666023,"Freddy Fermin","SDP","hitter","824893",0.0718447018177375,4.2,169,"3 HR in 169 PA","development season-rate baseline","poisson_event_and_binomial_strikeout_baseline_v1",52,"FanGraphs season rates via BaseballR joined to posted batting orders and probable starters. Opponent, park, weather, and lineup-slot adjustments are not yet fitted."
"batter_hr_1plus","1+ home run",664702,"Myles Straw","TOR","hitter","822785",0.0690883545833986,4.2,176,"3 HR in 176 PA","development season-rate baseline","poisson_event_and_binomial_strikeout_baseline_v1",53,"FanGraphs season rates via BaseballR joined to posted batting orders and probable starters. Opponent, park, weather, and lineup-slot adjustments are not yet fitted."
"batter_hr_1plus","1+ home run",672695,"Geraldo Perdomo","ARI","hitter","823042",0.0677619369335559,4.2,419,"7 HR in 419 PA","development season-rate baseline","poisson_event_and_binomial_strikeout_baseline_v1",54,"FanGraphs season rates via BaseballR joined to posted batting orders and probable starters. Opponent, park, weather, and lineup-slot adjustments are not yet fitted."
"batter_hr_1plus","1+ home run",630105,"Jake Cronenworth","SDP","hitter","824893",0.0665356058264064,4.2,183,"3 HR in 183 PA","development season-rate baseline","poisson_event_and_binomial_strikeout_baseline_v1",55,"FanGraphs season rates via BaseballR joined to posted batting orders and probable starters. Opponent, park, weather, and lineup-slot adjustments are not yet fitted."
"batter_hr_1plus","1+ home run",665489,"Vladimir Guerrero Jr.","TOR","hitter","822785",0.0594720087724173,4.2,411,"6 HR in 411 PA","development season-rate baseline","poisson_event_and_binomial_strikeout_baseline_v1",56,"FanGraphs season rates via BaseballR joined to posted batting orders and probable starters. Opponent, park, weather, and lineup-slot adjustments are not yet fitted."
"batter_hr_1plus","1+ home run",676439,"Hunter Feduccia","TBR","hitter","822785",0.0559104420013895,4.2,146,"2 HR in 146 PA","development season-rate baseline","poisson_event_and_binomial_strikeout_baseline_v1",57,"FanGraphs season rates via BaseballR joined to posted batting orders and probable starters. Opponent, park, weather, and lineup-slot adjustments are not yet fitted."
"batter_hr_1plus","1+ home run",680700,"Richie Palacios","TBR","hitter","822785",0.0507338966271773,4.2,242,"3 HR in 242 PA","development season-rate baseline","poisson_event_and_binomial_strikeout_baseline_v1",58,"FanGraphs season rates via BaseballR joined to posted batting orders and probable starters. Opponent, park, weather, and lineup-slot adjustments are not yet fitted."
"batter_hr_1plus","1+ home run",807712,"Luke Keaschall","MIN","hitter","824406",0.0438112995493091,4.2,375,"4 HR in 375 PA","development season-rate baseline","poisson_event_and_binomial_strikeout_baseline_v1",59,"FanGraphs season rates via BaseballR joined to posted batting orders and probable starters. Opponent, park, weather, and lineup-slot adjustments are not yet fitted."
"batter_hr_1plus","1+ home run",691026,"Masyn Winn","STL","hitter","823042",0.0432474853127525,4.2,380,"4 HR in 380 PA","development season-rate baseline","poisson_event_and_binomial_strikeout_baseline_v1",60,"FanGraphs season rates via BaseballR joined to posted batting orders and probable starters. Opponent, park, weather, and lineup-slot adjustments are not yet fitted."
"batter_hr_1plus","1+ home run",691458,"Blaze Jordan","STL","hitter","823042",0.0419517556736025,4.2,98,"1 HR in 98 PA","development season-rate baseline","poisson_event_and_binomial_strikeout_baseline_v1",61,"FanGraphs season rates via BaseballR joined to posted batting orders and probable starters. Opponent, park, weather, and lineup-slot adjustments are not yet fitted."
"batter_hr_1plus","1+ home run",810938,"Ben Williamson","TBR","hitter","822785",0.0348222888585956,4.2,237,"2 HR in 237 PA","development season-rate baseline","poisson_event_and_binomial_strikeout_baseline_v1",62,"FanGraphs season rates via BaseballR joined to posted batting orders and probable starters. Opponent, park, weather, and lineup-slot adjustments are not yet fitted."
"batter_hr_1plus","1+ home run",668885,"Austin Martin","MIN","hitter","824406",0.0289435042946211,4.2,286,"2 HR in 286 PA","development season-rate baseline","poisson_event_and_binomial_strikeout_baseline_v1",63,"FanGraphs season rates via BaseballR joined to posted batting orders and probable starters. Opponent, park, weather, and lineup-slot adjustments are not yet fitted."
"batter_hr_1plus","1+ home run",814439,"Ryan Waldschmidt","ARI","hitter","823042",0.0287454247863271,4.2,144,"1 HR in 144 PA","development season-rate baseline","poisson_event_and_binomial_strikeout_baseline_v1",64,"FanGraphs season rates via BaseballR joined to posted batting orders and probable starters. Opponent, park, weather, and lineup-slot adjustments are not yet fitted."
"batter_hr_1plus","1+ home run",680757,"Steven Kwan","CLE","hitter","824406",0.0110206173057281,4.2,379,"1 HR in 379 PA","development season-rate baseline","poisson_event_and_binomial_strikeout_baseline_v1",65,"FanGraphs season rates via BaseballR joined to posted batting orders and probable starters. Opponent, park, weather, and lineup-slot adjustments are not yet fitted."
"batter_hr_1plus","1+ home run",802415,"Chandler Simpson","TBR","hitter","822785",0,4.2,379,"0 HR in 379 PA","development season-rate baseline","poisson_event_and_binomial_strikeout_baseline_v1",66,"FanGraphs season rates via BaseballR joined to posted batting orders and probable starters. Opponent, park, weather, and lineup-slot adjustments are not yet fitted."
"batter_hit_1plus","1+ hit",676391,"Ernie Clement","TOR","hitter","822785",0.695618577335222,4.2,399,"113 H in 399 PA","development season-rate baseline","poisson_event_and_binomial_strikeout_baseline_v1",1,"FanGraphs season rates via BaseballR joined to posted batting orders and probable starters. Opponent, park, weather, and lineup-slot adjustments are not yet fitted."
"batter_hit_1plus","1+ hit",671739,"Michael Harris II","ATL","hitter","824893",0.692576056043485,4.2,381,"107 H in 381 PA","development season-rate baseline","poisson_event_and_binomial_strikeout_baseline_v1",2,"FanGraphs season rates via BaseballR joined to posted batting orders and probable starters. Opponent, park, weather, and lineup-slot adjustments are not yet fitted."
"batter_hit_1plus","1+ hit",650490,"Yandy Díaz","TBR","hitter","822785",0.679642512087545,4.2,428,"116 H in 428 PA","development season-rate baseline","poisson_event_and_binomial_strikeout_baseline_v1",3,"FanGraphs season rates via BaseballR joined to posted batting orders and probable starters. Opponent, park, weather, and lineup-slot adjustments are not yet fitted."
"batter_hit_1plus","1+ hit",802415,"Chandler Simpson","TBR","hitter","822785",0.677077527540717,4.2,379,"102 H in 379 PA","development season-rate baseline","poisson_event_and_binomial_strikeout_baseline_v1",4,"FanGraphs season rates via BaseballR joined to posted batting orders and probable starters. Opponent, park, weather, and lineup-slot adjustments are not yet fitted."
"batter_hit_1plus","1+ hit",691023,"Jordan Walker","STL","hitter","823042",0.665389038133187,4.2,422,"110 H in 422 PA","development season-rate baseline","poisson_event_and_binomial_strikeout_baseline_v1",5,"FanGraphs season rates via BaseballR joined to posted batting orders and probable starters. Opponent, park, weather, and lineup-slot adjustments are not yet fitted."
"batter_hit_1plus","1+ hit",800050,"Chase DeLauter","CLE","hitter","824406",0.663117907629834,4.2,359,"93 H in 359 PA","development season-rate baseline","poisson_event_and_binomial_strikeout_baseline_v1",6,"FanGraphs season rates via BaseballR joined to posted batting orders and probable starters. Opponent, park, weather, and lineup-slot adjustments are not yet fitted."
"batter_hit_1plus","1+ hit",672515,"Gabriel Moreno","ARI","hitter","823042",0.662019883421576,4.2,302,"78 H in 302 PA","development season-rate baseline","poisson_event_and_binomial_strikeout_baseline_v1",7,"FanGraphs season rates via BaseballR joined to posted batting orders and probable starters. Opponent, park, weather, and lineup-slot adjustments are not yet fitted."
"batter_hit_1plus","1+ hit",665487,"Fernando Tatis Jr.","SDP","hitter","824893",0.656620462046958,4.2,444,"113 H in 444 PA","development season-rate baseline","poisson_event_and_binomial_strikeout_baseline_v1",8,"FanGraphs season rates via BaseballR joined to posted batting orders and probable starters. Opponent, park, weather, and lineup-slot adjustments are not yet fitted."
"batter_hit_1plus","1+ hit",682818,"Yohendrick Piñango","TOR","hitter","822785",0.65456920611148,4.2,162,"41 H in 162 PA","development season-rate baseline","poisson_event_and_binomial_strikeout_baseline_v1",9,"FanGraphs season rates via BaseballR joined to posted batting orders and probable starters. Opponent, park, weather, and lineup-slot adjustments are not yet fitted."
"batter_hit_1plus","1+ hit",676475,"Alec Burleson","STL","hitter","823042",0.653511503617763,4.2,424,"107 H in 424 PA","development season-rate baseline","poisson_event_and_binomial_strikeout_baseline_v1",10,"FanGraphs season rates via BaseballR joined to posted batting orders and probable starters. Opponent, park, weather, and lineup-slot adjustments are not yet fitted."
"batter_hit_1plus","1+ hit",621439,"Byron Buxton","MIN","hitter","824406",0.652204407925007,4.2,342,"86 H in 342 PA","development season-rate baseline","poisson_event_and_binomial_strikeout_baseline_v1",11,"FanGraphs season rates via BaseballR joined to posted batting orders and probable starters. Opponent, park, weather, and lineup-slot adjustments are not yet fitted."
"batter_hit_1plus","1+ hit",691406,"Junior Caminero","TBR","hitter","822785",0.650890692272654,4.2,443,"111 H in 443 PA","development season-rate baseline","poisson_event_and_binomial_strikeout_baseline_v1",12,"FanGraphs season rates via BaseballR joined to posted batting orders and probable starters. Opponent, park, weather, and lineup-slot adjustments are not yet fitted."
"batter_hit_1plus","1+ hit",664034,"Ty France","SDP","hitter","824893",0.648629619543041,4.2,257,"64 H in 257 PA","development season-rate baseline","poisson_event_and_binomial_strikeout_baseline_v1",13,"FanGraphs season rates via BaseballR joined to posted batting orders and probable starters. Opponent, park, weather, and lineup-slot adjustments are not yet fitted."
"batter_hit_1plus","1+ hit",677587,"Brayan Rocchio","CLE","hitter","824406",0.645257688563012,4.2,385,"95 H in 385 PA","development season-rate baseline","poisson_event_and_binomial_strikeout_baseline_v1",14,"FanGraphs season rates via BaseballR joined to posted batting orders and probable starters. Opponent, park, weather, and lineup-slot adjustments are not yet fitted."
"batter_hit_1plus","1+ hit",676356,"Jonny DeLuca","TBR","hitter","822785",0.644363505923433,4.2,195,"48 H in 195 PA","development season-rate baseline","poisson_event_and_binomial_strikeout_baseline_v1",15,"FanGraphs season rates via BaseballR joined to posted batting orders and probable starters. Opponent, park, weather, and lineup-slot adjustments are not yet fitted."
"batter_hit_1plus","1+ hit",545121,"Ildemaro Vargas","ARI","hitter","823042",0.643060392880435,4.2,318,"78 H in 318 PA","development season-rate baseline","poisson_event_and_binomial_strikeout_baseline_v1",16,"FanGraphs season rates via BaseballR joined to posted batting orders and probable starters. Opponent, park, weather, and lineup-slot adjustments are not yet fitted."
"batter_hit_1plus","1+ hit",643289,"Mauricio Dubón","ATL","hitter","824893",0.640707367582804,4.2,398,"97 H in 398 PA","development season-rate baseline","poisson_event_and_binomial_strikeout_baseline_v1",17,"FanGraphs season rates via BaseballR joined to posted batting orders and probable starters. Opponent, park, weather, and lineup-slot adjustments are not yet fitted."
"batter_hit_1plus","1+ hit",666018,"Jonathan Aranda","TBR","hitter","822785",0.637159923880834,4.2,435,"105 H in 435 PA","development season-rate baseline","poisson_event_and_binomial_strikeout_baseline_v1",18,"FanGraphs season rates via BaseballR joined to posted batting orders and probable starters. Opponent, park, weather, and lineup-slot adjustments are not yet fitted."
"batter_hit_1plus","1+ hit",680777,"Ryan Jeffers","MIN","hitter","824406",0.634693131812782,4.2,171,"41 H in 171 PA","development season-rate baseline","poisson_event_and_binomial_strikeout_baseline_v1",19,"FanGraphs season rates via BaseballR joined to posted batting orders and probable starters. Opponent, park, weather, and lineup-slot adjustments are not yet fitted."
"batter_hit_1plus","1+ hit",621566,"Matt Olson","ATL","hitter","824893",0.633113485191687,4.2,444,"106 H in 444 PA","development season-rate baseline","poisson_event_and_binomial_strikeout_baseline_v1",20,"FanGraphs season rates via BaseballR joined to posted batting orders and probable starters. Opponent, park, weather, and lineup-slot adjustments are not yet fitted."
"batter_hit_1plus","1+ hit",686948,"Drake Baldwin","ATL","hitter","824893",0.632754287252534,4.2,348,"83 H in 348 PA","development season-rate baseline","poisson_event_and_binomial_strikeout_baseline_v1",21,"FanGraphs season rates via BaseballR joined to posted batting orders and probable starters. Opponent, park, weather, and lineup-slot adjustments are not yet fitted."
"batter_hit_1plus","1+ hit",606466,"Ketel Marte","ARI","hitter","823042",0.629042087670844,4.2,432,"102 H in 432 PA","development season-rate baseline","poisson_event_and_binomial_strikeout_baseline_v1",22,"FanGraphs season rates via BaseballR joined to posted batting orders and probable starters. Opponent, park, weather, and lineup-slot adjustments are not yet fitted."
"batter_hit_1plus","1+ hit",814439,"Ryan Waldschmidt","ARI","hitter","823042",0.629042087670844,4.2,144,"34 H in 144 PA","development season-rate baseline","poisson_event_and_binomial_strikeout_baseline_v1",23,"FanGraphs season rates via BaseballR joined to posted batting orders and probable starters. Opponent, park, weather, and lineup-slot adjustments are not yet fitted."
"batter_hit_1plus","1+ hit",665877,"José Fermín","STL","hitter","823042",0.628248179227107,4.2,191,"45 H in 191 PA","development season-rate baseline","poisson_event_and_binomial_strikeout_baseline_v1",24,"FanGraphs season rates via BaseballR joined to posted batting orders and probable starters. Opponent, park, weather, and lineup-slot adjustments are not yet fitted."
"batter_hit_1plus","1+ hit",691458,"Blaze Jordan","STL","hitter","823042",0.626827420125863,4.2,98,"23 H in 98 PA","development season-rate baseline","poisson_event_and_binomial_strikeout_baseline_v1",25,"FanGraphs season rates via BaseballR joined to posted batting orders and probable starters. Opponent, park, weather, and lineup-slot adjustments are not yet fitted."
"batter_hit_1plus","1+ hit",645277,"Ozzie Albies","ATL","hitter","824893",0.626718111792562,4.2,439,"103 H in 439 PA","development season-rate baseline","poisson_event_and_binomial_strikeout_baseline_v1",26,"FanGraphs season rates via BaseballR joined to posted batting orders and probable starters. Opponent, park, weather, and lineup-slot adjustments are not yet fitted."
"batter_hit_1plus","1+ hit",642086,"Dominic Smith","ATL","hitter","824893",0.626629922072851,4.2,243,"57 H in 243 PA","development season-rate baseline","poisson_event_and_binomial_strikeout_baseline_v1",27,"FanGraphs season rates via BaseballR joined to posted batting orders and probable starters. Opponent, park, weather, and lineup-slot adjustments are not yet fitted."
"batter_hit_1plus","1+ hit",686797,"Brooks Lee","MIN","hitter","824406",0.624955524945366,4.2,394,"92 H in 394 PA","development season-rate baseline","poisson_event_and_binomial_strikeout_baseline_v1",28,"FanGraphs season rates via BaseballR joined to posted batting orders and probable starters. Opponent, park, weather, and lineup-slot adjustments are not yet fitted."
"batter_hit_1plus","1+ hit",810938,"Ben Williamson","TBR","hitter","822785",0.622688262879187,4.2,237,"55 H in 237 PA","development season-rate baseline","poisson_event_and_binomial_strikeout_baseline_v1",29,"FanGraphs season rates via BaseballR joined to posted batting orders and probable starters. Opponent, park, weather, and lineup-slot adjustments are not yet fitted."
"batter_hit_1plus","1+ hit",605137,"Josh Bell","MIN","hitter","824406",0.619397593032284,4.2,400,"92 H in 400 PA","development season-rate baseline","poisson_event_and_binomial_strikeout_baseline_v1",30,"FanGraphs season rates via BaseballR joined to posted batting orders and probable starters. Opponent, park, weather, and lineup-slot adjustments are not yet fitted."
"batter_hit_1plus","1+ hit",807712,"Luke Keaschall","MIN","hitter","824406",0.609684541942185,4.2,375,"84 H in 375 PA","development season-rate baseline","poisson_event_and_binomial_strikeout_baseline_v1",31,"FanGraphs season rates via BaseballR joined to posted batting orders and probable starters. Opponent, park, weather, and lineup-slot adjustments are not yet fitted."
"batter_hit_1plus","1+ hit",665489,"Vladimir Guerrero Jr.","TOR","hitter","822785",0.609429186440569,4.2,411,"92 H in 411 PA","development season-rate baseline","poisson_event_and_binomial_strikeout_baseline_v1",32,"FanGraphs season rates via BaseballR joined to posted batting orders and probable starters. Opponent, park, weather, and lineup-slot adjustments are not yet fitted."
"batter_hit_1plus","1+ hit",802139,"JJ Wetherholt","STL","hitter","823042",0.608022847033107,4.2,435,"97 H in 435 PA","development season-rate baseline","poisson_event_and_binomial_strikeout_baseline_v1",33,"FanGraphs season rates via BaseballR joined to posted batting orders and probable starters. Opponent, park, weather, and lineup-slot adjustments are not yet fitted."
"batter_hit_1plus","1+ hit",682998,"Corbin Carroll","ARI","hitter","823042",0.602355028840292,4.2,419,"92 H in 419 PA","development season-rate baseline","poisson_event_and_binomial_strikeout_baseline_v1",34,"FanGraphs season rates via BaseballR joined to posted batting orders and probable starters. Opponent, park, weather, and lineup-slot adjustments are not yet fitted."
"batter_hit_1plus","1+ hit",665019,"Kody Clemens","MIN","hitter","824406",0.601570503694591,4.2,356,"78 H in 356 PA","development season-rate baseline","poisson_event_and_binomial_strikeout_baseline_v1",35,"FanGraphs season rates via BaseballR joined to posted batting orders and probable starters. Opponent, park, weather, and lineup-slot adjustments are not yet fitted."
"batter_hit_1plus","1+ hit",668952,"Ryan Kreidler","MIN","hitter","824406",0.598698987338881,4.2,161,"35 H in 161 PA","development season-rate baseline","poisson_event_and_binomial_strikeout_baseline_v1",36,"FanGraphs season rates via BaseballR joined to posted batting orders and probable starters. Opponent, park, weather, and lineup-slot adjustments are not yet fitted."
"batter_hit_1plus","1+ hit",701675,"Nathan Church","STL","hitter","823042",0.592980013933171,4.2,271,"58 H in 271 PA","development season-rate baseline","poisson_event_and_binomial_strikeout_baseline_v1",37,"FanGraphs season rates via BaseballR joined to posted batting orders and probable starters. Opponent, park, weather, and lineup-slot adjustments are not yet fitted."
"batter_hit_1plus","1+ hit",663457,"Lars Nootbaar","STL","hitter","823042",0.588243837595336,4.2,142,"30 H in 142 PA","development season-rate baseline","poisson_event_and_binomial_strikeout_baseline_v1",38,"FanGraphs season rates via BaseballR joined to posted batting orders and probable starters. Opponent, park, weather, and lineup-slot adjustments are not yet fitted."
"batter_hit_1plus","1+ hit",691026,"Masyn Winn","STL","hitter","823042",0.58695987109228,4.2,380,"80 H in 380 PA","development season-rate baseline","poisson_event_and_binomial_strikeout_baseline_v1",39,"FanGraphs season rates via BaseballR joined to posted batting orders and probable starters. Opponent, park, weather, and lineup-slot adjustments are not yet fitted."
"batter_hit_1plus","1+ hit",683953,"Travis Bazzana","CLE","hitter","824406",0.586664284446162,4.2,309,"65 H in 309 PA","development season-rate baseline","poisson_event_and_binomial_strikeout_baseline_v1",40,"FanGraphs season rates via BaseballR joined to posted batting orders and probable starters. Opponent, park, weather, and lineup-slot adjustments are not yet fitted."
"batter_hit_1plus","1+ hit",608070,"José Ramírez","CLE","hitter","824406",0.580614828349187,4.2,319,"66 H in 319 PA","development season-rate baseline","poisson_event_and_binomial_strikeout_baseline_v1",41,"FanGraphs season rates via BaseballR joined to posted batting orders and probable starters. Opponent, park, weather, and lineup-slot adjustments are not yet fitted."
"batter_hit_1plus","1+ hit",680757,"Steven Kwan","CLE","hitter","824406",0.578687292234354,4.2,379,"78 H in 379 PA","development season-rate baseline","poisson_event_and_binomial_strikeout_baseline_v1",42,"FanGraphs season rates via BaseballR joined to posted batting orders and probable starters. Opponent, park, weather, and lineup-slot adjustments are not yet fitted."
"batter_hit_1plus","1+ hit",668885,"Austin Martin","MIN","hitter","824406",0.573331644161635,4.2,286,"58 H in 286 PA","development season-rate baseline","poisson_event_and_binomial_strikeout_baseline_v1",43,"FanGraphs season rates via BaseballR joined to posted batting orders and probable starters. Opponent, park, weather, and lineup-slot adjustments are not yet fitted."
"batter_hit_1plus","1+ hit",680700,"Richie Palacios","TBR","hitter","822785",0.572761649305505,4.2,242,"49 H in 242 PA","development season-rate baseline","poisson_event_and_binomial_strikeout_baseline_v1",44,"FanGraphs season rates via BaseballR joined to posted batting orders and probable starters. Opponent, park, weather, and lineup-slot adjustments are not yet fitted."
"batter_hit_1plus","1+ hit",690984,"Petey Halpin","CLE","hitter","824406",0.572585068051273,4.2,84,"17 H in 84 PA","development season-rate baseline","poisson_event_and_binomial_strikeout_baseline_v1",45,"FanGraphs season rates via BaseballR joined to posted batting orders and probable starters. Opponent, park, weather, and lineup-slot adjustments are not yet fitted."
"batter_hit_1plus","1+ hit",672960,"Kazuma Okamoto","TOR","hitter","822785",0.569186159992049,4.2,404,"81 H in 404 PA","development season-rate baseline","poisson_event_and_binomial_strikeout_baseline_v1",46,"FanGraphs season rates via BaseballR joined to posted batting orders and probable starters. Opponent, park, weather, and lineup-slot adjustments are not yet fitted."
"batter_hit_1plus","1+ hit",683748,"Victor Mesa Jr.","TBR","hitter","822785",0.56828947657092,4.2,120,"24 H in 120 PA","development season-rate baseline","poisson_event_and_binomial_strikeout_baseline_v1",47,"FanGraphs season rates via BaseballR joined to posted batting orders and probable starters. Opponent, park, weather, and lineup-slot adjustments are not yet fitted."
"batter_hit_1plus","1+ hit",664702,"Myles Straw","TOR","hitter","822785",0.566224115199111,4.2,176,"35 H in 176 PA","development season-rate baseline","poisson_event_and_binomial_strikeout_baseline_v1",48,"FanGraphs season rates via BaseballR joined to posted batting orders and probable starters. Opponent, park, weather, and lineup-slot adjustments are not yet fitted."
"batter_hit_1plus","1+ hit",676439,"Hunter Feduccia","TBR","hitter","822785",0.565798503659344,4.2,146,"29 H in 146 PA","development season-rate baseline","poisson_event_and_binomial_strikeout_baseline_v1",49,"FanGraphs season rates via BaseballR joined to posted batting orders and probable starters. Opponent, park, weather, and lineup-slot adjustments are not yet fitted."
"batter_hit_1plus","1+ hit",573262,"Mike Yastrzemski","ATL","hitter","824893",0.565564531879901,4.2,267,"53 H in 267 PA","development season-rate baseline","poisson_event_and_binomial_strikeout_baseline_v1",50,"FanGraphs season rates via BaseballR joined to posted batting orders and probable starters. Opponent, park, weather, and lineup-slot adjustments are not yet fitted."
"batter_hit_1plus","1+ hit",543807,"George Springer","TOR","hitter","822785",0.564799694641262,4.2,313,"62 H in 313 PA","development season-rate baseline","poisson_event_and_binomial_strikeout_baseline_v1",51,"FanGraphs season rates via BaseballR joined to posted batting orders and probable starters. Opponent, park, weather, and lineup-slot adjustments are not yet fitted."
"batter_hit_1plus","1+ hit",672695,"Geraldo Perdomo","ARI","hitter","823042",0.560429445233013,4.2,419,"82 H in 419 PA","development season-rate baseline","poisson_event_and_binomial_strikeout_baseline_v1",52,"FanGraphs season rates via BaseballR joined to posted batting orders and probable starters. Opponent, park, weather, and lineup-slot adjustments are not yet fitted."
"batter_hit_1plus","1+ hit",672386,"Alejandro Kirk","TOR","hitter","822785",0.555376007997504,4.2,114,"22 H in 114 PA","development season-rate baseline","poisson_event_and_binomial_strikeout_baseline_v1",53,"FanGraphs season rates via BaseballR joined to posted batting orders and probable starters. Opponent, park, weather, and lineup-slot adjustments are not yet fitted."
"batter_hit_1plus","1+ hit",593428,"Xander Bogaerts","SDP","hitter","824893",0.555038998409776,4.2,389,"75 H in 389 PA","development season-rate baseline","poisson_event_and_binomial_strikeout_baseline_v1",54,"FanGraphs season rates via BaseballR joined to posted batting orders and probable starters. Opponent, park, weather, and lineup-slot adjustments are not yet fitted."
"batter_hit_1plus","1+ hit",663586,"Austin Riley","ATL","hitter","824893",0.554816308758368,4.2,410,"79 H in 410 PA","development season-rate baseline","poisson_event_and_binomial_strikeout_baseline_v1",55,"FanGraphs season rates via BaseballR joined to posted batting orders and probable starters. Opponent, park, weather, and lineup-slot adjustments are not yet fitted."
"batter_hit_1plus","1+ hit",668904,"Royce Lewis","MIN","hitter","824406",0.552290237601672,4.2,277,"53 H in 277 PA","development season-rate baseline","poisson_event_and_binomial_strikeout_baseline_v1",56,"FanGraphs season rates via BaseballR joined to posted batting orders and probable starters. Opponent, park, weather, and lineup-slot adjustments are not yet fitted."
"batter_hit_1plus","1+ hit",694374,"Tim Tawa","ARI","hitter","823042",0.549927729246329,4.2,121,"23 H in 121 PA","development season-rate baseline","poisson_event_and_binomial_strikeout_baseline_v1",57,"FanGraphs season rates via BaseballR joined to posted batting orders and probable starters. Opponent, park, weather, and lineup-slot adjustments are not yet fitted."
"batter_hit_1plus","1+ hit",700932,"Kyle Manzardo","CLE","hitter","824406",0.549019093019043,4.2,327,"62 H in 327 PA","development season-rate baseline","poisson_event_and_binomial_strikeout_baseline_v1",58,"FanGraphs season rates via BaseballR joined to posted batting orders and probable starters. Opponent, park, weather, and lineup-slot adjustments are not yet fitted."
"batter_hit_1plus","1+ hit",657757,"Gavin Sheets","SDP","hitter","824893",0.547478658755173,4.2,339,"64 H in 339 PA","development season-rate baseline","poisson_event_and_binomial_strikeout_baseline_v1",59,"FanGraphs season rates via BaseballR joined to posted batting orders and probable starters. Opponent, park, weather, and lineup-slot adjustments are not yet fitted."
"batter_hit_1plus","1+ hit",630105,"Jake Cronenworth","SDP","hitter","824893",0.531105296802214,4.2,183,"33 H in 183 PA","development season-rate baseline","poisson_event_and_binomial_strikeout_baseline_v1",60,"FanGraphs season rates via BaseballR joined to posted batting orders and probable starters. Opponent, park, weather, and lineup-slot adjustments are not yet fitted."
"batter_hit_1plus","1+ hit",680728,"Adrian Del Castillo","ARI","hitter","823042",0.527633447258985,4.2,168,"30 H in 168 PA","development season-rate baseline","poisson_event_and_binomial_strikeout_baseline_v1",61,"FanGraphs season rates via BaseballR joined to posted batting orders and probable starters. Opponent, park, weather, and lineup-slot adjustments are not yet fitted."
"batter_hit_1plus","1+ hit",592518,"Manny Machado","SDP","hitter","824893",0.519771296518058,4.2,418,"73 H in 418 PA","development season-rate baseline","poisson_event_and_binomial_strikeout_baseline_v1",62,"FanGraphs season rates via BaseballR joined to posted batting orders and probable starters. Opponent, park, weather, and lineup-slot adjustments are not yet fitted."
"batter_hit_1plus","1+ hit",656555,"Rhys Hoskins","CLE","hitter","824406",0.464156449266991,4.2,276,"41 H in 276 PA","development season-rate baseline","poisson_event_and_binomial_strikeout_baseline_v1",63,"FanGraphs season rates via BaseballR joined to posted batting orders and probable starters. Opponent, park, weather, and lineup-slot adjustments are not yet fitted."
"batter_hit_1plus","1+ hit",699625,"Jimmy Crooks","STL","hitter","823042",0.463249667214347,4.2,81,"12 H in 81 PA","development season-rate baseline","poisson_event_and_binomial_strikeout_baseline_v1",64,"FanGraphs season rates via BaseballR joined to posted batting orders and probable starters. Opponent, park, weather, and lineup-slot adjustments are not yet fitted."
"batter_hit_1plus","1+ hit",666023,"Freddy Fermin","SDP","hitter","824893",0.435377342132324,4.2,169,"23 H in 169 PA","development season-rate baseline","poisson_event_and_binomial_strikeout_baseline_v1",65,"FanGraphs season rates via BaseballR joined to posted batting orders and probable starters. Opponent, park, weather, and lineup-slot adjustments are not yet fitted."
"batter_hit_1plus","1+ hit",676914,"Davis Schneider","TOR","hitter","822785",0.413685125422987,4.2,118,"15 H in 118 PA","development season-rate baseline","poisson_event_and_binomial_strikeout_baseline_v1",66,"FanGraphs season rates via BaseballR joined to posted batting orders and probable starters. Opponent, park, weather, and lineup-slot adjustments are not yet fitted."
"batter_tb_2plus","2+ total bases",621439,"Byron Buxton","MIN","hitter","824406",0.464272754663432,4.2,342,"Season event mix across 342 PA","development season-rate baseline","poisson_event_and_binomial_strikeout_baseline_v1",1,"FanGraphs season rates via BaseballR joined to posted batting orders and probable starters. Opponent, park, weather, and lineup-slot adjustments are not yet fitted."
"batter_tb_2plus","2+ total bases",671739,"Michael Harris II","ATL","hitter","824893",0.455351280392001,4.2,381,"Season event mix across 381 PA","development season-rate baseline","poisson_event_and_binomial_strikeout_baseline_v1",2,"FanGraphs season rates via BaseballR joined to posted batting orders and probable starters. Opponent, park, weather, and lineup-slot adjustments are not yet fitted."
"batter_tb_2plus","2+ total bases",664034,"Ty France","SDP","hitter","824893",0.447651230721356,4.2,257,"Season event mix across 257 PA","development season-rate baseline","poisson_event_and_binomial_strikeout_baseline_v1",3,"FanGraphs season rates via BaseballR joined to posted batting orders and probable starters. Opponent, park, weather, and lineup-slot adjustments are not yet fitted."
"batter_tb_2plus","2+ total bases",691023,"Jordan Walker","STL","hitter","823042",0.442262202423896,4.2,422,"Season event mix across 422 PA","development season-rate baseline","poisson_event_and_binomial_strikeout_baseline_v1",4,"FanGraphs season rates via BaseballR joined to posted batting orders and probable starters. Opponent, park, weather, and lineup-slot adjustments are not yet fitted."
"batter_tb_2plus","2+ total bases",621566,"Matt Olson","ATL","hitter","824893",0.442233338973848,4.2,444,"Season event mix across 444 PA","development season-rate baseline","poisson_event_and_binomial_strikeout_baseline_v1",5,"FanGraphs season rates via BaseballR joined to posted batting orders and probable starters. Opponent, park, weather, and lineup-slot adjustments are not yet fitted."
"batter_tb_2plus","2+ total bases",680777,"Ryan Jeffers","MIN","hitter","824406",0.437299245143197,4.2,171,"Season event mix across 171 PA","development season-rate baseline","poisson_event_and_binomial_strikeout_baseline_v1",6,"FanGraphs season rates via BaseballR joined to posted batting orders and probable starters. Opponent, park, weather, and lineup-slot adjustments are not yet fitted."
"batter_tb_2plus","2+ total bases",676391,"Ernie Clement","TOR","hitter","822785",0.436093364326305,4.2,399,"Season event mix across 399 PA","development season-rate baseline","poisson_event_and_binomial_strikeout_baseline_v1",7,"FanGraphs season rates via BaseballR joined to posted batting orders and probable starters. Opponent, park, weather, and lineup-slot adjustments are not yet fitted."
"batter_tb_2plus","2+ total bases",691406,"Junior Caminero","TBR","hitter","822785",0.432441256376445,4.2,443,"Season event mix across 443 PA","development season-rate baseline","poisson_event_and_binomial_strikeout_baseline_v1",8,"FanGraphs season rates via BaseballR joined to posted batting orders and probable starters. Opponent, park, weather, and lineup-slot adjustments are not yet fitted."
"batter_tb_2plus","2+ total bases",676356,"Jonny DeLuca","TBR","hitter","822785",0.429887343341873,4.2,195,"Season event mix across 195 PA","development season-rate baseline","poisson_event_and_binomial_strikeout_baseline_v1",9,"FanGraphs season rates via BaseballR joined to posted batting orders and probable starters. Opponent, park, weather, and lineup-slot adjustments are not yet fitted."
"batter_tb_2plus","2+ total bases",665019,"Kody Clemens","MIN","hitter","824406",0.422948740744189,4.2,356,"Season event mix across 356 PA","development season-rate baseline","poisson_event_and_binomial_strikeout_baseline_v1",10,"FanGraphs season rates via BaseballR joined to posted batting orders and probable starters. Opponent, park, weather, and lineup-slot adjustments are not yet fitted."
"batter_tb_2plus","2+ total bases",676475,"Alec Burleson","STL","hitter","823042",0.420122082469729,4.2,424,"Season event mix across 424 PA","development season-rate baseline","poisson_event_and_binomial_strikeout_baseline_v1",11,"FanGraphs season rates via BaseballR joined to posted batting orders and probable starters. Opponent, park, weather, and lineup-slot adjustments are not yet fitted."
"batter_tb_2plus","2+ total bases",682998,"Corbin Carroll","ARI","hitter","823042",0.41900178676856,4.2,419,"Season event mix across 419 PA","development season-rate baseline","poisson_event_and_binomial_strikeout_baseline_v1",12,"FanGraphs season rates via BaseballR joined to posted batting orders and probable starters. Opponent, park, weather, and lineup-slot adjustments are not yet fitted."
"batter_tb_2plus","2+ total bases",800050,"Chase DeLauter","CLE","hitter","824406",0.418761091882783,4.2,359,"Season event mix across 359 PA","development season-rate baseline","poisson_event_and_binomial_strikeout_baseline_v1",13,"FanGraphs season rates via BaseballR joined to posted batting orders and probable starters. Opponent, park, weather, and lineup-slot adjustments are not yet fitted."
"batter_tb_2plus","2+ total bases",650490,"Yandy Díaz","TBR","hitter","822785",0.41557213420083,4.2,428,"Season event mix across 428 PA","development season-rate baseline","poisson_event_and_binomial_strikeout_baseline_v1",14,"FanGraphs season rates via BaseballR joined to posted batting orders and probable starters. Opponent, park, weather, and lineup-slot adjustments are not yet fitted."
"batter_tb_2plus","2+ total bases",606466,"Ketel Marte","ARI","hitter","823042",0.409043436886748,4.2,432,"Season event mix across 432 PA","development season-rate baseline","poisson_event_and_binomial_strikeout_baseline_v1",15,"FanGraphs season rates via BaseballR joined to posted batting orders and probable starters. Opponent, park, weather, and lineup-slot adjustments are not yet fitted."
"batter_tb_2plus","2+ total bases",605137,"Josh Bell","MIN","hitter","824406",0.399599703008427,4.2,400,"Season event mix across 400 PA","development season-rate baseline","poisson_event_and_binomial_strikeout_baseline_v1",16,"FanGraphs season rates via BaseballR joined to posted batting orders and probable starters. Opponent, park, weather, and lineup-slot adjustments are not yet fitted."
"batter_tb_2plus","2+ total bases",672515,"Gabriel Moreno","ARI","hitter","823042",0.398798282695598,4.2,302,"Season event mix across 302 PA","development season-rate baseline","poisson_event_and_binomial_strikeout_baseline_v1",17,"FanGraphs season rates via BaseballR joined to posted batting orders and probable starters. Opponent, park, weather, and lineup-slot adjustments are not yet fitted."
"batter_tb_2plus","2+ total bases",643289,"Mauricio Dubón","ATL","hitter","824893",0.398049428905059,4.2,398,"Season event mix across 398 PA","development season-rate baseline","poisson_event_and_binomial_strikeout_baseline_v1",18,"FanGraphs season rates via BaseballR joined to posted batting orders and probable starters. Opponent, park, weather, and lineup-slot adjustments are not yet fitted."
"batter_tb_2plus","2+ total bases",682818,"Yohendrick Piñango","TOR","hitter","822785",0.394856424039741,4.2,162,"Season event mix across 162 PA","development season-rate baseline","poisson_event_and_binomial_strikeout_baseline_v1",19,"FanGraphs season rates via BaseballR joined to posted batting orders and probable starters. Opponent, park, weather, and lineup-slot adjustments are not yet fitted."
"batter_tb_2plus","2+ total bases",814439,"Ryan Waldschmidt","ARI","hitter","823042",0.39101076059297,4.2,144,"Season event mix across 144 PA","development season-rate baseline","poisson_event_and_binomial_strikeout_baseline_v1",20,"FanGraphs season rates via BaseballR joined to posted batting orders and probable starters. Opponent, park, weather, and lineup-slot adjustments are not yet fitted."
"batter_tb_2plus","2+ total bases",686797,"Brooks Lee","MIN","hitter","824406",0.389077299263797,4.2,394,"Season event mix across 394 PA","development season-rate baseline","poisson_event_and_binomial_strikeout_baseline_v1",21,"FanGraphs season rates via BaseballR joined to posted batting orders and probable starters. Opponent, park, weather, and lineup-slot adjustments are not yet fitted."
"batter_tb_2plus","2+ total bases",545121,"Ildemaro Vargas","ARI","hitter","823042",0.388488371198934,4.2,318,"Season event mix across 318 PA","development season-rate baseline","poisson_event_and_binomial_strikeout_baseline_v1",22,"FanGraphs season rates via BaseballR joined to posted batting orders and probable starters. Opponent, park, weather, and lineup-slot adjustments are not yet fitted."
"batter_tb_2plus","2+ total bases",645277,"Ozzie Albies","ATL","hitter","824893",0.387443571151165,4.2,439,"Season event mix across 439 PA","development season-rate baseline","poisson_event_and_binomial_strikeout_baseline_v1",23,"FanGraphs season rates via BaseballR joined to posted batting orders and probable starters. Opponent, park, weather, and lineup-slot adjustments are not yet fitted."
"batter_tb_2plus","2+ total bases",665487,"Fernando Tatis Jr.","SDP","hitter","824893",0.387021122113555,4.2,444,"Season event mix across 444 PA","development season-rate baseline","poisson_event_and_binomial_strikeout_baseline_v1",24,"FanGraphs season rates via BaseballR joined to posted batting orders and probable starters. Opponent, park, weather, and lineup-slot adjustments are not yet fitted."
"batter_tb_2plus","2+ total bases",677587,"Brayan Rocchio","CLE","hitter","824406",0.378233475954079,4.2,385,"Season event mix across 385 PA","development season-rate baseline","poisson_event_and_binomial_strikeout_baseline_v1",25,"FanGraphs season rates via BaseballR joined to posted batting orders and probable starters. Opponent, park, weather, and lineup-slot adjustments are not yet fitted."
"batter_tb_2plus","2+ total bases",666018,"Jonathan Aranda","TBR","hitter","822785",0.377916945357072,4.2,435,"Season event mix across 435 PA","development season-rate baseline","poisson_event_and_binomial_strikeout_baseline_v1",26,"FanGraphs season rates via BaseballR joined to posted batting orders and probable starters. Opponent, park, weather, and lineup-slot adjustments are not yet fitted."
"batter_tb_2plus","2+ total bases",686948,"Drake Baldwin","ATL","hitter","824893",0.371250012485805,4.2,348,"Season event mix across 348 PA","development season-rate baseline","poisson_event_and_binomial_strikeout_baseline_v1",27,"FanGraphs season rates via BaseballR joined to posted batting orders and probable starters. Opponent, park, weather, and lineup-slot adjustments are not yet fitted."
"batter_tb_2plus","2+ total bases",691458,"Blaze Jordan","STL","hitter","823042",0.370937651069312,4.2,98,"Season event mix across 98 PA","development season-rate baseline","poisson_event_and_binomial_strikeout_baseline_v1",28,"FanGraphs season rates via BaseballR joined to posted batting orders and probable starters. Opponent, park, weather, and lineup-slot adjustments are not yet fitted."
"batter_tb_2plus","2+ total bases",608070,"José Ramírez","CLE","hitter","824406",0.370790773817934,4.2,319,"Season event mix across 319 PA","development season-rate baseline","poisson_event_and_binomial_strikeout_baseline_v1",29,"FanGraphs season rates via BaseballR joined to posted batting orders and probable starters. Opponent, park, weather, and lineup-slot adjustments are not yet fitted."
"batter_tb_2plus","2+ total bases",802415,"Chandler Simpson","TBR","hitter","822785",0.369321334790604,4.2,379,"Season event mix across 379 PA","development season-rate baseline","poisson_event_and_binomial_strikeout_baseline_v1",30,"FanGraphs season rates via BaseballR joined to posted batting orders and probable starters. Opponent, park, weather, and lineup-slot adjustments are not yet fitted."
"batter_tb_2plus","2+ total bases",665877,"José Fermín","STL","hitter","823042",0.366659463458118,4.2,191,"Season event mix across 191 PA","development season-rate baseline","poisson_event_and_binomial_strikeout_baseline_v1",31,"FanGraphs season rates via BaseballR joined to posted batting orders and probable starters. Opponent, park, weather, and lineup-slot adjustments are not yet fitted."
"batter_tb_2plus","2+ total bases",694374,"Tim Tawa","ARI","hitter","823042",0.362459609858024,4.2,121,"Season event mix across 121 PA","development season-rate baseline","poisson_event_and_binomial_strikeout_baseline_v1",32,"FanGraphs season rates via BaseballR joined to posted batting orders and probable starters. Opponent, park, weather, and lineup-slot adjustments are not yet fitted."
"batter_tb_2plus","2+ total bases",683953,"Travis Bazzana","CLE","hitter","824406",0.361938070164464,4.2,309,"Season event mix across 309 PA","development season-rate baseline","poisson_event_and_binomial_strikeout_baseline_v1",33,"FanGraphs season rates via BaseballR joined to posted batting orders and probable starters. Opponent, park, weather, and lineup-slot adjustments are not yet fitted."
"batter_tb_2plus","2+ total bases",672960,"Kazuma Okamoto","TOR","hitter","822785",0.358684546087175,4.2,404,"Season event mix across 404 PA","development season-rate baseline","poisson_event_and_binomial_strikeout_baseline_v1",34,"FanGraphs season rates via BaseballR joined to posted batting orders and probable starters. Opponent, park, weather, and lineup-slot adjustments are not yet fitted."
"batter_tb_2plus","2+ total bases",683748,"Victor Mesa Jr.","TBR","hitter","822785",0.356751320090671,4.2,120,"Season event mix across 120 PA","development season-rate baseline","poisson_event_and_binomial_strikeout_baseline_v1",35,"FanGraphs season rates via BaseballR joined to posted batting orders and probable starters. Opponent, park, weather, and lineup-slot adjustments are not yet fitted."
"batter_tb_2plus","2+ total bases",657757,"Gavin Sheets","SDP","hitter","824893",0.35125259042777,4.2,339,"Season event mix across 339 PA","development season-rate baseline","poisson_event_and_binomial_strikeout_baseline_v1",36,"FanGraphs season rates via BaseballR joined to posted batting orders and probable starters. Opponent, park, weather, and lineup-slot adjustments are not yet fitted."
"batter_tb_2plus","2+ total bases",592518,"Manny Machado","SDP","hitter","824893",0.350887039551921,4.2,418,"Season event mix across 418 PA","development season-rate baseline","poisson_event_and_binomial_strikeout_baseline_v1",37,"FanGraphs season rates via BaseballR joined to posted batting orders and probable starters. Opponent, park, weather, and lineup-slot adjustments are not yet fitted."
"batter_tb_2plus","2+ total bases",668952,"Ryan Kreidler","MIN","hitter","824406",0.347449657672789,4.2,161,"Season event mix across 161 PA","development season-rate baseline","poisson_event_and_binomial_strikeout_baseline_v1",38,"FanGraphs season rates via BaseballR joined to posted batting orders and probable starters. Opponent, park, weather, and lineup-slot adjustments are not yet fitted."
"batter_tb_2plus","2+ total bases",663457,"Lars Nootbaar","STL","hitter","823042",0.344669769693986,4.2,142,"Season event mix across 142 PA","development season-rate baseline","poisson_event_and_binomial_strikeout_baseline_v1",39,"FanGraphs season rates via BaseballR joined to posted batting orders and probable starters. Opponent, park, weather, and lineup-slot adjustments are not yet fitted."
"batter_tb_2plus","2+ total bases",642086,"Dominic Smith","ATL","hitter","824893",0.342684282562822,4.2,243,"Season event mix across 243 PA","development season-rate baseline","poisson_event_and_binomial_strikeout_baseline_v1",40,"FanGraphs season rates via BaseballR joined to posted batting orders and probable starters. Opponent, park, weather, and lineup-slot adjustments are not yet fitted."
"batter_tb_2plus","2+ total bases",668904,"Royce Lewis","MIN","hitter","824406",0.34185048646715,4.2,277,"Season event mix across 277 PA","development season-rate baseline","poisson_event_and_binomial_strikeout_baseline_v1",41,"FanGraphs season rates via BaseballR joined to posted batting orders and probable starters. Opponent, park, weather, and lineup-slot adjustments are not yet fitted."
"batter_tb_2plus","2+ total bases",701675,"Nathan Church","STL","hitter","823042",0.340657660947093,4.2,271,"Season event mix across 271 PA","development season-rate baseline","poisson_event_and_binomial_strikeout_baseline_v1",42,"FanGraphs season rates via BaseballR joined to posted batting orders and probable starters. Opponent, park, weather, and lineup-slot adjustments are not yet fitted."
"batter_tb_2plus","2+ total bases",690984,"Petey Halpin","CLE","hitter","824406",0.337506855479474,4.2,84,"Season event mix across 84 PA","development season-rate baseline","poisson_event_and_binomial_strikeout_baseline_v1",43,"FanGraphs season rates via BaseballR joined to posted batting orders and probable starters. Opponent, park, weather, and lineup-slot adjustments are not yet fitted."
"batter_tb_2plus","2+ total bases",543807,"George Springer","TOR","hitter","822785",0.337049502891225,4.2,313,"Season event mix across 313 PA","development season-rate baseline","poisson_event_and_binomial_strikeout_baseline_v1",44,"FanGraphs season rates via BaseballR joined to posted batting orders and probable starters. Opponent, park, weather, and lineup-slot adjustments are not yet fitted."
"batter_tb_2plus","2+ total bases",802139,"JJ Wetherholt","STL","hitter","823042",0.335531143453363,4.2,435,"Season event mix across 435 PA","development season-rate baseline","poisson_event_and_binomial_strikeout_baseline_v1",45,"FanGraphs season rates via BaseballR joined to posted batting orders and probable starters. Opponent, park, weather, and lineup-slot adjustments are not yet fitted."
"batter_tb_2plus","2+ total bases",810938,"Ben Williamson","TBR","hitter","822785",0.335167166997251,4.2,237,"Season event mix across 237 PA","development season-rate baseline","poisson_event_and_binomial_strikeout_baseline_v1",46,"FanGraphs season rates via BaseballR joined to posted batting orders and probable starters. Opponent, park, weather, and lineup-slot adjustments are not yet fitted."
"batter_tb_2plus","2+ total bases",665489,"Vladimir Guerrero Jr.","TOR","hitter","822785",0.330042765062289,4.2,411,"Season event mix across 411 PA","development season-rate baseline","poisson_event_and_binomial_strikeout_baseline_v1",47,"FanGraphs season rates via BaseballR joined to posted batting orders and probable starters. Opponent, park, weather, and lineup-slot adjustments are not yet fitted."
"batter_tb_2plus","2+ total bases",573262,"Mike Yastrzemski","ATL","hitter","824893",0.326380959544116,4.2,267,"Season event mix across 267 PA","development season-rate baseline","poisson_event_and_binomial_strikeout_baseline_v1",48,"FanGraphs season rates via BaseballR joined to posted batting orders and probable starters. Opponent, park, weather, and lineup-slot adjustments are not yet fitted."
"batter_tb_2plus","2+ total bases",656555,"Rhys Hoskins","CLE","hitter","824406",0.32553605244693,4.2,276,"Season event mix across 276 PA","development season-rate baseline","poisson_event_and_binomial_strikeout_baseline_v1",49,"FanGraphs season rates via BaseballR joined to posted batting orders and probable starters. Opponent, park, weather, and lineup-slot adjustments are not yet fitted."
"batter_tb_2plus","2+ total bases",807712,"Luke Keaschall","MIN","hitter","824406",0.325534888476096,4.2,375,"Season event mix across 375 PA","development season-rate baseline","poisson_event_and_binomial_strikeout_baseline_v1",50,"FanGraphs season rates via BaseballR joined to posted batting orders and probable starters. Opponent, park, weather, and lineup-slot adjustments are not yet fitted."
"batter_tb_2plus","2+ total bases",663586,"Austin Riley","ATL","hitter","824893",0.313114138830595,4.2,410,"Season event mix across 410 PA","development season-rate baseline","poisson_event_and_binomial_strikeout_baseline_v1",51,"FanGraphs season rates via BaseballR joined to posted batting orders and probable starters. Opponent, park, weather, and lineup-slot adjustments are not yet fitted."
"batter_tb_2plus","2+ total bases",700932,"Kyle Manzardo","CLE","hitter","824406",0.311530064939163,4.2,327,"Season event mix across 327 PA","development season-rate baseline","poisson_event_and_binomial_strikeout_baseline_v1",52,"FanGraphs season rates via BaseballR joined to posted batting orders and probable starters. Opponent, park, weather, and lineup-slot adjustments are not yet fitted."
"batter_tb_2plus","2+ total bases",672386,"Alejandro Kirk","TOR","hitter","822785",0.309662749259283,4.2,114,"Season event mix across 114 PA","development season-rate baseline","poisson_event_and_binomial_strikeout_baseline_v1",53,"FanGraphs season rates via BaseballR joined to posted batting orders and probable starters. Opponent, park, weather, and lineup-slot adjustments are not yet fitted."
"batter_tb_2plus","2+ total bases",680700,"Richie Palacios","TBR","hitter","822785",0.305825952507953,4.2,242,"Season event mix across 242 PA","development season-rate baseline","poisson_event_and_binomial_strikeout_baseline_v1",54,"FanGraphs season rates via BaseballR joined to posted batting orders and probable starters. Opponent, park, weather, and lineup-slot adjustments are not yet fitted."
"batter_tb_2plus","2+ total bases",672695,"Geraldo Perdomo","ARI","hitter","823042",0.304870048714545,4.2,419,"Season event mix across 419 PA","development season-rate baseline","poisson_event_and_binomial_strikeout_baseline_v1",55,"FanGraphs season rates via BaseballR joined to posted batting orders and probable starters. Opponent, park, weather, and lineup-slot adjustments are not yet fitted."
"batter_tb_2plus","2+ total bases",691026,"Masyn Winn","STL","hitter","823042",0.303918688019727,4.2,380,"Season event mix across 380 PA","development season-rate baseline","poisson_event_and_binomial_strikeout_baseline_v1",56,"FanGraphs season rates via BaseballR joined to posted batting orders and probable starters. Opponent, park, weather, and lineup-slot adjustments are not yet fitted."
"batter_tb_2plus","2+ total bases",676439,"Hunter Feduccia","TBR","hitter","822785",0.303493216143962,4.2,146,"Season event mix across 146 PA","development season-rate baseline","poisson_event_and_binomial_strikeout_baseline_v1",57,"FanGraphs season rates via BaseballR joined to posted batting orders and probable starters. Opponent, park, weather, and lineup-slot adjustments are not yet fitted."
"batter_tb_2plus","2+ total bases",668885,"Austin Martin","MIN","hitter","824406",0.297638245004537,4.2,286,"Season event mix across 286 PA","development season-rate baseline","poisson_event_and_binomial_strikeout_baseline_v1",58,"FanGraphs season rates via BaseballR joined to posted batting orders and probable starters. Opponent, park, weather, and lineup-slot adjustments are not yet fitted."
"batter_tb_2plus","2+ total bases",664702,"Myles Straw","TOR","hitter","822785",0.297085895765833,4.2,176,"Season event mix across 176 PA","development season-rate baseline","poisson_event_and_binomial_strikeout_baseline_v1",59,"FanGraphs season rates via BaseballR joined to posted batting orders and probable starters. Opponent, park, weather, and lineup-slot adjustments are not yet fitted."
"batter_tb_2plus","2+ total bases",680728,"Adrian Del Castillo","ARI","hitter","823042",0.291450170888478,4.2,168,"Season event mix across 168 PA","development season-rate baseline","poisson_event_and_binomial_strikeout_baseline_v1",60,"FanGraphs season rates via BaseballR joined to posted batting orders and probable starters. Opponent, park, weather, and lineup-slot adjustments are not yet fitted."
"batter_tb_2plus","2+ total bases",680757,"Steven Kwan","CLE","hitter","824406",0.284546546918286,4.2,379,"Season event mix across 379 PA","development season-rate baseline","poisson_event_and_binomial_strikeout_baseline_v1",61,"FanGraphs season rates via BaseballR joined to posted batting orders and probable starters. Opponent, park, weather, and lineup-slot adjustments are not yet fitted."
"batter_tb_2plus","2+ total bases",593428,"Xander Bogaerts","SDP","hitter","824893",0.281199245760163,4.2,389,"Season event mix across 389 PA","development season-rate baseline","poisson_event_and_binomial_strikeout_baseline_v1",62,"FanGraphs season rates via BaseballR joined to posted batting orders and probable starters. Opponent, park, weather, and lineup-slot adjustments are not yet fitted."
"batter_tb_2plus","2+ total bases",699625,"Jimmy Crooks","STL","hitter","823042",0.26842917605511,4.2,81,"Season event mix across 81 PA","development season-rate baseline","poisson_event_and_binomial_strikeout_baseline_v1",63,"FanGraphs season rates via BaseballR joined to posted batting orders and probable starters. Opponent, park, weather, and lineup-slot adjustments are not yet fitted."
"batter_tb_2plus","2+ total bases",676914,"Davis Schneider","TOR","hitter","822785",0.267603283791087,4.2,118,"Season event mix across 118 PA","development season-rate baseline","poisson_event_and_binomial_strikeout_baseline_v1",64,"FanGraphs season rates via BaseballR joined to posted batting orders and probable starters. Opponent, park, weather, and lineup-slot adjustments are not yet fitted."
"batter_tb_2plus","2+ total bases",666023,"Freddy Fermin","SDP","hitter","824893",0.266992833513798,4.2,169,"Season event mix across 169 PA","development season-rate baseline","poisson_event_and_binomial_strikeout_baseline_v1",65,"FanGraphs season rates via BaseballR joined to posted batting orders and probable starters. Opponent, park, weather, and lineup-slot adjustments are not yet fitted."
"batter_tb_2plus","2+ total bases",630105,"Jake Cronenworth","SDP","hitter","824893",0.262067352344467,4.2,183,"Season event mix across 183 PA","development season-rate baseline","poisson_event_and_binomial_strikeout_baseline_v1",66,"FanGraphs season rates via BaseballR joined to posted batting orders and probable starters. Opponent, park, weather, and lineup-slot adjustments are not yet fitted."
"pitcher_k_5plus","5+ strikeouts",668909,"Gavin Williams","CLE","pitcher","824406",0.88694897351648,24.25,119.333333333333,"29.9% K across 119.1 IP","development season-rate baseline","poisson_event_and_binomial_strikeout_baseline_v1",1,"FanGraphs season rates via BaseballR joined to posted batting orders and probable starters. Opponent, park, weather, and lineup-slot adjustments are not yet fitted."
"pitcher_k_5plus","5+ strikeouts",519242,"Chris Sale","ATL","pitcher","824893",0.864972441797149,23.6666666666667,105,"28.9% K across 105.0 IP","development season-rate baseline","poisson_event_and_binomial_strikeout_baseline_v1",2,"FanGraphs season rates via BaseballR joined to posted batting orders and probable starters. Opponent, park, weather, and lineup-slot adjustments are not yet fitted."
"pitcher_k_5plus","5+ strikeouts",671737,"Taj Bradley","MIN","pitcher","824406",0.822375043643327,24,107.666666666667,"27.2% K across 107.2 IP","development season-rate baseline","poisson_event_and_binomial_strikeout_baseline_v1",3,"FanGraphs season rates via BaseballR joined to posted batting orders and probable starters. Opponent, park, weather, and lineup-slot adjustments are not yet fitted."
"pitcher_k_5plus","5+ strikeouts",675512,"Troy Melton","DET","pitcher","824247",0.70023708461381,23.5555555555556,55,"23.6% K across  55.0 IP","development season-rate baseline","poisson_event_and_binomial_strikeout_baseline_v1",4,"FanGraphs season rates via BaseballR joined to posted batting orders and probable starters. Opponent, park, weather, and lineup-slot adjustments are not yet fitted."
"pitcher_k_5plus","5+ strikeouts",694297,"Brandon Pfaadt","ARI","pitcher","823042",0.612539767456535,30,59,"17.3% K across  59.0 IP","development season-rate baseline","poisson_event_and_binomial_strikeout_baseline_v1",5,"FanGraphs season rates via BaseballR joined to posted batting orders and probable starters. Opponent, park, weather, and lineup-slot adjustments are not yet fitted."
"pitcher_k_5plus","5+ strikeouts",669456,"Shane Bieber","TOR","pitcher","822785",0.342534839565787,21.6,23.6666666666667,"17.6% K across  23.2 IP","development season-rate baseline","poisson_event_and_binomial_strikeout_baseline_v1",6,"FanGraphs season rates via BaseballR joined to posted batting orders and probable starters. Opponent, park, weather, and lineup-slot adjustments are not yet fitted."
"pitcher_k_5plus","5+ strikeouts",700241,"Michael McGreevy","STL","pitcher","823042",0.297965200137929,22.4736842105263,108,"16.6% K across 108.0 IP","development season-rate baseline","poisson_event_and_binomial_strikeout_baseline_v1",7,"FanGraphs season rates via BaseballR joined to posted batting orders and probable starters. Opponent, park, weather, and lineup-slot adjustments are not yet fitted."
"pitcher_k_7plus","7+ strikeouts",668909,"Gavin Williams","CLE","pitcher","824406",0.60729348210998,24.25,119.333333333333,"29.9% K across 119.1 IP","development season-rate baseline","poisson_event_and_binomial_strikeout_baseline_v1",1,"FanGraphs season rates via BaseballR joined to posted batting orders and probable starters. Opponent, park, weather, and lineup-slot adjustments are not yet fitted."
"pitcher_k_7plus","7+ strikeouts",519242,"Chris Sale","ATL","pitcher","824893",0.563945264967615,23.6666666666667,105,"28.9% K across 105.0 IP","development season-rate baseline","poisson_event_and_binomial_strikeout_baseline_v1",2,"FanGraphs season rates via BaseballR joined to posted batting orders and probable starters. Opponent, park, weather, and lineup-slot adjustments are not yet fitted."
"pitcher_k_7plus","7+ strikeouts",671737,"Taj Bradley","MIN","pitcher","824406",0.49042694735083,24,107.666666666667,"27.2% K across 107.2 IP","development season-rate baseline","poisson_event_and_binomial_strikeout_baseline_v1",3,"FanGraphs season rates via BaseballR joined to posted batting orders and probable starters. Opponent, park, weather, and lineup-slot adjustments are not yet fitted."
"pitcher_k_7plus","7+ strikeouts",675512,"Troy Melton","DET","pitcher","824247",0.330314260267451,23.5555555555556,55,"23.6% K across  55.0 IP","development season-rate baseline","poisson_event_and_binomial_strikeout_baseline_v1",4,"FanGraphs season rates via BaseballR joined to posted batting orders and probable starters. Opponent, park, weather, and lineup-slot adjustments are not yet fitted."
"pitcher_k_7plus","7+ strikeouts",694297,"Brandon Pfaadt","ARI","pitcher","823042",0.254372675943432,30,59,"17.3% K across  59.0 IP","development season-rate baseline","poisson_event_and_binomial_strikeout_baseline_v1",5,"FanGraphs season rates via BaseballR joined to posted batting orders and probable starters. Opponent, park, weather, and lineup-slot adjustments are not yet fitted."
"pitcher_k_7plus","7+ strikeouts",669456,"Shane Bieber","TOR","pitcher","822785",0.0771263183164227,21.6,23.6666666666667,"17.6% K across  23.2 IP","development season-rate baseline","poisson_event_and_binomial_strikeout_baseline_v1",6,"FanGraphs season rates via BaseballR joined to posted batting orders and probable starters. Opponent, park, weather, and lineup-slot adjustments are not yet fitted."
"pitcher_k_7plus","7+ strikeouts",700241,"Michael McGreevy","STL","pitcher","823042",0.059894151224835,22.4736842105263,108,"16.6% K across 108.0 IP","development season-rate baseline","poisson_event_and_binomial_strikeout_baseline_v1",7,"FanGraphs season rates via BaseballR joined to posted batting orders and probable starters. Opponent, park, weather, and lineup-slot adjustments are not yet fitted."
