"note_id","report_date","category","subject_id","subject_name","historical_date","years_ago","headline","body","evidence_source","rarity","magnitude","timeliness","relevance","confidence","novelty","career_significance_score","recognition_tier","career_summary","recognition","historical_importance","broadcast_value","story_score","score_method","generated_at_utc"
"debut_anniversary_doylela01_2026-07-22","2026-07-22","debut_anniversary","doylela01","Larry Doyle",1907-07-22,119,"Larry Doyle: 119 years since MLB debut","Larry Doyle's MLB debut came 119 years ago today, on 1907-07-22. Larry Doyle finished with 1,887 hits, 74 home runs.","People$debut",1,1,1,0.55,1,0.8,46.1,"notable","Larry Doyle finished with 1,887 hits, 74 home runs.",0.461,1,0.64965,78.9,"sabrhood_historical_story_score_v2","2026-07-22 16:54:18 UTC"
"final_game_anniversary_meuseir01_2026-07-22","2026-07-22","final_game_anniversary","meuseir01","Irish Meusel",1927-07-22,99,"Irish Meusel: 99 years since final MLB appearance","Irish Meusel's final MLB appearance came 99 years ago today, on 1927-07-22. Irish Meusel finished with 1,521 hits, 106 home runs.","People$finalGame",1,1,1,0.55,1,0.8,39.8,"established","Irish Meusel finished with 1,521 hits, 106 home runs.",0.398,1,0.6087,76.6,"sabrhood_historical_story_score_v2","2026-07-22 16:54:18 UTC"
"final_game_anniversary_burnsto01_2026-07-22","2026-07-22","final_game_anniversary","burnsto01","Tom Burns",1892-07-22,134,"Tom Burns: 134 years since final MLB appearance","Tom Burns's final MLB appearance came 134 years ago today, on 1892-07-22. Tom Burns finished with 1,307 hits, 39 home runs.","People$finalGame",1,1,1,0.55,1,0.8,33.7,"established","Tom Burns finished with 1,307 hits, 39 home runs.",0.337,1,0.56905,74.2,"sabrhood_historical_story_score_v2","2026-07-22 16:54:18 UTC"
"debut_anniversary_demarfr02_2026-07-22","2026-07-22","debut_anniversary","demarfr02","Frank Demaree",1932-07-22,94,"Frank Demaree: 94 years since MLB debut","Frank Demaree's MLB debut came 94 years ago today, on 1932-07-22. Frank Demaree finished with 2 All-Star selections, 1,241 hits, 72 home runs.","People$debut",1,1,1,0.55,1,0.8,32.8,"established","Frank Demaree finished with 2 All-Star selections, 1,241 hits, 72 home runs.",0.328,1,0.5632,73.8,"sabrhood_historical_story_score_v2","2026-07-22 16:54:18 UTC"
"final_game_anniversary_kitsofr01_2026-07-22","2026-07-22","final_game_anniversary","kitsofr01","Frank Kitson",1907-07-22,119,"Frank Kitson: 119 years since final MLB appearance","Frank Kitson's final MLB appearance came 119 years ago today, on 1907-07-22. Frank Kitson finished with 129 wins, 736 strikeouts.","People$finalGame",1,1,1,0.55,1,0.8,28.9,"established","Frank Kitson finished with 129 wins, 736 strikeouts.",0.289,1,0.53785,72.1,"sabrhood_historical_story_score_v2","2026-07-22 16:54:18 UTC"
"final_game_anniversary_mcculcl01_2026-07-22","2026-07-22","final_game_anniversary","mcculcl01","Clyde McCullough",1956-07-22,70,"Clyde McCullough: 70 years since final MLB appearance","Clyde McCullough's final MLB appearance came 70 years ago today, on 1956-07-22. Clyde McCullough finished with 2 All-Star selections, 785 hits, 52 home runs.","People$finalGame",1,1,1,0.55,1,0.8,26.5,"established","Clyde McCullough finished with 2 All-Star selections, 785 hits, 52 home runs.",0.265,0.91,0.52225,70.1,"sabrhood_historical_story_score_v2","2026-07-22 16:54:18 UTC"
"final_game_anniversary_sutclri01_2026-07-22","2026-07-22","final_game_anniversary","sutclri01","Rick Sutcliffe",1994-07-22,32,"Rick Sutcliffe: 32 years since final MLB appearance","Rick Sutcliffe's final MLB appearance came 32 years ago today, on 1994-07-22. Rick Sutcliffe finished with 3 All-Star selections, 171 wins, 1,679 strikeouts.","People$finalGame",0.706,0.67,1,0.55,1,0.8,47.9,"notable","Rick Sutcliffe finished with 3 All-Star selections, 171 wins, 1,679 strikeouts.",0.479,0.606,0.66135,69.4,"sabrhood_historical_story_score_v2","2026-07-22 16:54:18 UTC"
"final_game_anniversary_esterdu01_2026-07-22","2026-07-22","final_game_anniversary","esterdu01","Dude Esterbrook",1891-07-22,135,"Dude Esterbrook: 135 years since final MLB appearance","Dude Esterbrook's final MLB appearance came 135 years ago today, on 1891-07-22. Dude Esterbrook finished with 741 hits, 6 home runs.","People$finalGame",1,1,1,0.55,1,0.8,22.2,"established","Dude Esterbrook finished with 741 hits, 6 home runs.",0.222,1,0.4943,68.7,"sabrhood_historical_story_score_v2","2026-07-22 16:54:18 UTC"
"debut_anniversary_zitoba01_2026-07-22","2026-07-22","debut_anniversary","zitoba01","Barry Zito",2000-07-22,26,"Barry Zito: 26 years since MLB debut","Barry Zito's MLB debut came 26 years ago today, on 2000-07-22. Barry Zito finished with 3 All-Star selections, 165 wins, 1,885 strikeouts.","People$debut",0.658,0.62275,1,0.55,1,0.8,49.7,"notable","Barry Zito finished with 3 All-Star selections, 165 wins, 1,885 strikeouts.",0.497,0.558,0.67305,68.3,"sabrhood_historical_story_score_v2","2026-07-22 16:54:18 UTC"
"final_game_anniversary_clonito01_2026-07-22","2026-07-22","final_game_anniversary","clonito01","Tony Cloninger",1972-07-22,54,"Tony Cloninger: 54 years since final MLB appearance","Tony Cloninger's final MLB appearance came 54 years ago today, on 1972-07-22. Tony Cloninger finished with 113 wins, 1,120 strikeouts.","People$finalGame",0.882,0.89,1,0.55,1,0.8,28.5,"established","Tony Cloninger finished with 113 wins, 1,120 strikeouts.",0.285,0.782,0.53525,68.1,"sabrhood_historical_story_score_v2","2026-07-22 16:54:18 UTC"
"final_game_anniversary_otoolji01_2026-07-22","2026-07-22","final_game_anniversary","otoolji01","Jim O'Toole",1967-07-22,59,"Jim O'Toole: 59 years since final MLB appearance","Jim O'Toole's final MLB appearance came 59 years ago today, on 1967-07-22. Jim O'Toole finished with 1 All-Star selections, 98 wins, 1,039 strikeouts.","People$finalGame",0.922,0.94,1,0.55,1,0.8,25.8,"established","Jim O'Toole finished with 1 All-Star selections, 98 wins, 1,039 strikeouts.",0.258,0.822,0.5177,67.9,"sabrhood_historical_story_score_v2","2026-07-22 16:54:18 UTC"
"debut_anniversary_bassech01_2026-07-22","2026-07-22","debut_anniversary","bassech01","Charley Bassett",1884-07-22,142,"Charley Bassett: 142 years since MLB debut","Charley Bassett's MLB debut came 142 years ago today, on 1884-07-22. Charley Bassett finished with 806 hits, 15 home runs.","People$debut",1,1,1,0.55,1,0.8,20.4,"established","Charley Bassett finished with 806 hits, 15 home runs.",0.204,1,0.4826,67.6,"sabrhood_historical_story_score_v2","2026-07-22 16:54:18 UTC"
"final_game_anniversary_smithha08_2026-07-22","2026-07-22","final_game_anniversary","smithha08","Hal Smith (born 1930)",1964-07-22,62,"Hal Smith (born 1930): 62 years since final MLB appearance","Hal Smith (born 1930)'s final MLB appearance came 62 years ago today, on 1964-07-22. Hal Smith (born 1930) finished with 715 hits, 58 home runs.","People$finalGame",0.946,0.97,1,0.55,1,0.8,20.1,"established","Hal Smith (born 1930) finished with 715 hits, 58 home runs.",0.201,0.846,0.48065,65.5,"sabrhood_historical_story_score_v2","2026-07-22 16:54:18 UTC"
"final_game_anniversary_paddeto01_2026-07-22","2026-07-22","final_game_anniversary","paddeto01","Tom Padden",1943-07-22,83,"Tom Padden: 83 years since final MLB appearance","Tom Padden's final MLB appearance came 83 years ago today, on 1943-07-22. Tom Padden finished with 318 hits, 2 home runs.","People$finalGame",1,1,1,0.55,1,0.8,15.4,"limited","Tom Padden finished with 318 hits, 2 home runs.",0.154,1,0.4501,64.4,"sabrhood_historical_story_score_v2","2026-07-22 16:54:18 UTC"
"debut_anniversary_wickebo01_2026-07-22","2026-07-22","debut_anniversary","wickebo01","Bob Wicker",1901-07-22,125,"Bob Wicker: 125 years since MLB debut","Bob Wicker's MLB debut came 125 years ago today, on 1901-07-22. Bob Wicker finished with 64 wins, 472 strikeouts.","People$debut",1,1,1,0.55,1,0.8,15.2,"limited","Bob Wicker finished with 64 wins, 472 strikeouts.",0.152,1,0.4488,64.3,"sabrhood_historical_story_score_v2","2026-07-22 16:54:18 UTC"
"final_game_anniversary_stairma01_2026-07-22","2026-07-22","final_game_anniversary","stairma01","Matt Stairs",2011-07-22,15,"Matt Stairs: 15 years since final MLB appearance","Matt Stairs's final MLB appearance came 15 years ago today, on 2011-07-22. Matt Stairs finished with 1,366 hits, 265 home runs.","People$finalGame",0.57,0.565,1,0.55,1,0.8,42,"notable","Matt Stairs finished with 1,366 hits, 265 home runs.",0.42,0.47,0.623,63.2,"sabrhood_historical_story_score_v2","2026-07-22 16:54:18 UTC"
"final_game_anniversary_matsuhi01_2026-07-22","2026-07-22","final_game_anniversary","matsuhi01","Hideki Matsui",2012-07-22,14,"Hideki Matsui: 14 years since final MLB appearance","Hideki Matsui's final MLB appearance came 14 years ago today, on 2012-07-22. Hideki Matsui finished with 2 All-Star selections, 1,253 hits, 175 home runs.","People$finalGame",0.562,0.5485,1,0.55,1,0.8,39.8,"established","Hideki Matsui finished with 2 All-Star selections, 1,253 hits, 175 home runs.",0.398,0.462,0.6087,62.1,"sabrhood_historical_story_score_v2","2026-07-22 16:54:18 UTC"
"final_game_anniversary_vioxji01_2026-07-22","2026-07-22","final_game_anniversary","vioxji01","Jim Viox",1916-07-22,110,"Jim Viox: 110 years since final MLB appearance","Jim Viox's final MLB appearance came 110 years ago today, on 1916-07-22. Jim Viox finished with 465 hits, 7 home runs.","People$finalGame",1,1,1,0.55,1,0.8,11.8,"limited","Jim Viox finished with 465 hits, 7 home runs.",0.118,1,0.4267,61.6,"sabrhood_historical_story_score_v2","2026-07-22 16:54:18 UTC"
"debut_anniversary_delahmi01_2026-07-22","2026-07-22","debut_anniversary","delahmi01","Miguel de la Hoz",1960-07-22,66,"Miguel de la Hoz: 66 years since MLB debut","Miguel de la Hoz's MLB debut came 66 years ago today, on 1960-07-22. Miguel de la Hoz finished with 280 hits, 25 home runs.","People$debut",0.978,1,1,0.55,1,0.8,13.1,"limited","Miguel de la Hoz finished with 280 hits, 25 home runs.",0.131,0.878,0.43515,61.5,"sabrhood_historical_story_score_v2","2026-07-22 16:54:18 UTC"
"final_game_anniversary_harrera01_2026-07-22","2026-07-22","final_game_anniversary","harrera01","Ray Harrell",1945-07-22,81,"Ray Harrell: 81 years since final MLB appearance","Ray Harrell's final MLB appearance came 81 years ago today, on 1945-07-22. Ray Harrell finished with 9 wins, 136 strikeouts.","People$finalGame",1,1,1,0.55,1,0.8,11.7,"limited","Ray Harrell finished with 9 wins, 136 strikeouts.",0.117,0.998,0.42605,61.4,"sabrhood_historical_story_score_v2","2026-07-22 16:54:18 UTC"
"final_game_anniversary_oconnpa02_2026-07-22","2026-07-22","final_game_anniversary","oconnpa02","Paddy O'Connor",1918-07-22,108,"Paddy O'Connor: 108 years since final MLB appearance","Paddy O'Connor's final MLB appearance came 108 years ago today, on 1918-07-22. Paddy O'Connor finished with 60 hits, 0 home runs.","People$finalGame",1,1,1,0.55,1,0.8,10.5,"limited","Paddy O'Connor finished with 60 hits, 0 home runs.",0.105,1,0.41825,60.4,"sabrhood_historical_story_score_v2","2026-07-22 16:54:18 UTC"
"debut_anniversary_boozejo01_2026-07-22","2026-07-22","debut_anniversary","boozejo01","John Boozer",1962-07-22,64,"John Boozer: 64 years since MLB debut","John Boozer's MLB debut came 64 years ago today, on 1962-07-22. John Boozer finished with 14 wins, 282 strikeouts.","People$debut",0.962,0.99,1,0.55,1,0.8,11.4,"limited","John Boozer finished with 14 wins, 282 strikeouts.",0.114,0.862,0.4241,59.8,"sabrhood_historical_story_score_v2","2026-07-22 16:54:18 UTC"
"debut_anniversary_kipnija01_2026-07-22","2026-07-22","debut_anniversary","kipnija01","Jason Kipnis",2011-07-22,15,"Jason Kipnis: 15 years since MLB debut","Jason Kipnis's MLB debut came 15 years ago today, on 2011-07-22. Jason Kipnis finished with 2 All-Star selections, 1,147 hits, 126 home runs.","People$debut",0.57,0.5,1,0.55,1,0.8,30.8,"established","Jason Kipnis finished with 2 All-Star selections, 1,147 hits, 126 home runs.",0.308,0.47,0.5502,58.8,"sabrhood_historical_story_score_v2","2026-07-22 16:54:18 UTC"
"final_game_anniversary_dipinfr01_2026-07-22","2026-07-22","final_game_anniversary","dipinfr01","Frank DiPino",1993-07-22,33,"Frank DiPino: 33 years since final MLB appearance","Frank DiPino's final MLB appearance came 33 years ago today, on 1993-07-22. Frank DiPino finished with 35 wins, 515 strikeouts.","People$finalGame",0.714,0.68,1,0.55,1,0.8,19.3,"limited","Frank DiPino finished with 35 wins, 515 strikeouts.",0.193,0.614,0.47545,58.8,"sabrhood_historical_story_score_v2","2026-07-22 16:54:18 UTC"
"debut_anniversary_balfogr01_2026-07-22","2026-07-22","debut_anniversary","balfogr01","Grant Balfour",2001-07-22,25,"Grant Balfour: 25 years since MLB debut","Grant Balfour's MLB debut came 25 years ago today, on 2001-07-22. Grant Balfour finished with 1 All-Star selections, 30 wins, 571 strikeouts.","People$debut",0.65,0.6,1,0.55,1,0.8,22.9,"established","Grant Balfour finished with 1 All-Star selections, 30 wins, 571 strikeouts.",0.229,0.55,0.49885,58.5,"sabrhood_historical_story_score_v2","2026-07-22 16:54:18 UTC"
"final_game_anniversary_bergehe01_2026-07-22","2026-07-22","final_game_anniversary","bergehe01","Heinie Berger",1910-07-22,116,"Heinie Berger: 116 years since final MLB appearance","Heinie Berger's final MLB appearance came 116 years ago today, on 1910-07-22. Heinie Berger finished with 32 wins, 337 strikeouts.","People$finalGame",1,1,1,0.55,1,0.8,8.7,"limited","Heinie Berger finished with 32 wins, 337 strikeouts.",0.087,1,0.40655,58.5,"sabrhood_historical_story_score_v2","2026-07-22 16:54:18 UTC"
"debut_anniversary_villajo01_2026-07-22","2026-07-22","debut_anniversary","villajo01","Jonathan Villar",2013-07-22,13,"Jonathan Villar: 13 years since MLB debut","Jonathan Villar's MLB debut came 13 years ago today, on 2013-07-22. Jonathan Villar finished with 899 hits, 101 home runs.","People$debut",0.554,0.484,1,0.55,1,0.8,31.2,"established","Jonathan Villar finished with 899 hits, 101 home runs.",0.312,0.454,0.5528,58.3,"sabrhood_historical_story_score_v2","2026-07-22 16:54:18 UTC"
"final_game_anniversary_dyckji01_2026-07-22","2026-07-22","final_game_anniversary","dyckji01","Jim Dyck",1956-07-22,70,"Jim Dyck: 70 years since final MLB appearance","Jim Dyck's final MLB appearance came 70 years ago today, on 1956-07-22. Jim Dyck finished with 242 hits, 26 home runs.","People$finalGame",1,1,1,0.55,1,0.8,9,"limited","Jim Dyck finished with 242 hits, 26 home runs.",0.09,0.91,0.4085,58.2,"sabrhood_historical_story_score_v2","2026-07-22 16:54:18 UTC"
"final_game_anniversary_beckzi01_2026-07-22","2026-07-22","final_game_anniversary","beckzi01","Zinn Beck",1918-07-22,108,"Zinn Beck: 108 years since final MLB appearance","Zinn Beck's final MLB appearance came 108 years ago today, on 1918-07-22. Zinn Beck finished with 204 hits, 3 home runs.","People$finalGame",1,1,1,0.55,1,0.8,8.4,"limited","Zinn Beck finished with 204 hits, 3 home runs.",0.084,1,0.4046,58.2,"sabrhood_historical_story_score_v2","2026-07-22 16:54:18 UTC"
"final_game_anniversary_mariore01_2026-07-22","2026-07-22","final_game_anniversary","mariore01","Red Marion",1943-07-22,83,"Red Marion: 83 years since final MLB appearance","Red Marion's final MLB appearance came 83 years ago today, on 1943-07-22. Red Marion finished with 5 hits, 1 home runs.","People$finalGame",1,1,1,0.55,1,0.8,7.9,"limited","Red Marion finished with 5 hits, 1 home runs.",0.08,1,0.402,57.7,"sabrhood_historical_story_score_v2","2026-07-22 16:54:18 UTC"
"final_game_anniversary_millege01_2026-07-22","2026-07-22","final_game_anniversary","millege01","George Miller (born 1853)",1884-07-22,142,"George Miller (born 1853): 142 years since final MLB appearance","George Miller (born 1853)'s final MLB appearance came 142 years ago today, on 1884-07-22. George Miller (born 1853) finished with 11 hits, 0 home runs.","People$finalGame",1,1,1,0.55,1,0.8,7.1,"limited","George Miller (born 1853) finished with 11 hits, 0 home runs.",0.08,1,0.402,57.7,"sabrhood_historical_story_score_v2","2026-07-22 16:54:18 UTC"
"debut_anniversary_sayji01_2026-07-22","2026-07-22","debut_anniversary","sayji01","Jimmy Say",1882-07-22,144,"Jimmy Say: 144 years since MLB debut","Jimmy Say's MLB debut came 144 years ago today, on 1882-07-22. Jimmy Say finished with 57 hits, 1 home runs.","People$debut",1,1,1,0.55,1,0.8,6.1,"limited","Jimmy Say finished with 57 hits, 1 home runs.",0.08,1,0.402,57.7,"sabrhood_historical_story_score_v2","2026-07-22 16:54:18 UTC"
"debut_anniversary_conwadi01_2026-07-22","2026-07-22","debut_anniversary","conwadi01","Dick Conway",1886-07-22,140,"Dick Conway: 140 years since MLB debut","Dick Conway's MLB debut came 140 years ago today, on 1886-07-22. Dick Conway finished with 15 wins, 121 strikeouts.","People$debut",1,1,1,0.55,1,0.8,5,"limited","Dick Conway finished with 15 wins, 121 strikeouts.",0.08,1,0.402,57.7,"sabrhood_historical_story_score_v2","2026-07-22 16:54:18 UTC"
"debut_anniversary_barneed01_2026-07-22","2026-07-22","debut_anniversary","barneed01","Ed Barney",1915-07-22,111,"Ed Barney: 111 years since MLB debut","Ed Barney's MLB debut came 111 years ago today, on 1915-07-22. Ed Barney finished with 61 hits, 0 home runs.","People$debut",1,1,1,0.55,1,0.8,3.3,"limited","Ed Barney finished with 61 hits, 0 home runs.",0.08,1,0.402,57.7,"sabrhood_historical_story_score_v2","2026-07-22 16:54:18 UTC"
"final_game_anniversary_signewa01_2026-07-22","2026-07-22","final_game_anniversary","signewa01","Walter Signer",1945-07-22,81,"Walter Signer: 81 years since final MLB appearance","Walter Signer's final MLB appearance came 81 years ago today, on 1945-07-22. Walter Signer finished with 2 wins, 5 strikeouts.","People$finalGame",1,1,1,0.55,1,0.8,2.9,"limited","Walter Signer finished with 2 wins, 5 strikeouts.",0.08,0.998,0.402,57.7,"sabrhood_historical_story_score_v2","2026-07-22 16:54:18 UTC"
"debut_anniversary_wrighda01_2026-07-22","2026-07-22","debut_anniversary","wrighda01","Dave Wright",1895-07-22,131,"Dave Wright: 131 years since MLB debut","Dave Wright's MLB debut came 131 years ago today, on 1895-07-22. Dave Wright finished with 1 wins, 4 strikeouts.","People$debut",1,1,1,0.55,1,0.8,2.8,"limited","Dave Wright finished with 1 wins, 4 strikeouts.",0.08,1,0.402,57.7,"sabrhood_historical_story_score_v2","2026-07-22 16:54:18 UTC"
"debut_anniversary_sheehbi01_2026-07-22","2026-07-22","debut_anniversary","sheehbi01","Timothy Sheehan",1895-07-22,131,"Timothy Sheehan: 131 years since MLB debut","Timothy Sheehan's MLB debut came 131 years ago today, on 1895-07-22. Timothy Sheehan finished with 60 hits, 1 home runs.","People$debut",1,1,1,0.55,1,0.8,2.7,"limited","Timothy Sheehan finished with 60 hits, 1 home runs.",0.08,1,0.402,57.7,"sabrhood_historical_story_score_v2","2026-07-22 16:54:18 UTC"
"final_game_anniversary_gyseldi01_2026-07-22","2026-07-22","final_game_anniversary","gyseldi01","Dick Gyselman",1934-07-22,92,"Dick Gyselman: 92 years since final MLB appearance","Dick Gyselman's final MLB appearance came 92 years ago today, on 1934-07-22. Dick Gyselman finished with 43 hits, 0 home runs.","People$finalGame",1,1,1,0.55,1,0.8,2.4,"limited","Dick Gyselman finished with 43 hits, 0 home runs.",0.08,1,0.402,57.7,"sabrhood_historical_story_score_v2","2026-07-22 16:54:18 UTC"
"debut_anniversary_oconnpa01_2026-07-22","2026-07-22","debut_anniversary","oconnpa01","Pat O'Connell",1886-07-22,140,"Pat O'Connell: 140 years since MLB debut","Pat O'Connell's MLB debut came 140 years ago today, on 1886-07-22. Pat O'Connell finished with 30 hits, 0 home runs.","People$debut",1,1,1,0.55,1,0.8,1.8,"limited","Pat O'Connell finished with 30 hits, 0 home runs.",0.08,1,0.402,57.7,"sabrhood_historical_story_score_v2","2026-07-22 16:54:18 UTC"
"final_game_anniversary_omearto01_2026-07-22","2026-07-22","final_game_anniversary","omearto01","Eddie O'Meara",1896-07-22,130,"Eddie O'Meara: 130 years since final MLB appearance","Eddie O'Meara's final MLB appearance came 130 years ago today, on 1896-07-22. Eddie O'Meara finished with 5 hits, 0 home runs.","People$finalGame",1,1,1,0.55,1,0.8,1.8,"limited","Eddie O'Meara finished with 5 hits, 0 home runs.",0.08,1,0.402,57.7,"sabrhood_historical_story_score_v2","2026-07-22 16:54:18 UTC"
"final_game_anniversary_milledu02_2026-07-22","2026-07-22","final_game_anniversary","milledu02","Dusty Miller (born 1876)",1902-07-22,124,"Dusty Miller (born 1876): 124 years since final MLB appearance","Dusty Miller (born 1876)'s final MLB appearance came 124 years ago today, on 1902-07-22. Dusty Miller (born 1876) finished with 46 hits, 0 home runs.","People$finalGame",1,1,1,0.55,1,0.8,1.8,"limited","Dusty Miller (born 1876) finished with 46 hits, 0 home runs.",0.08,1,0.402,57.7,"sabrhood_historical_story_score_v2","2026-07-22 16:54:18 UTC"
"final_game_anniversary_mansejo01_2026-07-22","2026-07-22","final_game_anniversary","mansejo01","John Mansell",1882-07-22,144,"John Mansell: 144 years since final MLB appearance","John Mansell's final MLB appearance came 144 years ago today, on 1882-07-22. John Mansell finished with 30 hits, 0 home runs.","People$finalGame",1,1,1,0.55,1,0.8,1.4,"limited","John Mansell finished with 30 hits, 0 home runs.",0.08,1,0.402,57.7,"sabrhood_historical_story_score_v2","2026-07-22 16:54:18 UTC"
"final_game_anniversary_smithha04_2026-07-22","2026-07-22","final_game_anniversary","smithha04","Happy Smith",1910-07-22,116,"Happy Smith: 116 years since final MLB appearance","Happy Smith's final MLB appearance came 116 years ago today, on 1910-07-22. Happy Smith finished with 18 hits, 0 home runs.","People$finalGame",1,1,1,0.55,1,0.8,1.2,"limited","Happy Smith finished with 18 hits, 0 home runs.",0.08,1,0.402,57.7,"sabrhood_historical_story_score_v2","2026-07-22 16:54:18 UTC"
"debut_anniversary_hopkibu01_2026-07-22","2026-07-22","debut_anniversary","hopkibu01","Buck Hopkins",1907-07-22,119,"Buck Hopkins: 119 years since MLB debut","Buck Hopkins's MLB debut came 119 years ago today, on 1907-07-22. Buck Hopkins finished with 6 hits, 0 home runs.","People$debut",1,1,1,0.55,1,0.8,1.1,"limited","Buck Hopkins finished with 6 hits, 0 home runs.",0.08,1,0.402,57.7,"sabrhood_historical_story_score_v2","2026-07-22 16:54:18 UTC"
"final_game_anniversary_bartoda01_2026-07-22","2026-07-22","final_game_anniversary","bartoda01","Dave Bartosch",1945-07-22,81,"Dave Bartosch: 81 years since final MLB appearance","Dave Bartosch's final MLB appearance came 81 years ago today, on 1945-07-22. Dave Bartosch finished with 12 hits, 0 home runs.","People$finalGame",1,1,1,0.55,1,0.8,1.1,"limited","Dave Bartosch finished with 12 hits, 0 home runs.",0.08,0.998,0.402,57.7,"sabrhood_historical_story_score_v2","2026-07-22 16:54:18 UTC"
"debut_anniversary_ryderto01_2026-07-22","2026-07-22","debut_anniversary","ryderto01","Tom Ryder",1884-07-22,142,"Tom Ryder: 142 years since MLB debut","Tom Ryder's MLB debut came 142 years ago today, on 1884-07-22. Tom Ryder finished with 7 hits, 0 home runs.","People$debut",1,1,1,0.55,1,0.8,1,"limited","Tom Ryder finished with 7 hits, 0 home runs.",0.08,1,0.402,57.7,"sabrhood_historical_story_score_v2","2026-07-22 16:54:18 UTC"
"final_game_anniversary_vadebge01_2026-07-22","2026-07-22","final_game_anniversary","vadebge01","Gene Vadeboncoeur",1884-07-22,142,"Gene Vadeboncoeur: 142 years since final MLB appearance","Gene Vadeboncoeur's final MLB appearance came 142 years ago today, on 1884-07-22. Gene Vadeboncoeur finished with 3 hits, 0 home runs.","People$finalGame",1,1,1,0.55,1,0.8,1,"limited","Gene Vadeboncoeur finished with 3 hits, 0 home runs.",0.08,1,0.402,57.7,"sabrhood_historical_story_score_v2","2026-07-22 16:54:18 UTC"
"debut_anniversary_tebeapu01_2026-07-22","2026-07-22","debut_anniversary","tebeapu01","Pussy Tebeau",1895-07-22,131,"Pussy Tebeau: 131 years since MLB debut","Pussy Tebeau's MLB debut came 131 years ago today, on 1895-07-22. Pussy Tebeau finished with 3 hits, 0 home runs.","People$debut",1,1,1,0.55,1,0.8,1,"limited","Pussy Tebeau finished with 3 hits, 0 home runs.",0.08,1,0.402,57.7,"sabrhood_historical_story_score_v2","2026-07-22 16:54:18 UTC"
"debut_anniversary_dylerjo01_2026-07-22","2026-07-22","debut_anniversary","dylerjo01","John Dyler",1882-07-22,144,"John Dyler: 144 years since MLB debut","John Dyler's MLB debut came 144 years ago today, on 1882-07-22. John Dyler finished with 0 hits, 0 home runs.","People$debut",1,1,1,0.55,1,0.8,0.9,"limited","John Dyler finished with 0 hits, 0 home runs.",0.08,1,0.402,57.7,"sabrhood_historical_story_score_v2","2026-07-22 16:54:18 UTC"
"final_game_anniversary_dylerjo01_2026-07-22","2026-07-22","final_game_anniversary","dylerjo01","John Dyler",1882-07-22,144,"John Dyler: 144 years since final MLB appearance","John Dyler's final MLB appearance came 144 years ago today, on 1882-07-22. John Dyler finished with 0 hits, 0 home runs.","People$finalGame",1,1,1,0.55,1,0.8,0.9,"limited","John Dyler finished with 0 hits, 0 home runs.",0.08,1,0.402,57.7,"sabrhood_historical_story_score_v2","2026-07-22 16:54:18 UTC"
"debut_anniversary_weberha01_2026-07-22","2026-07-22","debut_anniversary","weberha01","Harry Weber",1884-07-22,142,"Harry Weber: 142 years since MLB debut","Harry Weber's MLB debut came 142 years ago today, on 1884-07-22. Harry Weber finished with 0 hits, 0 home runs.","People$debut",1,1,1,0.55,1,0.8,0.9,"limited","Harry Weber finished with 0 hits, 0 home runs.",0.08,1,0.402,57.7,"sabrhood_historical_story_score_v2","2026-07-22 16:54:18 UTC"
"final_game_anniversary_fulleed01_2026-07-22","2026-07-22","final_game_anniversary","fulleed01","Ed Fuller",1886-07-22,140,"Ed Fuller: 140 years since final MLB appearance","Ed Fuller's final MLB appearance came 140 years ago today, on 1886-07-22. Ed Fuller finished with 0 wins, 3 strikeouts.","People$finalGame",1,1,1,0.55,1,0.8,0.9,"limited","Ed Fuller finished with 0 wins, 3 strikeouts.",0.08,1,0.402,57.7,"sabrhood_historical_story_score_v2","2026-07-22 16:54:18 UTC"
"debut_anniversary_chapmfr01_2026-07-22","2026-07-22","debut_anniversary","chapmfr01","Frank Chapman",1887-07-22,139,"Frank Chapman: 139 years since MLB debut","Frank Chapman's MLB debut came 139 years ago today, on 1887-07-22. Frank Chapman finished with 0 wins, 4 strikeouts.","People$debut",1,1,1,0.55,1,0.8,0.9,"limited","Frank Chapman finished with 0 wins, 4 strikeouts.",0.08,1,0.402,57.7,"sabrhood_historical_story_score_v2","2026-07-22 16:54:18 UTC"
"final_game_anniversary_chapmfr01_2026-07-22","2026-07-22","final_game_anniversary","chapmfr01","Frank Chapman",1887-07-22,139,"Frank Chapman: 139 years since final MLB appearance","Frank Chapman's final MLB appearance came 139 years ago today, on 1887-07-22. Frank Chapman finished with 0 wins, 4 strikeouts.","People$finalGame",1,1,1,0.55,1,0.8,0.9,"limited","Frank Chapman finished with 0 wins, 4 strikeouts.",0.08,1,0.402,57.7,"sabrhood_historical_story_score_v2","2026-07-22 16:54:18 UTC"
"debut_anniversary_stineha01_2026-07-22","2026-07-22","debut_anniversary","stineha01","William Stein",1890-07-22,136,"William Stein: 136 years since MLB debut","William Stein's MLB debut came 136 years ago today, on 1890-07-22. William Stein finished with 0 wins, 1 strikeouts.","People$debut",1,1,1,0.55,1,0.8,0.9,"limited","William Stein finished with 0 wins, 1 strikeouts.",0.08,1,0.402,57.7,"sabrhood_historical_story_score_v2","2026-07-22 16:54:18 UTC"
"final_game_anniversary_stineha01_2026-07-22","2026-07-22","final_game_anniversary","stineha01","William Stein",1890-07-22,136,"William Stein: 136 years since final MLB appearance","William Stein's final MLB appearance came 136 years ago today, on 1890-07-22. William Stein finished with 0 wins, 1 strikeouts.","People$finalGame",1,1,1,0.55,1,0.8,0.9,"limited","William Stein finished with 0 wins, 1 strikeouts.",0.08,1,0.402,57.7,"sabrhood_historical_story_score_v2","2026-07-22 16:54:18 UTC"
"debut_anniversary_neweljo01_2026-07-22","2026-07-22","debut_anniversary","neweljo01","John Newell",1891-07-22,135,"John Newell: 135 years since MLB debut","John Newell's MLB debut came 135 years ago today, on 1891-07-22. John Newell finished with 2 hits, 0 home runs.","People$debut",1,1,1,0.55,1,0.8,0.9,"limited","John Newell finished with 2 hits, 0 home runs.",0.08,1,0.402,57.7,"sabrhood_historical_story_score_v2","2026-07-22 16:54:18 UTC"
"final_game_anniversary_jacobmi01_2026-07-22","2026-07-22","final_game_anniversary","jacobmi01","Mike Jacobs (born 1876)",1902-07-22,124,"Mike Jacobs (born 1876): 124 years since final MLB appearance","Mike Jacobs (born 1876)'s final MLB appearance came 124 years ago today, on 1902-07-22. Mike Jacobs (born 1876) finished with 4 hits, 0 home runs.","People$finalGame",1,1,1,0.55,1,0.8,0.9,"limited","Mike Jacobs (born 1876) finished with 4 hits, 0 home runs.",0.08,1,0.402,57.7,"sabrhood_historical_story_score_v2","2026-07-22 16:54:18 UTC"
"debut_anniversary_gouzzcl01_2026-07-22","2026-07-22","debut_anniversary","gouzzcl01","Claude Gouzzie",1903-07-22,123,"Claude Gouzzie: 123 years since MLB debut","Claude Gouzzie's MLB debut came 123 years ago today, on 1903-07-22. Claude Gouzzie finished with 0 hits, 0 home runs.","People$debut",1,1,1,0.55,1,0.8,0.9,"limited","Claude Gouzzie finished with 0 hits, 0 home runs.",0.08,1,0.402,57.7,"sabrhood_historical_story_score_v2","2026-07-22 16:54:18 UTC"
"final_game_anniversary_gouzzcl01_2026-07-22","2026-07-22","final_game_anniversary","gouzzcl01","Claude Gouzzie",1903-07-22,123,"Claude Gouzzie: 123 years since final MLB appearance","Claude Gouzzie's final MLB appearance came 123 years ago today, on 1903-07-22. Claude Gouzzie finished with 0 hits, 0 home runs.","People$finalGame",1,1,1,0.55,1,0.8,0.9,"limited","Claude Gouzzie finished with 0 hits, 0 home runs.",0.08,1,0.402,57.7,"sabrhood_historical_story_score_v2","2026-07-22 16:54:18 UTC"
"debut_anniversary_mcadaja01_2026-07-22","2026-07-22","debut_anniversary","mcadaja01","Jack McAdams",1911-07-22,115,"Jack McAdams: 115 years since MLB debut","Jack McAdams's MLB debut came 115 years ago today, on 1911-07-22. Jack McAdams finished with 0 wins, 4 strikeouts.","People$debut",1,1,1,0.55,1,0.8,0.9,"limited","Jack McAdams finished with 0 wins, 4 strikeouts.",0.08,1,0.402,57.7,"sabrhood_historical_story_score_v2","2026-07-22 16:54:18 UTC"
"final_game_anniversary_bellra01_2026-07-22","2026-07-22","final_game_anniversary","bellra01","Ralph Bell",1912-07-22,114,"Ralph Bell: 114 years since final MLB appearance","Ralph Bell's final MLB appearance came 114 years ago today, on 1912-07-22. Ralph Bell finished with 0 wins, 5 strikeouts.","People$finalGame",1,1,1,0.55,1,0.8,0.9,"limited","Ralph Bell finished with 0 wins, 5 strikeouts.",0.08,1,0.402,57.7,"sabrhood_historical_story_score_v2","2026-07-22 16:54:18 UTC"
"final_game_anniversary_maloypa01_2026-07-22","2026-07-22","final_game_anniversary","maloypa01","Paul Maloy",1913-07-22,113,"Paul Maloy: 113 years since final MLB appearance","Paul Maloy's final MLB appearance came 113 years ago today, on 1913-07-22. Paul Maloy finished with 0 wins, 0 strikeouts.","People$finalGame",1,1,1,0.55,1,0.8,0.9,"limited","Paul Maloy finished with 0 wins, 0 strikeouts.",0.08,1,0.402,57.7,"sabrhood_historical_story_score_v2","2026-07-22 16:54:18 UTC"
"final_game_anniversary_dalrybi01_2026-07-22","2026-07-22","final_game_anniversary","dalrybi01","Bill Dalrymple",1915-07-22,111,"Bill Dalrymple: 111 years since final MLB appearance","Bill Dalrymple's final MLB appearance came 111 years ago today, on 1915-07-22. Bill Dalrymple finished with 0 hits, 0 home runs.","People$finalGame",1,1,1,0.55,1,0.8,0.9,"limited","Bill Dalrymple finished with 0 hits, 0 home runs.",0.08,1,0.402,57.7,"sabrhood_historical_story_score_v2","2026-07-22 16:54:18 UTC"
"debut_anniversary_brittgu01_2026-07-22","2026-07-22","debut_anniversary","brittgu01","Gus Brittain",1937-07-22,89,"Gus Brittain: 89 years since MLB debut","Gus Brittain's MLB debut came 89 years ago today, on 1937-07-22. Gus Brittain finished with 1 hits, 0 home runs.","People$debut",1,1,1,0.55,1,0.8,0.9,"limited","Gus Brittain finished with 1 hits, 0 home runs.",0.08,1,0.402,57.7,"sabrhood_historical_story_score_v2","2026-07-22 16:54:18 UTC"
"debut_anniversary_thomara01_2026-07-22","2026-07-22","debut_anniversary","thomara01","Ray Thomas",1938-07-22,88,"Ray Thomas: 88 years since MLB debut","Ray Thomas's MLB debut came 88 years ago today, on 1938-07-22. Ray Thomas finished with 1 hits, 0 home runs.","People$debut",1,1,1,0.55,1,0.8,0.9,"limited","Ray Thomas finished with 1 hits, 0 home runs.",0.08,1,0.402,57.7,"sabrhood_historical_story_score_v2","2026-07-22 16:54:18 UTC"
"final_game_anniversary_thomara01_2026-07-22","2026-07-22","final_game_anniversary","thomara01","Ray Thomas",1938-07-22,88,"Ray Thomas: 88 years since final MLB appearance","Ray Thomas's final MLB appearance came 88 years ago today, on 1938-07-22. Ray Thomas finished with 1 hits, 0 home runs.","People$finalGame",1,1,1,0.55,1,0.8,0.9,"limited","Ray Thomas finished with 1 hits, 0 home runs.",0.08,1,0.402,57.7,"sabrhood_historical_story_score_v2","2026-07-22 16:54:18 UTC"
"debut_anniversary_quallch01_2026-07-22","2026-07-22","debut_anniversary","quallch01","Chad Qualls",2004-07-22,22,"Chad Qualls: 22 years since MLB debut","Chad Qualls's MLB debut came 22 years ago today, on 2004-07-22. Chad Qualls finished with 52 wins, 624 strikeouts.","People$debut",0.626,0.57,1,0.55,1,0.8,22.4,"established","Chad Qualls finished with 52 wins, 624 strikeouts.",0.224,0.526,0.4956,57.5,"sabrhood_historical_story_score_v2","2026-07-22 16:54:18 UTC"
"final_game_anniversary_webbre01_2026-07-22","2026-07-22","final_game_anniversary","webbre01","Red Webb",1949-07-22,77,"Red Webb: 77 years since final MLB appearance","Red Webb's final MLB appearance came 77 years ago today, on 1949-07-22. Red Webb finished with 3 wins, 18 strikeouts.","People$finalGame",1,1,1,0.55,1,0.8,2.2,"limited","Red Webb finished with 3 wins, 18 strikeouts.",0.08,0.966,0.402,57.5,"sabrhood_historical_story_score_v2","2026-07-22 16:54:18 UTC"
"debut_anniversary_elderge01_2026-07-22","2026-07-22","debut_anniversary","elderge01","George Elder",1949-07-22,77,"George Elder: 77 years since MLB debut","George Elder's MLB debut came 77 years ago today, on 1949-07-22. George Elder finished with 11 hits, 0 home runs.","People$debut",1,1,1,0.55,1,0.8,1,"limited","George Elder finished with 11 hits, 0 home runs.",0.08,0.966,0.402,57.5,"sabrhood_historical_story_score_v2","2026-07-22 16:54:18 UTC"
"final_game_anniversary_murphro01_2026-07-22","2026-07-22","final_game_anniversary","murphro01","Rob Murphy",1995-07-22,31,"Rob Murphy: 31 years since final MLB appearance","Rob Murphy's final MLB appearance came 31 years ago today, on 1995-07-22. Rob Murphy finished with 32 wins, 520 strikeouts.","People$finalGame",0.698,0.66,1,0.55,1,0.8,17.7,"limited","Rob Murphy finished with 32 wins, 520 strikeouts.",0.177,0.598,0.46505,57.4,"sabrhood_historical_story_score_v2","2026-07-22 16:54:18 UTC"
"final_game_anniversary_rotblma01_2026-07-22","2026-07-22","final_game_anniversary","rotblma01","Marv Rotblatt",1951-07-22,75,"Marv Rotblatt: 75 years since final MLB appearance","Marv Rotblatt's final MLB appearance came 75 years ago today, on 1951-07-22. Marv Rotblatt finished with 4 wins, 30 strikeouts.","People$finalGame",1,1,1,0.55,1,0.8,4.1,"limited","Marv Rotblatt finished with 4 wins, 30 strikeouts.",0.08,0.95,0.402,57.4,"sabrhood_historical_story_score_v2","2026-07-22 16:54:18 UTC"
"final_game_anniversary_berojo01_2026-07-22","2026-07-22","final_game_anniversary","berojo01","Johnny Bero",1951-07-22,75,"Johnny Bero: 75 years since final MLB appearance","Johnny Bero's final MLB appearance came 75 years ago today, on 1951-07-22. Johnny Bero finished with 34 hits, 5 home runs.","People$finalGame",1,1,1,0.55,1,0.8,4,"limited","Johnny Bero finished with 34 hits, 5 home runs.",0.08,0.95,0.402,57.4,"sabrhood_historical_story_score_v2","2026-07-22 16:54:18 UTC"
"final_game_anniversary_erautjo01_2026-07-22","2026-07-22","final_game_anniversary","erautjo01","Joe Erautt",1951-07-22,75,"Joe Erautt: 75 years since final MLB appearance","Joe Erautt's final MLB appearance came 75 years ago today, on 1951-07-22. Joe Erautt finished with 8 hits, 0 home runs.","People$finalGame",1,1,1,0.55,1,0.8,1.9,"limited","Joe Erautt finished with 8 hits, 0 home runs.",0.08,0.95,0.402,57.4,"sabrhood_historical_story_score_v2","2026-07-22 16:54:18 UTC"
"debut_anniversary_blaylbo01_2026-07-22","2026-07-22","debut_anniversary","blaylbo01","Bob Blaylock",1956-07-22,70,"Bob Blaylock: 70 years since MLB debut","Bob Blaylock's MLB debut came 70 years ago today, on 1956-07-22. Bob Blaylock finished with 1 wins, 42 strikeouts.","People$debut",1,1,1,0.55,1,0.8,4.1,"limited","Bob Blaylock finished with 1 wins, 42 strikeouts.",0.08,0.91,0.402,57.1,"sabrhood_historical_story_score_v2","2026-07-22 16:54:18 UTC"
"final_game_anniversary_bottari01_2026-07-22","2026-07-22","final_game_anniversary","bottari01","Ricky Bottalico",2005-07-22,21,"Ricky Bottalico: 21 years since final MLB appearance","Ricky Bottalico's final MLB appearance came 21 years ago today, on 2005-07-22. Ricky Bottalico finished with 1 All-Star selections, 33 wins, 575 strikeouts.","People$finalGame",0.618,0.56,1,0.55,1,0.8,21.8,"established","Ricky Bottalico finished with 1 All-Star selections, 33 wins, 575 strikeouts.",0.218,0.518,0.4917,56.9,"sabrhood_historical_story_score_v2","2026-07-22 16:54:18 UTC"
"final_game_anniversary_delluda01_2026-07-22","2026-07-22","final_game_anniversary","delluda01","David Dellucci",2009-07-22,17,"David Dellucci: 17 years since final MLB appearance","David Dellucci's final MLB appearance came 17 years ago today, on 2009-07-22. David Dellucci finished with 736 hits, 101 home runs.","People$finalGame",0.586,0.52,1,0.55,1,0.8,24.1,"established","David Dellucci finished with 736 hits, 101 home runs.",0.241,0.486,0.50665,56.8,"sabrhood_historical_story_score_v2","2026-07-22 16:54:18 UTC"
"final_game_anniversary_casalje01_2026-07-22","2026-07-22","final_game_anniversary","casalje01","Jerry Casale",1962-07-22,64,"Jerry Casale: 64 years since final MLB appearance","Jerry Casale's final MLB appearance came 64 years ago today, on 1962-07-22. Jerry Casale finished with 17 wins, 207 strikeouts.","People$finalGame",0.962,0.99,1,0.55,1,0.8,7.6,"limited","Jerry Casale finished with 17 wins, 207 strikeouts.",0.08,0.862,0.402,56.4,"sabrhood_historical_story_score_v2","2026-07-22 16:54:18 UTC"
"final_game_anniversary_hawpebr01_2026-07-22","2026-07-22","final_game_anniversary","hawpebr01","Brad Hawpe",2013-07-22,13,"Brad Hawpe: 13 years since final MLB appearance","Brad Hawpe's final MLB appearance came 13 years ago today, on 2013-07-22. Brad Hawpe finished with 1 All-Star selections, 806 hits, 124 home runs.","People$finalGame",0.554,0.48,1,0.55,1,0.8,25.8,"established","Brad Hawpe finished with 1 All-Star selections, 806 hits, 124 home runs.",0.258,0.454,0.5177,56.3,"sabrhood_historical_story_score_v2","2026-07-22 16:54:18 UTC"
"final_game_anniversary_duceyro01_2026-07-22","2026-07-22","final_game_anniversary","duceyro01","Rob Ducey",2001-07-22,25,"Rob Ducey: 25 years since final MLB appearance","Rob Ducey's final MLB appearance came 25 years ago today, on 2001-07-22. Rob Ducey finished with 309 hits, 31 home runs.","People$finalGame",0.65,0.6,1,0.55,1,0.8,18,"limited","Rob Ducey finished with 309 hits, 31 home runs.",0.18,0.55,0.467,56.1,"sabrhood_historical_story_score_v2","2026-07-22 16:54:18 UTC"
"final_game_anniversary_bakenda01_2026-07-22","2026-07-22","final_game_anniversary","bakenda01","Dave Bakenhaster",1964-07-22,62,"Dave Bakenhaster: 62 years since final MLB appearance","Dave Bakenhaster's final MLB appearance came 62 years ago today, on 1964-07-22. Dave Bakenhaster finished with 0 wins, 0 strikeouts.","People$finalGame",0.946,0.97,1,0.55,1,0.8,0.9,"limited","Dave Bakenhaster finished with 0 wins, 0 strikeouts.",0.08,0.846,0.402,56.1,"sabrhood_historical_story_score_v2","2026-07-22 16:54:18 UTC"
"final_game_anniversary_dukesja01_2026-07-22","2026-07-22","final_game_anniversary","dukesja01","Jan Dukes",1972-07-22,54,"Jan Dukes: 54 years since final MLB appearance","Jan Dukes's final MLB appearance came 54 years ago today, on 1972-07-22. Jan Dukes finished with 0 wins, 7 strikeouts.","People$finalGame",0.882,0.89,1,0.55,1,0.8,3.6,"limited","Jan Dukes finished with 0 wins, 7 strikeouts.",0.08,0.782,0.402,54.7,"sabrhood_historical_story_score_v2","2026-07-22 16:54:18 UTC"
"debut_anniversary_angelno01_2026-07-22","2026-07-22","debut_anniversary","angelno01","Norm Angelini",1972-07-22,54,"Norm Angelini: 54 years since MLB debut","Norm Angelini's MLB debut came 54 years ago today, on 1972-07-22. Norm Angelini finished with 2 wins, 19 strikeouts.","People$debut",0.882,0.89,1,0.55,1,0.8,2,"limited","Norm Angelini finished with 2 wins, 19 strikeouts.",0.08,0.782,0.402,54.7,"sabrhood_historical_story_score_v2","2026-07-22 16:54:18 UTC"
"final_game_anniversary_raburry01_2026-07-22","2026-07-22","final_game_anniversary","raburry01","Ryan Raburn",2017-07-22,9,"Ryan Raburn: 9 years since final MLB appearance","Ryan Raburn's final MLB appearance came 9 years ago today, on 2017-07-22. Ryan Raburn finished with 626 hits, 93 home runs.","People$finalGame",0.522,0.44,1,0.55,1,0.8,24.3,"established","Ryan Raburn finished with 626 hits, 93 home runs.",0.243,0.422,0.50795,54.4,"sabrhood_historical_story_score_v2","2026-07-22 16:54:18 UTC"
"debut_anniversary_sosajo01_2026-07-22","2026-07-22","debut_anniversary","sosajo01","Jose Sosa",1975-07-22,51,"Jose Sosa: 51 years since MLB debut","Jose Sosa's MLB debut came 51 years ago today, on 1975-07-22. Jose Sosa finished with 1 wins, 36 strikeouts.","People$debut",0.858,0.86,1,0.55,1,0.8,2.3,"limited","Jose Sosa finished with 1 wins, 36 strikeouts.",0.08,0.758,0.402,54.2,"sabrhood_historical_story_score_v2","2026-07-22 16:54:18 UTC"
"debut_anniversary_serumga01_2026-07-22","2026-07-22","debut_anniversary","serumga01","Gary Serum",1977-07-22,49,"Gary Serum: 49 years since MLB debut","Gary Serum's MLB debut came 49 years ago today, on 1977-07-22. Gary Serum finished with 10 wins, 125 strikeouts.","People$debut",0.842,0.84,1,0.55,1,0.8,4.6,"limited","Gary Serum finished with 10 wins, 125 strikeouts.",0.08,0.742,0.402,53.8,"sabrhood_historical_story_score_v2","2026-07-22 16:54:18 UTC"
"final_game_anniversary_spencsh01_2026-07-22","2026-07-22","final_game_anniversary","spencsh01","Shane Spencer",2004-07-22,22,"Shane Spencer: 22 years since final MLB appearance","Shane Spencer's final MLB appearance came 22 years ago today, on 2004-07-22. Shane Spencer finished with 438 hits, 59 home runs.","People$finalGame",0.626,0.57,1,0.55,1,0.8,15.3,"limited","Shane Spencer finished with 438 hits, 59 home runs.",0.153,0.526,0.44945,53.7,"sabrhood_historical_story_score_v2","2026-07-22 16:54:18 UTC"
"final_game_anniversary_caneijo01_2026-07-22","2026-07-22","final_game_anniversary","caneijo01","John Caneira",1978-07-22,48,"John Caneira: 48 years since final MLB appearance","John Caneira's final MLB appearance came 48 years ago today, on 1978-07-22. John Caneira finished with 2 wins, 17 strikeouts.","People$finalGame",0.834,0.83,1,0.55,1,0.8,2,"limited","John Caneira finished with 2 wins, 17 strikeouts.",0.08,0.734,0.402,53.6,"sabrhood_historical_story_score_v2","2026-07-22 16:54:18 UTC"
"final_game_anniversary_maysjo01_2026-07-22","2026-07-22","final_game_anniversary","maysjo01","Joe Mays",2006-07-22,20,"Joe Mays: 20 years since final MLB appearance","Joe Mays's final MLB appearance came 20 years ago today, on 2006-07-22. Joe Mays finished with 1 All-Star selections, 48 wins, 512 strikeouts.","People$finalGame",0.61,0.55,1,0.55,1,0.8,15.8,"limited","Joe Mays finished with 1 All-Star selections, 48 wins, 512 strikeouts.",0.158,0.51,0.4527,53.5,"sabrhood_historical_story_score_v2","2026-07-22 16:54:18 UTC"
"debut_anniversary_babcobo01_2026-07-22","2026-07-22","debut_anniversary","babcobo01","Bob Babcock",1979-07-22,47,"Bob Babcock: 47 years since MLB debut","Bob Babcock's MLB debut came 47 years ago today, on 1979-07-22. Bob Babcock finished with 2 wins, 39 strikeouts.","People$debut",0.826,0.82,1,0.55,1,0.8,3.2,"limited","Bob Babcock finished with 2 wins, 39 strikeouts.",0.08,0.726,0.402,53.4,"sabrhood_historical_story_score_v2","2026-07-22 16:54:18 UTC"
"debut_anniversary_torreca01_2026-07-22","2026-07-22","debut_anniversary","torreca01","Carlos Torres",2009-07-22,17,"Carlos Torres: 17 years since MLB debut","Carlos Torres's MLB debut came 17 years ago today, on 2009-07-22. Carlos Torres finished with 30 wins, 447 strikeouts.","People$debut",0.586,0.52,1,0.55,1,0.8,16.5,"limited","Carlos Torres finished with 30 wins, 447 strikeouts.",0.165,0.486,0.45725,53.1,"sabrhood_historical_story_score_v2","2026-07-22 16:54:18 UTC"
"final_game_anniversary_stegmda01_2026-07-22","2026-07-22","final_game_anniversary","stegmda01","Dave Stegman",1984-07-22,42,"Dave Stegman: 42 years since final MLB appearance","Dave Stegman's final MLB appearance came 42 years ago today, on 1984-07-22. Dave Stegman finished with 66 hits, 8 home runs.","People$finalGame",0.786,0.77,1,0.55,1,0.8,7.1,"limited","Dave Stegman finished with 66 hits, 8 home runs.",0.08,0.686,0.402,52.5,"sabrhood_historical_story_score_v2","2026-07-22 16:54:18 UTC"
"debut_anniversary_matavi01_2026-07-22","2026-07-22","debut_anniversary","matavi01","Victor Mata",1984-07-22,42,"Victor Mata: 42 years since MLB debut","Victor Mata's MLB debut came 42 years ago today, on 1984-07-22. Victor Mata finished with 24 hits, 1 home runs.","People$debut",0.786,0.77,1,0.55,1,0.8,2.1,"limited","Victor Mata finished with 24 hits, 1 home runs.",0.08,0.686,0.402,52.5,"sabrhood_historical_story_score_v2","2026-07-22 16:54:18 UTC"
"final_game_anniversary_rodrifr02_2026-07-22","2026-07-22","final_game_anniversary","rodrifr02","Frankie Rodriguez",2001-07-22,25,"Frankie Rodriguez: 25 years since final MLB appearance","Frankie Rodriguez's final MLB appearance came 25 years ago today, on 2001-07-22. Frankie Rodriguez finished with 29 wins, 371 strikeouts.","People$finalGame",0.65,0.6,1,0.55,1,0.8,11.9,"limited","Frankie Rodriguez finished with 29 wins, 371 strikeouts.",0.119,0.55,0.42735,52.2,"sabrhood_historical_story_score_v2","2026-07-22 16:54:18 UTC"
"debut_anniversary_mitrese01_2026-07-22","2026-07-22","debut_anniversary","mitrese01","Sergio Mitre",2003-07-22,23,"Sergio Mitre: 23 years since MLB debut","Sergio Mitre's MLB debut came 23 years ago today, on 2003-07-22. Sergio Mitre finished with 13 wins, 265 strikeouts.","People$debut",0.634,0.58,1,0.55,1,0.8,12,"limited","Sergio Mitre finished with 13 wins, 265 strikeouts.",0.12,0.534,0.428,51.8,"sabrhood_historical_story_score_v2","2026-07-22 16:54:18 UTC"
"final_game_anniversary_polidgu01_2026-07-22","2026-07-22","final_game_anniversary","polidgu01","Gus Polidor",1993-07-22,33,"Gus Polidor: 33 years since final MLB appearance","Gus Polidor's final MLB appearance came 33 years ago today, on 1993-07-22. Gus Polidor finished with 90 hits, 2 home runs.","People$finalGame",0.714,0.68,1,0.55,1,0.8,9.2,"limited","Gus Polidor finished with 90 hits, 2 home runs.",0.092,0.614,0.4098,51.8,"sabrhood_historical_story_score_v2","2026-07-22 16:54:18 UTC"
"final_game_anniversary_garcimi02_2026-07-22","2026-07-22","final_game_anniversary","garcimi02","Miguel Garcia",1989-07-22,37,"Miguel Garcia: 37 years since final MLB appearance","Miguel Garcia's final MLB appearance came 37 years ago today, on 1989-07-22. Miguel Garcia finished with 0 wins, 11 strikeouts.","People$finalGame",0.746,0.72,1,0.55,1,0.8,2.8,"limited","Miguel Garcia finished with 0 wins, 11 strikeouts.",0.08,0.646,0.402,51.5,"sabrhood_historical_story_score_v2","2026-07-22 16:54:18 UTC"
"final_game_anniversary_guerrma02_2026-07-22","2026-07-22","final_game_anniversary","guerrma02","Matt Guerrier",2014-07-22,12,"Matt Guerrier: 12 years since final MLB appearance","Matt Guerrier's final MLB appearance came 12 years ago today, on 2014-07-22. Matt Guerrier finished with 27 wins, 411 strikeouts.","People$finalGame",0.546,0.47,1,0.55,1,0.8,16.1,"limited","Matt Guerrier finished with 27 wins, 411 strikeouts.",0.161,0.446,0.45465,51.4,"sabrhood_historical_story_score_v2","2026-07-22 16:54:18 UTC"
"debut_anniversary_bowenry01_2026-07-22","2026-07-22","debut_anniversary","bowenry01","Ryan Bowen",1991-07-22,35,"Ryan Bowen: 35 years since MLB debut","Ryan Bowen's MLB debut came 35 years ago today, on 1991-07-22. Ryan Bowen finished with 17 wins, 216 strikeouts.","People$debut",0.73,0.7,1,0.55,1,0.8,7.7,"limited","Ryan Bowen finished with 17 wins, 216 strikeouts.",0.08,0.63,0.402,51.1,"sabrhood_historical_story_score_v2","2026-07-22 16:54:18 UTC"
"debut_anniversary_whitede04_2026-07-22","2026-07-22","debut_anniversary","whitede04","Derrick White",1993-07-22,33,"Derrick White: 33 years since MLB debut","Derrick White's MLB debut came 33 years ago today, on 1993-07-22. Derrick White finished with 21 hits, 3 home runs.","People$debut",0.714,0.68,1,0.55,1,0.8,5.5,"limited","Derrick White finished with 21 hits, 3 home runs.",0.08,0.614,0.402,50.7,"sabrhood_historical_story_score_v2","2026-07-22 16:54:18 UTC"
"final_game_anniversary_leede01_2026-07-22","2026-07-22","final_game_anniversary","leede01","Derek Lee",1993-07-22,33,"Derek Lee: 33 years since final MLB appearance","Derek Lee's final MLB appearance came 33 years ago today, on 1993-07-22. Derek Lee finished with 5 hits, 0 home runs.","People$finalGame",0.714,0.68,1,0.55,1,0.8,1,"limited","Derek Lee finished with 5 hits, 0 home runs.",0.08,0.614,0.402,50.7,"sabrhood_historical_story_score_v2","2026-07-22 16:54:18 UTC"
"debut_anniversary_woodabr01_2026-07-22","2026-07-22","debut_anniversary","woodabr01","Brad Woodall",1994-07-22,32,"Brad Woodall: 32 years since MLB debut","Brad Woodall's MLB debut came 32 years ago today, on 1994-07-22. Brad Woodall finished with 10 wins, 119 strikeouts.","People$debut",0.706,0.67,1,0.55,1,0.8,7.1,"limited","Brad Woodall finished with 10 wins, 119 strikeouts.",0.08,0.606,0.402,50.5,"sabrhood_historical_story_score_v2","2026-07-22 16:54:18 UTC"
"final_game_anniversary_wronari01_2026-07-22","2026-07-22","final_game_anniversary","wronari01","Rick Wrona",1994-07-22,32,"Rick Wrona: 32 years since final MLB appearance","Rick Wrona's final MLB appearance came 32 years ago today, on 1994-07-22. Rick Wrona finished with 41 hits, 3 home runs.","People$finalGame",0.706,0.67,1,0.55,1,0.8,6.8,"limited","Rick Wrona finished with 41 hits, 3 home runs.",0.08,0.606,0.402,50.5,"sabrhood_historical_story_score_v2","2026-07-22 16:54:18 UTC"
"final_game_anniversary_lewissc01_2026-07-22","2026-07-22","final_game_anniversary","lewissc01","Scott Lewis (born 1965)",1994-07-22,32,"Scott Lewis (born 1965): 32 years since final MLB appearance","Scott Lewis (born 1965)'s final MLB appearance came 32 years ago today, on 1994-07-22. Scott Lewis (born 1965) finished with 9 wins, 84 strikeouts.","People$finalGame",0.706,0.67,1,0.55,1,0.8,5.7,"limited","Scott Lewis (born 1965) finished with 9 wins, 84 strikeouts.",0.08,0.606,0.402,50.5,"sabrhood_historical_story_score_v2","2026-07-22 16:54:18 UTC"
"final_game_anniversary_royerst01_2026-07-22","2026-07-22","final_game_anniversary","royerst01","Stan Royer",1994-07-22,32,"Stan Royer: 32 years since final MLB appearance","Stan Royer's final MLB appearance came 32 years ago today, on 1994-07-22. Stan Royer finished with 41 hits, 4 home runs.","People$finalGame",0.706,0.67,1,0.55,1,0.8,4.1,"limited","Stan Royer finished with 41 hits, 4 home runs.",0.08,0.606,0.402,50.5,"sabrhood_historical_story_score_v2","2026-07-22 16:54:18 UTC"
"debut_anniversary_faltest01_2026-07-22","2026-07-22","debut_anniversary","faltest01","Steve Falteisek",1997-07-22,29,"Steve Falteisek: 29 years since MLB debut","Steve Falteisek's MLB debut came 29 years ago today, on 1997-07-22. Steve Falteisek finished with 0 wins, 7 strikeouts.","People$debut",0.682,0.64,1,0.55,1,0.8,2.7,"limited","Steve Falteisek finished with 0 wins, 7 strikeouts.",0.08,0.582,0.402,49.8,"sabrhood_historical_story_score_v2","2026-07-22 16:54:18 UTC"
"final_game_anniversary_willish01_2026-07-22","2026-07-22","final_game_anniversary","willish01","Shad Williams",1997-07-22,29,"Shad Williams: 29 years since final MLB appearance","Shad Williams's final MLB appearance came 29 years ago today, on 1997-07-22. Shad Williams finished with 0 wins, 26 strikeouts.","People$finalGame",0.682,0.64,1,0.55,1,0.8,2.1,"limited","Shad Williams finished with 0 wins, 26 strikeouts.",0.08,0.582,0.402,49.8,"sabrhood_historical_story_score_v2","2026-07-22 16:54:18 UTC"
"final_game_anniversary_bochtdo01_2026-07-22","2026-07-22","final_game_anniversary","bochtdo01","Doug Bochtler",2000-07-22,26,"Doug Bochtler: 26 years since final MLB appearance","Doug Bochtler's final MLB appearance came 26 years ago today, on 2000-07-22. Doug Bochtler finished with 9 wins, 215 strikeouts.","People$finalGame",0.658,0.61,1,0.55,1,0.8,8.6,"limited","Doug Bochtler finished with 9 wins, 215 strikeouts.",0.086,0.558,0.4059,49.7,"sabrhood_historical_story_score_v2","2026-07-22 16:54:18 UTC"
"final_game_anniversary_stovada01_2026-07-22","2026-07-22","final_game_anniversary","stovada01","DaRond Stovall",1998-07-22,28,"DaRond Stovall: 28 years since final MLB appearance","DaRond Stovall's final MLB appearance came 28 years ago today, on 1998-07-22. DaRond Stovall finished with 16 hits, 2 home runs.","People$finalGame",0.674,0.63,1,0.55,1,0.8,1.1,"limited","DaRond Stovall finished with 16 hits, 2 home runs.",0.08,0.574,0.402,49.6,"sabrhood_historical_story_score_v2","2026-07-22 16:54:18 UTC"
"debut_anniversary_maureda01_2026-07-22","2026-07-22","debut_anniversary","maureda01","Dave Maurer",2000-07-22,26,"Dave Maurer: 26 years since MLB debut","Dave Maurer's MLB debut came 26 years ago today, on 2000-07-22. Dave Maurer finished with 1 wins, 18 strikeouts.","People$debut",0.658,0.61,1,0.55,1,0.8,4.6,"limited","Dave Maurer finished with 1 wins, 18 strikeouts.",0.08,0.558,0.402,49.2,"sabrhood_historical_story_score_v2","2026-07-22 16:54:18 UTC"
"debut_anniversary_barcelo01_2026-07-22","2026-07-22","debut_anniversary","barcelo01","Lorenzo Barcelo",2000-07-22,26,"Lorenzo Barcelo: 26 years since MLB debut","Lorenzo Barcelo's MLB debut came 26 years ago today, on 2000-07-22. Lorenzo Barcelo finished with 5 wins, 42 strikeouts.","People$debut",0.658,0.61,1,0.55,1,0.8,3.4,"limited","Lorenzo Barcelo finished with 5 wins, 42 strikeouts.",0.08,0.558,0.402,49.2,"sabrhood_historical_story_score_v2","2026-07-22 16:54:18 UTC"
"final_game_anniversary_castica02_2026-07-22","2026-07-22","final_game_anniversary","castica02","Carlos Castillo",2001-07-22,25,"Carlos Castillo: 25 years since final MLB appearance","Carlos Castillo's final MLB appearance came 25 years ago today, on 2001-07-22. Carlos Castillo finished with 10 wins, 130 strikeouts.","People$finalGame",0.65,0.6,1,0.55,1,0.8,6.4,"limited","Carlos Castillo finished with 10 wins, 130 strikeouts.",0.08,0.55,0.402,48.9,"sabrhood_historical_story_score_v2","2026-07-22 16:54:18 UTC"
"final_game_anniversary_heisech01_2026-07-22","2026-07-22","final_game_anniversary","heisech01","Chris Heisey",2017-07-22,9,"Chris Heisey: 9 years since final MLB appearance","Chris Heisey's final MLB appearance came 9 years ago today, on 2017-07-22. Chris Heisey finished with 380 hits, 62 home runs.","People$finalGame",0.522,0.44,1,0.55,1,0.8,13.1,"limited","Chris Heisey finished with 380 hits, 62 home runs.",0.131,0.422,0.43515,48.8,"sabrhood_historical_story_score_v2","2026-07-22 16:54:18 UTC"
"final_game_anniversary_lawrejo01_2026-07-22","2026-07-22","final_game_anniversary","lawrejo01","Joe Lawrence",2002-07-22,24,"Joe Lawrence: 24 years since final MLB appearance","Joe Lawrence's final MLB appearance came 24 years ago today, on 2002-07-22. Joe Lawrence finished with 27 hits, 2 home runs.","People$finalGame",0.642,0.59,1,0.55,1,0.8,1.3,"limited","Joe Lawrence finished with 27 hits, 2 home runs.",0.08,0.542,0.402,48.7,"sabrhood_historical_story_score_v2","2026-07-22 16:54:18 UTC"
"debut_anniversary_reyesre01_2026-07-22","2026-07-22","debut_anniversary","reyesre01","Rene Reyes",2003-07-22,23,"Rene Reyes: 23 years since MLB debut","Rene Reyes's MLB debut came 23 years ago today, on 2003-07-22. Rene Reyes finished with 39 hits, 2 home runs.","People$debut",0.634,0.58,1,0.55,1,0.8,2.3,"limited","Rene Reyes finished with 39 hits, 2 home runs.",0.08,0.534,0.402,48.5,"sabrhood_historical_story_score_v2","2026-07-22 16:54:18 UTC"
"debut_anniversary_eldrebr01_2026-07-22","2026-07-22","debut_anniversary","eldrebr01","Brad Eldred",2005-07-22,21,"Brad Eldred: 21 years since MLB debut","Brad Eldred's MLB debut came 21 years ago today, on 2005-07-22. Brad Eldred finished with 56 hits, 15 home runs.","People$debut",0.618,0.56,1,0.55,1,0.8,8.3,"limited","Brad Eldred finished with 56 hits, 15 home runs.",0.083,0.518,0.40395,48.3,"sabrhood_historical_story_score_v2","2026-07-22 16:54:18 UTC"
"final_game_anniversary_morenor01_2026-07-22","2026-07-22","final_game_anniversary","morenor01","Orber Moreno",2004-07-22,22,"Orber Moreno: 22 years since final MLB appearance","Orber Moreno's final MLB appearance came 22 years ago today, on 2004-07-22. Orber Moreno finished with 3 wins, 41 strikeouts.","People$finalGame",0.626,0.57,1,0.55,1,0.8,5.8,"limited","Orber Moreno finished with 3 wins, 41 strikeouts.",0.08,0.526,0.402,48.2,"sabrhood_historical_story_score_v2","2026-07-22 16:54:18 UTC"
"debut_anniversary_alvarab01_2026-07-22","2026-07-22","debut_anniversary","alvarab01","Abe Alvarez",2004-07-22,22,"Abe Alvarez: 22 years since MLB debut","Abe Alvarez's MLB debut came 22 years ago today, on 2004-07-22. Abe Alvarez finished with 0 wins, 5 strikeouts.","People$debut",0.626,0.57,1,0.55,1,0.8,2.7,"limited","Abe Alvarez finished with 0 wins, 5 strikeouts.",0.08,0.526,0.402,48.2,"sabrhood_historical_story_score_v2","2026-07-22 16:54:18 UTC"
"debut_anniversary_mcbrima01_2026-07-22","2026-07-22","debut_anniversary","mcbrima01","Macay McBride",2005-07-22,21,"Macay McBride: 21 years since MLB debut","Macay McBride's MLB debut came 21 years ago today, on 2005-07-22. Macay McBride finished with 6 wins, 98 strikeouts.","People$debut",0.618,0.56,1,0.55,1,0.8,4.2,"limited","Macay McBride finished with 6 wins, 98 strikeouts.",0.08,0.518,0.402,48,"sabrhood_historical_story_score_v2","2026-07-22 16:54:18 UTC"
"debut_anniversary_gabbaka01_2026-07-22","2026-07-22","debut_anniversary","gabbaka01","Kason Gabbard",2006-07-22,20,"Kason Gabbard: 20 years since MLB debut","Kason Gabbard's MLB debut came 20 years ago today, on 2006-07-22. Kason Gabbard finished with 9 wins, 103 strikeouts.","People$debut",0.61,0.55,1,0.55,1,0.8,4.2,"limited","Kason Gabbard finished with 9 wins, 103 strikeouts.",0.08,0.51,0.402,47.8,"sabrhood_historical_story_score_v2","2026-07-22 16:54:18 UTC"
"final_game_anniversary_knottjo02_2026-07-22","2026-07-22","final_game_anniversary","knottjo02","Jon Knott",2007-07-22,19,"Jon Knott: 19 years since final MLB appearance","Jon Knott's final MLB appearance came 19 years ago today, on 2007-07-22. Jon Knott finished with 6 hits, 1 home runs.","People$finalGame",0.602,0.54,1,0.55,1,0.8,3.6,"limited","Jon Knott finished with 6 hits, 1 home runs.",0.08,0.502,0.402,47.5,"sabrhood_historical_story_score_v2","2026-07-22 16:54:18 UTC"
"debut_anniversary_dantoja01_2026-07-22","2026-07-22","debut_anniversary","dantoja01","Jamie D'Antona",2008-07-22,18,"Jamie D'Antona: 18 years since MLB debut","Jamie D'Antona's MLB debut came 18 years ago today, on 2008-07-22. Jamie D'Antona finished with 3 hits, 0 home runs.","People$debut",0.594,0.53,1,0.55,1,0.8,0.9,"limited","Jamie D'Antona finished with 3 hits, 0 home runs.",0.08,0.494,0.402,47.3,"sabrhood_historical_story_score_v2","2026-07-22 16:54:18 UTC"
"debut_anniversary_lairdbr01_2026-07-22","2026-07-22","debut_anniversary","lairdbr01","Brandon Laird",2011-07-22,15,"Brandon Laird: 15 years since MLB debut","Brandon Laird's MLB debut came 15 years ago today, on 2011-07-22. Brandon Laird finished with 25 hits, 6 home runs.","People$debut",0.57,0.5,1,0.55,1,0.8,3.2,"limited","Brandon Laird finished with 25 hits, 6 home runs.",0.08,0.47,0.402,46.5,"sabrhood_historical_story_score_v2","2026-07-22 16:54:18 UTC"
"debut_anniversary_belivje01_2026-07-22","2026-07-22","debut_anniversary","belivje01","Jeff Beliveau",2012-07-22,14,"Jeff Beliveau: 14 years since MLB debut","Jeff Beliveau's MLB debut came 14 years ago today, on 2012-07-22. Jeff Beliveau finished with 2 wins, 66 strikeouts.","People$debut",0.562,0.49,1,0.55,1,0.8,7.1,"limited","Jeff Beliveau finished with 2 wins, 66 strikeouts.",0.08,0.462,0.402,46.3,"sabrhood_historical_story_score_v2","2026-07-22 16:54:18 UTC"
"debut_anniversary_walljo02_2026-07-22","2026-07-22","debut_anniversary","walljo02","Josh Wall",2012-07-22,14,"Josh Wall: 14 years since MLB debut","Josh Wall's MLB debut came 14 years ago today, on 2012-07-22. Josh Wall finished with 1 wins, 11 strikeouts.","People$debut",0.562,0.49,1,0.55,1,0.8,2.8,"limited","Josh Wall finished with 1 wins, 11 strikeouts.",0.08,0.462,0.402,46.3,"sabrhood_historical_story_score_v2","2026-07-22 16:54:18 UTC"
"final_game_anniversary_cruzlu01_2026-07-22","2026-07-22","final_game_anniversary","cruzlu01","Luis Cruz",2013-07-22,13,"Luis Cruz: 13 years since final MLB appearance","Luis Cruz's final MLB appearance came 13 years ago today, on 2013-07-22. Luis Cruz finished with 143 hits, 7 home runs.","People$finalGame",0.554,0.48,1,0.55,1,0.8,7.4,"limited","Luis Cruz finished with 143 hits, 7 home runs.",0.08,0.454,0.402,46,"sabrhood_historical_story_score_v2","2026-07-22 16:54:18 UTC"
"debut_anniversary_daytogr01_2026-07-22","2026-07-22","debut_anniversary","daytogr01","Grant Dayton",2016-07-22,10,"Grant Dayton: 10 years since MLB debut","Grant Dayton's MLB debut came 10 years ago today, on 2016-07-22. Grant Dayton finished with 3 wins, 119 strikeouts.","People$debut",0.53,0.45,1,0.55,1,0.8,7.2,"limited","Grant Dayton finished with 3 wins, 119 strikeouts.",0.08,0.43,0.402,45.2,"sabrhood_historical_story_score_v2","2026-07-22 16:54:18 UTC"
"debut_anniversary_bandaan01_2026-07-22","2026-07-22","debut_anniversary","bandaan01","Anthony Banda",2017-07-22,9,"Anthony Banda: 9 years since MLB debut","Anthony Banda's MLB debut came 9 years ago today, on 2017-07-22. Anthony Banda finished with 15 wins, 220 strikeouts.","People$debut",0.522,0.44,1,0.55,1,0.8,3.8,"limited","Anthony Banda finished with 15 wins, 220 strikeouts.",0.08,0.422,0.402,45,"sabrhood_historical_story_score_v2","2026-07-22 16:54:18 UTC"
"debut_anniversary_frelisa01_2026-07-22","2026-07-22","debut_anniversary","frelisa01","Sal Frelick",2023-07-22,3,"Sal Frelick: 3 years since MLB debut","Sal Frelick's MLB debut came 3 years ago today, on 2023-07-22. Sal Frelick finished with 322 hits, 17 home runs.","People$debut",0.474,0.38,1,0.55,1,0.8,8.4,"limited","Sal Frelick finished with 322 hits, 17 home runs.",0.084,0.374,0.4046,43.6,"sabrhood_historical_story_score_v2","2026-07-22 16:54:18 UTC"
"debut_anniversary_uelmeer01_2026-07-22","2026-07-22","debut_anniversary","uelmeer01","Erich Uelmen",2022-07-22,4,"Erich Uelmen: 4 years since MLB debut","Erich Uelmen's MLB debut came 4 years ago today, on 2022-07-22. Erich Uelmen finished with 2 wins, 22 strikeouts.","People$debut",0.482,0.39,1,0.55,1,0.8,0.3,"limited","Erich Uelmen finished with 2 wins, 22 strikeouts.",0.08,0.382,0.402,43.6,"sabrhood_historical_story_score_v2","2026-07-22 16:54:18 UTC"
"debut_anniversary_wolfja01_2026-07-22","2026-07-22","debut_anniversary","wolfja01","Jackson Wolf",2023-07-22,3,"Jackson Wolf: 3 years since MLB debut","Jackson Wolf's MLB debut came 3 years ago today, on 2023-07-22. Jackson Wolf finished with 1 wins, 1 strikeouts.","People$debut",0.474,0.38,1,0.55,1,0.8,1,"limited","Jackson Wolf finished with 1 wins, 1 strikeouts.",0.08,0.374,0.402,43.3,"sabrhood_historical_story_score_v2","2026-07-22 16:54:18 UTC"
"final_game_anniversary_wolfja01_2026-07-22","2026-07-22","final_game_anniversary","wolfja01","Jackson Wolf",2023-07-22,3,"Jackson Wolf: 3 years since final MLB appearance","Jackson Wolf's final MLB appearance came 3 years ago today, on 2023-07-22. Jackson Wolf finished with 1 wins, 1 strikeouts.","People$finalGame",0.474,0.38,1,0.55,1,0.8,1,"limited","Jackson Wolf finished with 1 wins, 1 strikeouts.",0.08,0.374,0.402,43.3,"sabrhood_historical_story_score_v2","2026-07-22 16:54:18 UTC"
"debut_anniversary_wallfo01_2026-07-22","2026-07-22","debut_anniversary","wallfo01","Forrest Wall",2023-07-22,3,"Forrest Wall: 3 years since MLB debut","Forrest Wall's MLB debut came 3 years ago today, on 2023-07-22. Forrest Wall finished with 14 hits, 1 home runs.","People$debut",0.474,0.38,1,0.55,1,0.8,0.9,"limited","Forrest Wall finished with 14 hits, 1 home runs.",0.08,0.374,0.402,43.3,"sabrhood_historical_story_score_v2","2026-07-22 16:54:18 UTC"
"debut_anniversary_winanal01_2026-07-22","2026-07-22","debut_anniversary","winanal01","Allan Winans",2023-07-22,3,"Allan Winans: 3 years since MLB debut","Allan Winans's MLB debut came 3 years ago today, on 2023-07-22. Allan Winans finished with 1 wins, 44 strikeouts.","People$debut",0.474,0.38,1,0.55,1,0.8,0.7,"limited","Allan Winans finished with 1 wins, 44 strikeouts.",0.08,0.374,0.402,43.3,"sabrhood_historical_story_score_v2","2026-07-22 16:54:18 UTC"
"debut_anniversary_alvarna01_2026-07-22","2026-07-22","debut_anniversary","alvarna01","Nacho Alvarez",2024-07-22,2,"Nacho Alvarez: 2 years since MLB debut","Nacho Alvarez's MLB debut came 2 years ago today, on 2024-07-22. Nacho Alvarez finished with 47 hits, 2 home runs.","People$debut",0.466,0.37,1,0.55,1,0.8,0.7,"limited","Nacho Alvarez finished with 47 hits, 2 home runs.",0.08,0.366,0.402,43,"sabrhood_historical_story_score_v2","2026-07-22 16:54:18 UTC"
"debut_anniversary_ryanri01_2026-07-22","2026-07-22","debut_anniversary","ryanri01","River Ryan",2024-07-22,2,"River Ryan: 2 years since MLB debut","River Ryan's MLB debut came 2 years ago today, on 2024-07-22. River Ryan finished with 1 wins, 18 strikeouts.","People$debut",0.466,0.37,1,0.55,1,0.8,0.3,"limited","River Ryan finished with 1 wins, 18 strikeouts.",0.08,0.366,0.402,43,"sabrhood_historical_story_score_v2","2026-07-22 16:54:18 UTC"
