"source_row","game_pk","game_date","at_bat_index","pitch_number","play_id","inning","half_inning","is_top_inning","batting_team","fielding_team","home_team","away_team","pitcher_id","pitcher_name","pitcher_hand","batter_id","batter_name","batter_side","outs_before","outs_after","runner_on_first","runner_on_second","runner_on_third","event_type","event","event_key","description","pitch_type","pitch_name","is_in_play","is_terminal_pitch","launch_speed","launch_angle","hit_distance","hit_location","hit_coord_x","hit_coord_y","trajectory","batting_order","runs_batted_in","home_score_before","away_score_before","home_score_after","away_score_after","pitches_in_pa","is_hit","is_home_run","is_walk","is_hit_by_pitch","is_strikeout","is_at_bat","is_out","is_batted_ball","is_hard_hit","is_barrel_proxy","is_ground_ball","is_line_drive","is_fly_ball","is_popup","batted_ball_type","spray_direction","total_bases","outs_on_play","fielding_score_diff","batting_score_before","fielding_score_before","batting_score_after","fielding_score_after","batting_score_diff_before","batting_score_diff_after","runs_scored_on_play","runner_on_first_after","runner_on_second_after","runner_on_third_after","runner_on_first_before","runner_on_second_before","runner_on_third_before","base_state_before","base_state_after","is_risp_before","run_expectancy_before","run_expectancy_after","run_value","run_value_method","leverage_proxy","pressure_index","is_close_game","is_high_leverage_proxy","game_state_label","leverage_method","leader_pull_rate","leader_batted_balls","spray_method","source_through","generated_at_utc"
119479,"823229",2026-04-25,12,4,"00040832-6691-393e-ac66-06be9f07b95e",2,"top",TRUE,"Miami Marlins","San Francisco Giants","San Francisco Giants","Miami Marlins","592662","Robbie Ray","L","665923","Esteury Ruiz","R",2,3,FALSE,FALSE,FALSE,"field_out","Groundout","field_out","In play, out(s)","CH","Changeup",TRUE,FALSE,72.9,-2,28,6,109.4,154.59,"ground_ball",,0,0,0,0,0,4,FALSE,FALSE,FALSE,FALSE,FALSE,TRUE,TRUE,TRUE,FALSE,FALSE,TRUE,FALSE,FALSE,FALSE,"ground_ball","pull",0,1,0,0,0,0,0,0,0,0,FALSE,FALSE,FALSE,TRUE,FALSE,FALSE,1,0,FALSE,0.211292747087561,0,-0.211292747087561,"sabrhood_empirical_re24_v1",1.3429158986957,57.3,TRUE,FALSE,"tied","sabrhood_context_proxy_v1",0.661764705882353,68,"mlbam_hit_coordinates_pull_rate_leader_v1","2026-07-21","2026-07-22 16:52:48 UTC"
119406,"823229",2026-04-25,28,1,"a756b7af-3260-3b51-8e01-a6cee497a15a",4,"top",TRUE,"Miami Marlins","San Francisco Giants","San Francisco Giants","Miami Marlins","592662","Robbie Ray","L","665923","Esteury Ruiz","R",2,3,FALSE,FALSE,FALSE,"field_out","Flyout","field_out","In play, out(s)","CH","Changeup",TRUE,TRUE,95.6,26,321,7,68.1,83.54,"fly_ball",,0,0,1,0,1,1,FALSE,FALSE,FALSE,FALSE,FALSE,TRUE,TRUE,TRUE,TRUE,FALSE,FALSE,FALSE,TRUE,FALSE,"fly_ball","pull",0,1,-1,1,0,1,0,1,1,0,FALSE,FALSE,FALSE,FALSE,FALSE,FALSE,0,0,FALSE,0.0984681101782295,0,-0.0984681101782295,"sabrhood_empirical_re24_v1",0.97728917722908,49.4,TRUE,FALSE,"ahead","sabrhood_context_proxy_v1",0.661764705882353,68,"mlbam_hit_coordinates_pull_rate_leader_v1","2026-07-21","2026-07-22 16:52:48 UTC"
135765,"823958",2026-04-29,34,1,"22b954d9-0eb7-3fe5-a5c1-0be202db62cd",5,"top",TRUE,"Miami Marlins","Los Angeles Dodgers","Los Angeles Dodgers","Miami Marlins","607192","Tyler Glasnow","R","665923","Esteury Ruiz","R",2,2,FALSE,FALSE,FALSE,"home_run","Home Run","home_run","In play, run(s)","FF","Four-Seam Fastball",TRUE,FALSE,101.8,36,381,7,42.04,68.44,"fly_ball",,1,1,1,1,2,1,TRUE,TRUE,FALSE,FALSE,FALSE,TRUE,FALSE,TRUE,TRUE,TRUE,FALSE,FALSE,TRUE,FALSE,"fly_ball","pull",4,0,-1,1,1,2,1,0,1,1,FALSE,FALSE,FALSE,TRUE,FALSE,FALSE,1,0,FALSE,0.211292747087561,0.0984681101782295,0.887175363090668,"sabrhood_empirical_re24_v1",1.60283510489487,61.6,TRUE,TRUE,"tied","sabrhood_context_proxy_v1",0.661764705882353,68,"mlbam_hit_coordinates_pull_rate_leader_v1","2026-07-21","2026-07-22 16:52:48 UTC"
135693,"823958",2026-04-29,53,3,"a1442a98-cc49-3e00-b325-298cde666535",7,"top",TRUE,"Miami Marlins","Los Angeles Dodgers","Los Angeles Dodgers","Miami Marlins","694361","Will Klein","R","665923","Esteury Ruiz","R",1,1,TRUE,FALSE,FALSE,"single","Single","single","In play, no out","ST","Sweeper",TRUE,TRUE,100.4,15,269,8,117.77,74.39,"line_drive",,0,2,2,2,2,3,TRUE,FALSE,FALSE,FALSE,FALSE,TRUE,FALSE,TRUE,TRUE,FALSE,FALSE,TRUE,FALSE,FALSE,"line_drive","middle",1,0,0,2,2,2,2,0,0,0,TRUE,FALSE,FALSE,FALSE,FALSE,FALSE,0,1,FALSE,0.264190609670638,0.477848983003622,0.213658373332984,"sabrhood_empirical_re24_v1",1.71268191227666,63.1,TRUE,TRUE,"tied","sabrhood_context_proxy_v1",0.661764705882353,68,"mlbam_hit_coordinates_pull_rate_leader_v1","2026-07-21","2026-07-22 16:52:48 UTC"
135644,"823958",2026-04-29,68,1,"24906767-356a-3729-8dc5-c103da36aa52",9,"top",TRUE,"Miami Marlins","Los Angeles Dodgers","Los Angeles Dodgers","Miami Marlins","669165","Kyle Hurt","R","665923","Esteury Ruiz","R",0,1,FALSE,FALSE,FALSE,"field_out","Pop Out","field_out","In play, out(s)","FF","Four-Seam Fastball",TRUE,FALSE,84.8,68,125,6,109.27,149.61,"popup",,0,2,3,2,3,1,FALSE,FALSE,FALSE,FALSE,FALSE,TRUE,TRUE,TRUE,FALSE,FALSE,FALSE,FALSE,FALSE,TRUE,"popup","pull",0,1,-1,3,2,3,2,1,1,0,FALSE,FALSE,FALSE,FALSE,FALSE,FALSE,0,0,FALSE,0.510011400883568,0.264190609670638,-0.245820791212931,"sabrhood_empirical_re24_v1",1.45755700146737,59.3,TRUE,FALSE,"ahead","sabrhood_context_proxy_v1",0.661764705882353,68,"mlbam_hit_coordinates_pull_rate_leader_v1","2026-07-21","2026-07-22 16:52:48 UTC"
148236,"823876",2026-05-02,45,1,"2b4a291e-ce15-30cf-896c-c26e30e4bb2a",6,"bottom",FALSE,"Miami Marlins","Philadelphia Phillies","Miami Marlins","Philadelphia Phillies","621383","Tanner Banks","L","665923","Esteury Ruiz","R",1,1,FALSE,TRUE,FALSE,"double","Double","double","In play, no out","SL","Slider",TRUE,TRUE,97,16,222,7,45.43,109.63,"line_drive",,0,3,0,3,0,1,TRUE,FALSE,FALSE,FALSE,FALSE,TRUE,FALSE,TRUE,TRUE,FALSE,FALSE,TRUE,FALSE,FALSE,"line_drive","pull",2,0,-3,3,0,3,0,3,3,0,FALSE,TRUE,FALSE,FALSE,FALSE,FALSE,0,2,FALSE,0.264190609670638,0.616115545419992,0.351924935749355,"sabrhood_empirical_re24_v1",0.699368374608995,41.2,FALSE,FALSE,"ahead","sabrhood_context_proxy_v1",0.661764705882353,68,"mlbam_hit_coordinates_pull_rate_leader_v1","2026-07-21","2026-07-22 16:52:48 UTC"
152141,"823875",2026-05-03,60,3,"a770576d-e1a6-389e-93d2-3f2f0bcaee40",7,"bottom",FALSE,"Miami Marlins","Philadelphia Phillies","Miami Marlins","Philadelphia Phillies","666200","Jesús Luzardo","L","665923","Esteury Ruiz","R",1,1,FALSE,TRUE,FALSE,"home_run","Home Run","home_run","In play, run(s)","FF","Four-Seam Fastball",TRUE,TRUE,105.1,30,396,7,25.77,73.05,"fly_ball",,2,0,7,2,7,3,TRUE,TRUE,FALSE,FALSE,FALSE,TRUE,FALSE,TRUE,TRUE,TRUE,FALSE,FALSE,TRUE,FALSE,"fly_ball","pull",4,0,5,0,7,2,7,-7,-5,2,FALSE,TRUE,FALSE,TRUE,TRUE,FALSE,3,2,TRUE,0.892281594571671,0.616115545419992,1.72383395084832,"sabrhood_empirical_re24_v1",0.543262875504462,35.2,FALSE,FALSE,"large_deficit","sabrhood_context_proxy_v1",0.661764705882353,68,"mlbam_hit_coordinates_pull_rate_leader_v1","2026-07-21","2026-07-22 16:52:48 UTC"
152091,"823875",2026-05-03,75,6,"3893a706-31a0-3950-9631-4fad44ce0a3a",9,"bottom",FALSE,"Miami Marlins","Philadelphia Phillies","Miami Marlins","Philadelphia Phillies","689147","Orion Kerkering","R","665923","Esteury Ruiz","R",2,3,FALSE,FALSE,FALSE,"field_out","Groundout","field_out","In play, out(s)","ST","Sweeper",TRUE,TRUE,81.5,7,93,6,114.35,144.99,"ground_ball",,0,2,7,2,7,6,FALSE,FALSE,FALSE,FALSE,FALSE,TRUE,TRUE,TRUE,FALSE,FALSE,TRUE,FALSE,FALSE,FALSE,"ground_ball","pull",0,1,5,2,7,2,7,-5,-5,0,FALSE,FALSE,FALSE,FALSE,FALSE,FALSE,0,0,FALSE,0.0984681101782295,0,-0.0984681101782295,"sabrhood_empirical_re24_v1",0.537798164658811,35,FALSE,FALSE,"large_deficit","sabrhood_context_proxy_v1",0.661764705882353,68,"mlbam_hit_coordinates_pull_rate_leader_v1","2026-07-21","2026-07-22 16:52:48 UTC"
155506,"823874",2026-05-04,58,2,"3e9bfa78-a3ac-3c84-a5b0-7b1a0b1eb327",8,"bottom",FALSE,"Miami Marlins","Philadelphia Phillies","Miami Marlins","Philadelphia Phillies","621237","José Alvarado","L","665923","Esteury Ruiz","R",0,1,FALSE,FALSE,FALSE,"field_out","Pop Out","field_out","In play, out(s)","FF","Four-Seam Fastball",TRUE,FALSE,89.7,78,30,3,130.24,192.77,"popup",,0,0,1,0,1,2,FALSE,FALSE,FALSE,FALSE,FALSE,TRUE,TRUE,TRUE,FALSE,FALSE,FALSE,FALSE,FALSE,TRUE,"popup","opposite",0,1,1,0,1,0,1,-1,-1,0,FALSE,FALSE,FALSE,FALSE,FALSE,FALSE,0,0,FALSE,0.510011400883568,0.264190609670638,-0.245820791212931,"sabrhood_empirical_re24_v1",1.39277669029104,58.2,TRUE,FALSE,"behind","sabrhood_context_proxy_v1",0.661764705882353,68,"mlbam_hit_coordinates_pull_rate_leader_v1","2026-07-21","2026-07-22 16:52:48 UTC"
168483,"823870",2026-05-07,11,10,"6ea174aa-c76d-3378-88e7-70956c24f03d",2,"bottom",FALSE,"Miami Marlins","Baltimore Orioles","Miami Marlins","Baltimore Orioles","700249","Cade Povich","L","665923","Esteury Ruiz","R",0,1,FALSE,FALSE,FALSE,"field_out","Flyout","field_out","In play, out(s)","FF","Four-Seam Fastball",TRUE,FALSE,84.2,50,250,9,156.2,104.4,"fly_ball",,0,2,0,2,0,10,FALSE,FALSE,FALSE,FALSE,FALSE,TRUE,TRUE,TRUE,FALSE,FALSE,FALSE,FALSE,TRUE,FALSE,"fly_ball","opposite",0,1,-2,2,0,2,0,2,2,0,FALSE,FALSE,FALSE,FALSE,FALSE,FALSE,0,0,FALSE,0.510011400883568,0.264190609670638,-0.245820791212931,"sabrhood_empirical_re24_v1",0.75609756097561,43.1,TRUE,FALSE,"ahead","sabrhood_context_proxy_v1",0.661764705882353,68,"mlbam_hit_coordinates_pull_rate_leader_v1","2026-07-21","2026-07-22 16:52:48 UTC"
168397,"823870",2026-05-07,32,5,"f1cdbc8e-17ec-35c2-a87a-b52d5bb09558",4,"bottom",FALSE,"Miami Marlins","Baltimore Orioles","Miami Marlins","Baltimore Orioles","666974","Yennier Cano","R","665923","Esteury Ruiz","R",0,1,FALSE,FALSE,FALSE,"field_out","Groundout","field_out","In play, out(s)","SI","Sinker",TRUE,FALSE,62,-44,1,5,104.98,178.13,"ground_ball",,0,3,2,3,2,5,FALSE,FALSE,FALSE,FALSE,FALSE,TRUE,TRUE,TRUE,FALSE,FALSE,TRUE,FALSE,FALSE,FALSE,"ground_ball","pull",0,1,-1,3,2,3,2,1,1,0,FALSE,FALSE,FALSE,FALSE,FALSE,FALSE,0,0,FALSE,0.510011400883568,0.264190609670638,-0.245820791212931,"sabrhood_empirical_re24_v1",1.13365544558573,53.1,TRUE,FALSE,"ahead","sabrhood_context_proxy_v1",0.661764705882353,68,"mlbam_hit_coordinates_pull_rate_leader_v1","2026-07-21","2026-07-22 16:52:48 UTC"
168336,"823870",2026-05-07,51,1,"72fd12d3-89ea-3b55-b399-32121d902312",7,"bottom",FALSE,"Miami Marlins","Baltimore Orioles","Miami Marlins","Baltimore Orioles","608650","Dietrich Enns","L","665923","Esteury Ruiz","R",0,1,FALSE,FALSE,FALSE,"field_out","Pop Out","field_out","In play, out(s)","FF","Four-Seam Fastball",TRUE,TRUE,98.8,73,82,5,99.83,196.42,"popup",,0,3,2,3,2,1,FALSE,FALSE,FALSE,FALSE,FALSE,TRUE,TRUE,TRUE,TRUE,FALSE,FALSE,FALSE,FALSE,TRUE,"popup","pull",0,1,-1,3,2,3,2,1,1,0,FALSE,FALSE,FALSE,FALSE,FALSE,FALSE,0,0,FALSE,0.510011400883568,0.264190609670638,-0.245820791212931,"sabrhood_empirical_re24_v1",1.32799637911472,57,TRUE,FALSE,"ahead","sabrhood_context_proxy_v1",0.661764705882353,68,"mlbam_hit_coordinates_pull_rate_leader_v1","2026-07-21","2026-07-22 16:52:48 UTC"
170811,"823871",2026-05-08,18,1,"7c5fb6f8-a822-36d9-ae88-dc0645227da2",2,"bottom",FALSE,"Miami Marlins","Washington Nationals","Miami Marlins","Washington Nationals","656492","Foster Griffin","L","665923","Esteury Ruiz","R",1,2,TRUE,FALSE,FALSE,"force_out","Forceout","force_out","In play, out(s)","FC","Cutter",TRUE,TRUE,62.9,7,65,6,104.07,154.67,"ground_ball",,0,2,3,2,3,1,FALSE,FALSE,FALSE,FALSE,FALSE,TRUE,TRUE,TRUE,FALSE,FALSE,TRUE,FALSE,FALSE,FALSE,"ground_ball","pull",0,1,1,2,3,2,3,-1,-1,0,TRUE,FALSE,FALSE,TRUE,FALSE,FALSE,1,1,FALSE,0.477848983003622,0.211292747087561,-0.266556235916061,"sabrhood_empirical_re24_v1",1.03871878265491,50.9,TRUE,FALSE,"behind","sabrhood_context_proxy_v1",0.661764705882353,68,"mlbam_hit_coordinates_pull_rate_leader_v1","2026-07-21","2026-07-22 16:52:48 UTC"
174384,"823869",2026-05-09,67,4,"4e4bff1b-aec9-3e7c-b23f-c8c646813bb5",8,"bottom",FALSE,"Miami Marlins","Washington Nationals","Miami Marlins","Washington Nationals","680730","Mitchell Parker","L","665923","Esteury Ruiz","R",0,0,FALSE,TRUE,FALSE,"double","Double","double","In play, no out","SL","Slider",TRUE,FALSE,93.7,23,277,7,46.65,120.18,"line_drive",,0,7,4,7,4,4,TRUE,FALSE,FALSE,FALSE,FALSE,TRUE,FALSE,TRUE,FALSE,FALSE,FALSE,TRUE,FALSE,FALSE,"line_drive","pull",2,0,-3,7,4,7,4,3,3,0,FALSE,TRUE,FALSE,FALSE,FALSE,FALSE,0,2,FALSE,0.510011400883568,1.2200328407225,0.710021439838927,"sabrhood_empirical_re24_v1",0.82821686907637,45.3,FALSE,FALSE,"ahead","sabrhood_context_proxy_v1",0.661764705882353,68,"mlbam_hit_coordinates_pull_rate_leader_v1","2026-07-21","2026-07-22 16:52:48 UTC"
193709,"823709",2026-05-14,56,7,"3551ad9d-f96e-3f6c-8ad7-d74ce05877e1",8,"top",TRUE,"Miami Marlins","Minnesota Twins","Minnesota Twins","Miami Marlins","696070","Kendry Rojas","L","665923","Esteury Ruiz","R",0,1,FALSE,FALSE,FALSE,"field_out","Flyout","field_out","In play, out(s)","FF","Four-Seam Fastball",TRUE,FALSE,94.5,40,342,7,57.79,78.85,"fly_ball",,0,6,0,6,0,7,FALSE,FALSE,FALSE,FALSE,FALSE,TRUE,TRUE,TRUE,FALSE,FALSE,FALSE,FALSE,TRUE,FALSE,"fly_ball","pull",0,1,6,0,6,0,6,-6,-6,0,FALSE,FALSE,FALSE,FALSE,FALSE,FALSE,0,0,FALSE,0.510011400883568,0.264190609670638,-0.245820791212931,"sabrhood_empirical_re24_v1",0.537979449179194,35,FALSE,FALSE,"large_deficit","sabrhood_context_proxy_v1",0.661764705882353,68,"mlbam_hit_coordinates_pull_rate_leader_v1","2026-07-21","2026-07-22 16:52:48 UTC"
197524,"822983",2026-05-15,12,6,"c8783e53-baf9-32cf-893c-4ed536331494",2,"top",TRUE,"Miami Marlins","Tampa Bay Rays","Tampa Bay Rays","Miami Marlins","693855","Ian Seymour","L","665923","Esteury Ruiz","R",2,3,FALSE,FALSE,FALSE,"field_out","Groundout","field_out","In play, out(s)","CH","Changeup",TRUE,FALSE,85.3,8,101,5,102.66,168.4,"ground_ball",,0,2,1,2,1,6,FALSE,FALSE,FALSE,FALSE,FALSE,TRUE,TRUE,TRUE,FALSE,FALSE,TRUE,FALSE,FALSE,FALSE,"ground_ball","pull",0,1,1,1,2,1,2,-1,-1,0,FALSE,FALSE,FALSE,TRUE,FALSE,FALSE,1,0,FALSE,0.211292747087561,0,-0.211292747087561,"sabrhood_empirical_re24_v1",0.969470863811247,49.2,TRUE,FALSE,"behind","sabrhood_context_proxy_v1",0.661764705882353,68,"mlbam_hit_coordinates_pull_rate_leader_v1","2026-07-21","2026-07-22 16:52:48 UTC"
197466,"822983",2026-05-15,30,1,"a7696cff-2b83-387d-9feb-26632eb06d1d",4,"top",TRUE,"Miami Marlins","Tampa Bay Rays","Tampa Bay Rays","Miami Marlins","669947","Jesse Scholtens","R","665923","Esteury Ruiz","R",2,3,FALSE,FALSE,FALSE,"field_out","Bunt Groundout","field_out","In play, out(s)","SL","Slider",TRUE,TRUE,36.6,-59,2,1,121.86,193.05,"bunt_grounder",,0,4,1,4,1,1,FALSE,FALSE,FALSE,FALSE,FALSE,TRUE,TRUE,TRUE,FALSE,FALSE,TRUE,FALSE,FALSE,FALSE,"ground_ball",,0,1,3,1,4,1,4,-3,-3,0,FALSE,FALSE,FALSE,TRUE,FALSE,FALSE,1,0,FALSE,0.211292747087561,0,-0.211292747087561,"sabrhood_empirical_re24_v1",0.650884147309416,39.4,FALSE,FALSE,"behind","sabrhood_context_proxy_v1",0.661764705882353,68,"mlbam_hit_coordinates_pull_rate_leader_v1","2026-07-21","2026-07-22 16:52:48 UTC"
197396,"822983",2026-05-15,48,1,"aa6f46ce-3ede-3766-8118-cb79f52a1507",6,"top",TRUE,"Miami Marlins","Tampa Bay Rays","Tampa Bay Rays","Miami Marlins","669947","Jesse Scholtens","R","665923","Esteury Ruiz","R",2,3,FALSE,FALSE,FALSE,"field_out","Lineout","field_out","In play, out(s)","SI","Sinker",TRUE,TRUE,86.3,25,296,7,51.61,105.7,"line_drive",,0,6,2,6,2,1,FALSE,FALSE,FALSE,FALSE,FALSE,TRUE,TRUE,TRUE,FALSE,FALSE,FALSE,TRUE,FALSE,FALSE,"line_drive","pull",0,1,4,2,6,2,6,-4,-4,0,FALSE,FALSE,FALSE,FALSE,FALSE,FALSE,0,0,FALSE,0.0984681101782295,0,-0.0984681101782295,"sabrhood_empirical_re24_v1",0.536989500631793,34.9,FALSE,FALSE,"large_deficit","sabrhood_context_proxy_v1",0.661764705882353,68,"mlbam_hit_coordinates_pull_rate_leader_v1","2026-07-21","2026-07-22 16:52:48 UTC"
201945,"822981",2026-05-16,79,1,"4dc8526c-4bdd-37d5-bb21-30c863f65caf",10,"top",TRUE,"Miami Marlins","Tampa Bay Rays","Tampa Bay Rays","Miami Marlins","685801","Hunter Bigge","R","665923","Esteury Ruiz","R",1,2,FALSE,FALSE,FALSE,"single","Single","single","In play, run(s)","FF","Four-Seam Fastball",TRUE,TRUE,75.5,20,205,7,77.79,115.32,"line_drive",,1,2,9,2,10,1,TRUE,FALSE,FALSE,FALSE,FALSE,TRUE,FALSE,TRUE,FALSE,FALSE,FALSE,TRUE,FALSE,FALSE,"line_drive","pull",1,1,-8,9,2,10,2,7,8,1,FALSE,FALSE,FALSE,FALSE,TRUE,FALSE,2,0,TRUE,0.616115545419992,0.0984681101782295,0.482352564758237,"sabrhood_empirical_re24_v1",0.542058301501127,35.2,FALSE,FALSE,"comfortable_lead","sabrhood_context_proxy_v1",0.661764705882353,68,"mlbam_hit_coordinates_pull_rate_leader_v1","2026-07-21","2026-07-22 16:52:48 UTC"
210328,"823867",2026-05-18,62,6,"3165dcee-da6a-3302-8c66-b0871d799d8b",7,"bottom",FALSE,"Miami Marlins","Atlanta Braves","Miami Marlins","Atlanta Braves","641755","Tyler Kinley","R","665923","Esteury Ruiz","R",0,1,TRUE,FALSE,FALSE,"field_out","Pop Out","field_out","In play, out(s)","SL","Slider",TRUE,FALSE,89.8,70,117,5,96,164,"popup",,0,12,0,12,0,6,FALSE,FALSE,FALSE,FALSE,FALSE,TRUE,TRUE,TRUE,FALSE,FALSE,FALSE,FALSE,FALSE,TRUE,"popup","pull",0,1,-12,12,0,12,0,12,12,0,TRUE,FALSE,FALSE,FALSE,FALSE,FALSE,0,1,FALSE,0.510011400883568,0.477848983003622,-0.0321624178799463,"sabrhood_empirical_re24_v1",0.420781091413528,29.6,FALSE,FALSE,"comfortable_lead","sabrhood_context_proxy_v1",0.661764705882353,68,"mlbam_hit_coordinates_pull_rate_leader_v1","2026-07-21","2026-07-22 16:52:48 UTC"
213768,"823865",2026-05-19,28,2,"a1de3efb-0d30-3ba9-8f31-b69060d052d4",3,"bottom",FALSE,"Miami Marlins","Atlanta Braves","Miami Marlins","Atlanta Braves","527048","Martín Pérez","L","665923","Esteury Ruiz","R",1,2,TRUE,FALSE,TRUE,"sac_fly","Sac Fly","sac_fly","In play, run(s)","CH","Changeup",TRUE,TRUE,100.1,41,356,8,130.62,56.04,"fly_ball",,1,3,2,4,2,2,FALSE,FALSE,FALSE,FALSE,FALSE,FALSE,TRUE,TRUE,TRUE,FALSE,FALSE,FALSE,TRUE,FALSE,"fly_ball","middle",0,1,-2,3,2,4,2,1,2,1,TRUE,FALSE,TRUE,TRUE,TRUE,TRUE,7,5,TRUE,1.60177705977383,0.511122095897182,-0.0906549638766463,"sabrhood_empirical_re24_v1",1.32687947719788,57,TRUE,FALSE,"ahead","sabrhood_context_proxy_v1",0.661764705882353,68,"mlbam_hit_coordinates_pull_rate_leader_v1","2026-07-21","2026-07-22 16:52:48 UTC"
213626,"823865",2026-05-19,63,5,"17599cb1-1236-395f-82f9-e96e6f6bb2c0",7,"bottom",FALSE,"Miami Marlins","Atlanta Braves","Miami Marlins","Atlanta Braves","669276","Dylan Lee","L","665923","Esteury Ruiz","R",2,3,TRUE,FALSE,FALSE,"field_out","Flyout","field_out","In play, out(s)","FF","Four-Seam Fastball",TRUE,TRUE,80.9,36,286,7,44.86,116.83,"fly_ball",,0,4,4,4,4,5,FALSE,FALSE,FALSE,FALSE,FALSE,TRUE,TRUE,TRUE,FALSE,FALSE,FALSE,FALSE,TRUE,FALSE,"fly_ball","pull",0,1,0,4,4,4,4,0,0,0,TRUE,FALSE,FALSE,TRUE,TRUE,FALSE,3,1,TRUE,0.42736446843464,0,-0.42736446843464,"sabrhood_empirical_re24_v1",1.96641256594727,66.3,TRUE,TRUE,"tied","sabrhood_context_proxy_v1",0.661764705882353,68,"mlbam_hit_coordinates_pull_rate_leader_v1","2026-07-21","2026-07-22 16:52:48 UTC"
225932,"823863",2026-05-22,12,3,"597f871b-f273-3bfb-abd1-28469d1d518d",2,"bottom",FALSE,"Miami Marlins","New York Mets","Miami Marlins","New York Mets","668964","Tobias Myers","R","665923","Esteury Ruiz","R",1,1,FALSE,TRUE,FALSE,"double","Double","double","In play, no out","SL","Slider",TRUE,TRUE,103.2,17,337,8,161.07,50.63,"line_drive",,0,0,1,0,1,3,TRUE,FALSE,FALSE,FALSE,FALSE,TRUE,FALSE,TRUE,TRUE,FALSE,FALSE,TRUE,FALSE,FALSE,"line_drive","middle",2,0,1,0,1,0,1,-1,-1,0,FALSE,TRUE,FALSE,FALSE,FALSE,FALSE,0,2,FALSE,0.264190609670638,0.616115545419992,0.351924935749355,"sabrhood_empirical_re24_v1",0.934846904389417,48.3,TRUE,FALSE,"behind","sabrhood_context_proxy_v1",0.661764705882353,68,"mlbam_hit_coordinates_pull_rate_leader_v1","2026-07-21","2026-07-22 16:52:48 UTC"
225865,"823863",2026-05-22,27,5,"8d3ee8a9-645b-3932-b01d-82984f951876",4,"bottom",FALSE,"Miami Marlins","New York Mets","Miami Marlins","New York Mets","640455","Sean Manaea","L","665923","Esteury Ruiz","R",2,2,FALSE,FALSE,TRUE,"triple","Triple","triple","In play, no out","FF","Four-Seam Fastball",TRUE,FALSE,88.5,38,307,9,216.48,113.44,"fly_ball",,0,1,1,1,1,5,TRUE,FALSE,FALSE,FALSE,FALSE,TRUE,FALSE,TRUE,FALSE,FALSE,FALSE,FALSE,TRUE,FALSE,"fly_ball","opposite",3,0,0,1,1,1,1,0,0,0,FALSE,FALSE,TRUE,FALSE,FALSE,FALSE,0,4,FALSE,0.0984681101782295,0.390745501285347,0.292277391107118,"sabrhood_empirical_re24_v1",1.35374586562067,57.5,TRUE,FALSE,"tied","sabrhood_context_proxy_v1",0.661764705882353,68,"mlbam_hit_coordinates_pull_rate_leader_v1","2026-07-21","2026-07-22 16:52:48 UTC"
225806,"823863",2026-05-22,42,2,"df9903cd-727d-3e34-881b-da4f493e2751",6,"bottom",FALSE,"Miami Marlins","New York Mets","Miami Marlins","New York Mets","804636","Jonah Tong","R","665923","Esteury Ruiz","R",2,3,FALSE,FALSE,FALSE,"field_out","Flyout","field_out","In play, out(s)","FF","Four-Seam Fastball",TRUE,TRUE,88.3,27,317,9,175.89,81.87,"fly_ball",,0,2,1,2,1,2,FALSE,FALSE,FALSE,FALSE,FALSE,TRUE,TRUE,TRUE,FALSE,FALSE,FALSE,FALSE,TRUE,FALSE,"fly_ball","opposite",0,1,-1,2,1,2,1,1,1,0,FALSE,FALSE,FALSE,FALSE,FALSE,FALSE,0,0,FALSE,0.0984681101782295,0,-0.0984681101782295,"sabrhood_empirical_re24_v1",1.0889793689124,52.1,TRUE,FALSE,"ahead","sabrhood_context_proxy_v1",0.661764705882353,68,"mlbam_hit_coordinates_pull_rate_leader_v1","2026-07-21","2026-07-22 16:52:48 UTC"
239949,"822812",2026-05-25,34,5,"298ed6fe-b376-3d50-8130-b4d53df1ab64",5,"top",TRUE,"Miami Marlins","Toronto Blue Jays","Toronto Blue Jays","Miami Marlins","702056","Trey Yesavage","R","665923","Esteury Ruiz","R",2,3,FALSE,TRUE,FALSE,"field_out","Groundout","field_out","In play, out(s)","SL","Slider",TRUE,TRUE,70.4,-34,3,5,110.72,172.22,"ground_ball",,0,0,2,0,2,5,FALSE,FALSE,FALSE,FALSE,FALSE,TRUE,TRUE,TRUE,FALSE,FALSE,TRUE,FALSE,FALSE,FALSE,"ground_ball","pull",0,1,-2,2,0,2,0,2,2,0,FALSE,TRUE,FALSE,FALSE,TRUE,FALSE,2,2,TRUE,0.298885206387466,0,-0.298885206387466,"sabrhood_empirical_re24_v1",0.871320437342304,46.6,TRUE,FALSE,"ahead","sabrhood_context_proxy_v1",0.661764705882353,68,"mlbam_hit_coordinates_pull_rate_leader_v1","2026-07-21","2026-07-22 16:52:48 UTC"
239869,"822812",2026-05-25,53,7,"93c85369-b097-3f87-ade9-441ff550567c",7,"top",TRUE,"Miami Marlins","Toronto Blue Jays","Toronto Blue Jays","Miami Marlins","702056","Trey Yesavage","R","665923","Esteury Ruiz","R",1,2,FALSE,TRUE,FALSE,"field_out","Lineout","field_out","In play, out(s)","FF","Four-Seam Fastball",TRUE,FALSE,91.8,23,325,8,99.42,71.55,"line_drive",,0,2,5,2,5,7,FALSE,FALSE,FALSE,FALSE,FALSE,TRUE,TRUE,TRUE,FALSE,FALSE,FALSE,TRUE,FALSE,FALSE,"line_drive","middle",0,1,-3,5,2,5,2,3,3,0,FALSE,TRUE,FALSE,FALSE,TRUE,FALSE,2,2,TRUE,0.616115545419992,0.298885206387466,-0.317230339032526,"sabrhood_empirical_re24_v1",0.816926021623043,45,FALSE,FALSE,"ahead","sabrhood_context_proxy_v1",0.661764705882353,68,"mlbam_hit_coordinates_pull_rate_leader_v1","2026-07-21","2026-07-22 16:52:48 UTC"
245078,"822809",2026-05-27,66,1,"9c72eaa1-59a7-33a6-92e3-84c18b81ee04",9,"top",TRUE,"Miami Marlins","Toronto Blue Jays","Toronto Blue Jays","Miami Marlins","643511","Tyler Rogers","R","665923","Esteury Ruiz","R",1,2,FALSE,FALSE,FALSE,"field_out","Flyout","field_out","In play, out(s)","SI","Sinker",TRUE,TRUE,87.2,55,217,9,168.19,124.15,"fly_ball",,0,2,1,2,1,1,FALSE,FALSE,FALSE,FALSE,FALSE,TRUE,TRUE,TRUE,FALSE,FALSE,FALSE,FALSE,TRUE,FALSE,"fly_ball","opposite",0,1,1,1,2,1,2,-1,-1,0,FALSE,FALSE,FALSE,FALSE,FALSE,FALSE,0,0,FALSE,0.264190609670638,0.0984681101782295,-0.165722499492408,"sabrhood_empirical_re24_v1",1.35703582895238,57.6,TRUE,FALSE,"behind","sabrhood_context_proxy_v1",0.661764705882353,68,"mlbam_hit_coordinates_pull_rate_leader_v1","2026-07-21","2026-07-22 16:52:48 UTC"
261943,"823621",2026-05-31,29,2,"1b6837b1-68b2-33ab-b808-b51e34f39c7b",4,"top",TRUE,"Miami Marlins","New York Mets","New York Mets","Miami Marlins","690997","Nolan McLean","R","665923","Esteury Ruiz","R",1,2,FALSE,TRUE,TRUE,"field_out","Groundout","field_out","In play, out(s)","SI","Sinker",TRUE,FALSE,75,-13,10,5,112.79,182.09,"ground_ball",,0,3,1,3,1,2,FALSE,FALSE,FALSE,FALSE,FALSE,TRUE,TRUE,TRUE,FALSE,FALSE,TRUE,FALSE,FALSE,FALSE,"ground_ball","pull",0,1,2,1,3,1,3,-2,-2,0,FALSE,TRUE,TRUE,FALSE,TRUE,TRUE,6,6,TRUE,1.38095238095238,0.52437417654809,-0.856578204404291,"sabrhood_empirical_re24_v1",0.971404541631623,49.3,TRUE,FALSE,"behind","sabrhood_context_proxy_v1",0.661764705882353,68,"mlbam_hit_coordinates_pull_rate_leader_v1","2026-07-21","2026-07-22 16:52:48 UTC"
261749,"823621",2026-05-31,75,5,"d1996687-184b-3679-adda-b4cc4b6b90e8",9,"top",TRUE,"Miami Marlins","New York Mets","New York Mets","Miami Marlins","656849","David Peterson","L","665923","Esteury Ruiz","R",0,1,FALSE,FALSE,FALSE,"field_out","Flyout","field_out","In play, out(s)","CU","Curveball",TRUE,FALSE,84.4,38,279,9,187.46,105.57,"fly_ball",,0,10,1,10,1,5,FALSE,FALSE,FALSE,FALSE,FALSE,TRUE,TRUE,TRUE,FALSE,FALSE,FALSE,FALSE,TRUE,FALSE,"fly_ball","opposite",0,1,9,1,10,1,10,-9,-9,0,FALSE,FALSE,FALSE,FALSE,FALSE,FALSE,0,0,FALSE,0.510011400883568,0.264190609670638,-0.245820791212931,"sabrhood_empirical_re24_v1",0.482937588753704,32.6,FALSE,FALSE,"large_deficit","sabrhood_context_proxy_v1",0.661764705882353,68,"mlbam_hit_coordinates_pull_rate_leader_v1","2026-07-21","2026-07-22 16:52:48 UTC"
272128,"822727",2026-06-03,8,5,"8195fd6b-d3d3-346c-9d44-a3c3f103e7d2",2,"top",TRUE,"Miami Marlins","Washington Nationals","Washington Nationals","Miami Marlins","674841","Andrew Alvarez","L","665923","Esteury Ruiz","R",2,2,FALSE,FALSE,FALSE,"home_run","Home Run","home_run","In play, run(s)","FF","Four-Seam Fastball",TRUE,FALSE,107.8,27,365,7,28.31,95.82,"fly_ball",,1,0,0,0,1,5,TRUE,TRUE,FALSE,FALSE,FALSE,TRUE,FALSE,TRUE,TRUE,TRUE,FALSE,FALSE,TRUE,FALSE,"fly_ball","pull",4,0,-1,0,0,1,0,0,1,1,FALSE,FALSE,FALSE,TRUE,FALSE,FALSE,1,0,FALSE,0.211292747087561,0.0984681101782295,0.887175363090668,"sabrhood_empirical_re24_v1",1.3429158986957,57.3,TRUE,FALSE,"tied","sabrhood_context_proxy_v1",0.661764705882353,68,"mlbam_hit_coordinates_pull_rate_leader_v1","2026-07-21","2026-07-22 16:52:48 UTC"
272051,"822727",2026-06-03,26,3,"5ec60927-6691-3eaf-948f-95bd83b791dd",4,"top",TRUE,"Miami Marlins","Washington Nationals","Washington Nationals","Miami Marlins","674841","Andrew Alvarez","L","665923","Esteury Ruiz","R",2,3,FALSE,FALSE,FALSE,"field_out","Pop Out","field_out","In play, out(s)","SL","Slider",TRUE,TRUE,97.2,59,190,6,129.42,125.34,"popup",,0,1,1,1,1,3,FALSE,FALSE,FALSE,FALSE,FALSE,TRUE,TRUE,TRUE,TRUE,FALSE,FALSE,FALSE,FALSE,TRUE,"popup","pull",0,1,0,1,1,1,1,0,0,0,FALSE,FALSE,FALSE,TRUE,FALSE,FALSE,1,0,FALSE,0.211292747087561,0,-0.211292747087561,"sabrhood_empirical_re24_v1",1.51619536949515,60.3,TRUE,TRUE,"tied","sabrhood_context_proxy_v1",0.661764705882353,68,"mlbam_hit_coordinates_pull_rate_leader_v1","2026-07-21","2026-07-22 16:52:48 UTC"
280523,"823860",2026-06-05,70,1,"3e8d5b39-27b2-3ced-89e2-5e5beb27cdca",9,"bottom",FALSE,"Miami Marlins","Tampa Bay Rays","Miami Marlins","Tampa Bay Rays","642121","Cole Sulser","R","665923","Esteury Ruiz","R",0,0,TRUE,FALSE,FALSE,"single","Single","single","In play, no out","FF","Four-Seam Fastball",TRUE,FALSE,31.1,-25,6,5,113.14,185.53,"bunt_grounder",,0,0,6,0,6,1,TRUE,FALSE,FALSE,FALSE,FALSE,TRUE,FALSE,TRUE,FALSE,FALSE,TRUE,FALSE,FALSE,FALSE,"ground_ball","pull",1,0,6,0,6,0,6,-6,-6,0,TRUE,FALSE,FALSE,FALSE,FALSE,FALSE,0,1,FALSE,0.510011400883568,0.914046121593291,0.404034720709723,"sabrhood_empirical_re24_v1",0.563001749141017,36,FALSE,FALSE,"large_deficit","sabrhood_context_proxy_v1",0.661764705882353,68,"mlbam_hit_coordinates_pull_rate_leader_v1","2026-07-21","2026-07-22 16:52:48 UTC"
296073,"823858",2026-06-09,82,1,"24f70270-cb6b-36c3-a3c5-ead624e86ff1",8,"bottom",FALSE,"Miami Marlins","Arizona Diamondbacks","Miami Marlins","Arizona Diamondbacks","656464","Kevin Ginkel","R","665923","Esteury Ruiz","R",2,2,FALSE,TRUE,TRUE,"double","Double","double","In play, run(s)","FF","Four-Seam Fastball",TRUE,TRUE,70.6,22,188,7,46.71,127.01,"line_drive",,1,9,6,10,6,1,TRUE,FALSE,FALSE,FALSE,FALSE,TRUE,FALSE,TRUE,FALSE,FALSE,FALSE,TRUE,FALSE,FALSE,"line_drive","pull",2,0,-4,9,6,10,6,3,4,1,FALSE,TRUE,TRUE,TRUE,FALSE,TRUE,5,6,TRUE,0.511122095897182,0.52437417654809,1.01325208065091,"sabrhood_empirical_re24_v1",0.885335273840257,47,FALSE,FALSE,"ahead","sabrhood_context_proxy_v1",0.661764705882353,68,"mlbam_hit_coordinates_pull_rate_leader_v1","2026-07-21","2026-07-22 16:52:48 UTC"
304830,"823855",2026-06-11,17,3,"611f3b42-043b-380d-8228-ea47591890ec",3,"bottom",FALSE,"Miami Marlins","Arizona Diamondbacks","Miami Marlins","Arizona Diamondbacks","518876","Merrill Kelly","R","665923","Esteury Ruiz","R",0,1,FALSE,FALSE,FALSE,"field_out","Lineout","field_out","In play, out(s)","CH","Changeup",TRUE,TRUE,95,23,331,7,73.44,76.42,"line_drive",,0,1,0,1,0,3,FALSE,FALSE,FALSE,FALSE,FALSE,TRUE,TRUE,TRUE,TRUE,FALSE,FALSE,TRUE,FALSE,FALSE,"line_drive","pull",0,1,-1,1,0,1,0,1,1,0,FALSE,FALSE,FALSE,FALSE,FALSE,FALSE,0,0,FALSE,0.510011400883568,0.264190609670638,-0.245820791212931,"sabrhood_empirical_re24_v1",1.0688751344094,51.7,TRUE,FALSE,"ahead","sabrhood_context_proxy_v1",0.661764705882353,68,"mlbam_hit_coordinates_pull_rate_leader_v1","2026-07-21","2026-07-22 16:52:48 UTC"
304769,"823855",2026-06-11,34,2,"68c46fba-fa29-3049-869a-881b579518f7",5,"bottom",FALSE,"Miami Marlins","Arizona Diamondbacks","Miami Marlins","Arizona Diamondbacks","518876","Merrill Kelly","R","665923","Esteury Ruiz","R",0,1,FALSE,FALSE,FALSE,"field_out","Groundout","field_out","In play, out(s)","SI","Sinker",TRUE,TRUE,95.2,-10,9,6,100.55,151.07,"ground_ball",,0,2,0,2,0,2,FALSE,FALSE,FALSE,FALSE,FALSE,TRUE,TRUE,TRUE,TRUE,FALSE,TRUE,FALSE,FALSE,FALSE,"ground_ball","pull",0,1,-2,2,0,2,0,2,2,0,FALSE,FALSE,FALSE,FALSE,FALSE,FALSE,0,0,FALSE,0.510011400883568,0.264190609670638,-0.245820791212931,"sabrhood_empirical_re24_v1",0.902439024390244,47.4,TRUE,FALSE,"ahead","sabrhood_context_proxy_v1",0.661764705882353,68,"mlbam_hit_coordinates_pull_rate_leader_v1","2026-07-21","2026-07-22 16:52:48 UTC"
311784,"823369",2026-06-13,71,2,"c0795668-24f8-3d33-bfcd-c21c3d9ba3e0",9,"top",TRUE,"Miami Marlins","Pittsburgh Pirates","Pittsburgh Pirates","Miami Marlins","642397","Gregory Soto","L","665923","Esteury Ruiz","R",0,0,TRUE,FALSE,FALSE,"single","Single","single","In play, no out","FF","Four-Seam Fastball",TRUE,FALSE,97.2,-7,10,7,99.62,127.36,"ground_ball",,0,3,2,3,2,2,TRUE,FALSE,FALSE,FALSE,FALSE,TRUE,FALSE,TRUE,TRUE,FALSE,TRUE,FALSE,FALSE,FALSE,"ground_ball","pull",1,0,1,2,3,2,3,-1,-1,0,TRUE,FALSE,FALSE,FALSE,FALSE,FALSE,0,1,FALSE,0.510011400883568,0.914046121593291,0.404034720709723,"sabrhood_empirical_re24_v1",1.45755700146737,59.3,TRUE,FALSE,"behind","sabrhood_context_proxy_v1",0.661764705882353,68,"mlbam_hit_coordinates_pull_rate_leader_v1","2026-07-21","2026-07-22 16:52:48 UTC"
315162,"823368",2026-06-14,51,3,"3ba9a54e-3bda-309b-be15-0915c32ccdae",7,"top",TRUE,"Miami Marlins","Pittsburgh Pirates","Pittsburgh Pirates","Miami Marlins","681895","Evan Sisk","L","665923","Esteury Ruiz","R",0,0,TRUE,TRUE,FALSE,"double","Double","double","In play, no out","SI","Sinker",TRUE,FALSE,103.6,16,239,7,60.99,128.65,"line_drive",,0,1,2,1,2,3,TRUE,FALSE,FALSE,FALSE,FALSE,TRUE,FALSE,TRUE,TRUE,FALSE,FALSE,TRUE,FALSE,FALSE,"line_drive","pull",2,0,-1,2,1,2,1,1,1,0,TRUE,TRUE,FALSE,FALSE,FALSE,FALSE,0,3,FALSE,0.510011400883568,1.47296661965209,0.962955218768524,"sabrhood_empirical_re24_v1",1.32799637911472,57,TRUE,FALSE,"ahead","sabrhood_context_proxy_v1",0.661764705882353,68,"mlbam_hit_coordinates_pull_rate_leader_v1","2026-07-21","2026-07-22 16:52:48 UTC"
319227,"823452",2026-06-15,72,4,"a7d788e5-ef7e-31de-8945-2abc83ab0457",9,"top",TRUE,"Miami Marlins","Philadelphia Phillies","Philadelphia Phillies","Miami Marlins","663767","Chase Shugart","R","665923","Esteury Ruiz","R",0,1,TRUE,FALSE,FALSE,"field_out","Lineout","field_out","In play, out(s)","ST","Sweeper",TRUE,TRUE,86.4,23,289,7,69.11,97.93,"line_drive",,0,7,0,7,0,4,FALSE,FALSE,FALSE,FALSE,FALSE,TRUE,TRUE,TRUE,FALSE,FALSE,FALSE,TRUE,FALSE,FALSE,"line_drive","pull",0,1,7,0,7,0,7,-7,-7,0,TRUE,FALSE,FALSE,TRUE,FALSE,FALSE,1,1,FALSE,0.914046121593291,0.477848983003622,-0.436197138589669,"sabrhood_empirical_re24_v1",0.578195521601202,36.6,FALSE,FALSE,"large_deficit","sabrhood_context_proxy_v1",0.661764705882353,68,"mlbam_hit_coordinates_pull_rate_leader_v1","2026-07-21","2026-07-22 16:52:48 UTC"
321915,"823451",2026-06-16,36,1,"b1f5ac10-fff6-38a6-b204-a03732eb5ee7",5,"top",TRUE,"Miami Marlins","Philadelphia Phillies","Philadelphia Phillies","Miami Marlins","666200","Jesús Luzardo","L","665923","Esteury Ruiz","R",1,1,TRUE,TRUE,FALSE,"single","Single","single","In play, no out","CH","Changeup",TRUE,TRUE,70.4,28,227,9,165.9,108.68,"fly_ball",,0,8,0,8,0,1,TRUE,FALSE,FALSE,FALSE,FALSE,TRUE,FALSE,TRUE,FALSE,FALSE,FALSE,FALSE,TRUE,FALSE,"fly_ball","opposite",1,0,8,0,8,0,8,-8,-8,0,TRUE,TRUE,FALSE,TRUE,FALSE,FALSE,1,3,FALSE,0.477848983003622,0.892281594571671,0.414432611568049,"sabrhood_empirical_re24_v1",0.424416304148881,29.8,FALSE,FALSE,"large_deficit","sabrhood_context_proxy_v1",0.661764705882353,68,"mlbam_hit_coordinates_pull_rate_leader_v1","2026-07-21","2026-07-22 16:52:48 UTC"
321975,"823451",2026-06-16,51,2,"43818813-54ab-3994-abe0-21ce78d44341",7,"top",TRUE,"Miami Marlins","Philadelphia Phillies","Philadelphia Phillies","Miami Marlins","666200","Jesús Luzardo","L","665923","Esteury Ruiz","R",0,0,FALSE,FALSE,FALSE,"home_run","Home Run","home_run","In play, run(s)","ST","Sweeper",TRUE,TRUE,98,29,358,7,48.1,77.01,"fly_ball",,2,8,0,8,2,2,TRUE,TRUE,FALSE,FALSE,FALSE,TRUE,FALSE,TRUE,TRUE,TRUE,FALSE,FALSE,TRUE,FALSE,"fly_ball","pull",4,0,6,0,8,2,8,-8,-6,2,FALSE,FALSE,FALSE,FALSE,TRUE,FALSE,2,0,TRUE,1.2200328407225,0.510011400883568,1.28997856016107,"sabrhood_empirical_re24_v1",0.501652424363362,33.4,FALSE,FALSE,"large_deficit","sabrhood_context_proxy_v1",0.661764705882353,68,"mlbam_hit_coordinates_pull_rate_leader_v1","2026-07-21","2026-07-22 16:52:48 UTC"
326781,"823450",2026-06-17,15,2,"f48967bb-c7e6-3fd6-bd3e-245d7b2036e3",2,"top",TRUE,"Miami Marlins","Philadelphia Phillies","Philadelphia Phillies","Miami Marlins","691725","Andrew Painter","R","665923","Esteury Ruiz","R",1,1,FALSE,TRUE,TRUE,"double","Double","double","In play, no out","ST","Sweeper",TRUE,TRUE,103.6,19,282,7,40,98,"line_drive",,0,2,3,2,3,2,TRUE,FALSE,FALSE,FALSE,FALSE,TRUE,FALSE,TRUE,TRUE,FALSE,FALSE,TRUE,FALSE,FALSE,"line_drive","pull",2,0,-1,3,2,3,2,1,1,0,FALSE,TRUE,TRUE,TRUE,FALSE,FALSE,1,6,FALSE,0.477848983003622,1.38095238095238,0.903103397948759,"sabrhood_empirical_re24_v1",1.03871878265491,50.9,TRUE,FALSE,"ahead","sabrhood_context_proxy_v1",0.661764705882353,68,"mlbam_hit_coordinates_pull_rate_leader_v1","2026-07-21","2026-07-22 16:52:48 UTC"
326849,"823450",2026-06-17,31,4,"06ea17ae-8d59-3c05-8ef4-669ac52cc9fa",3,"top",TRUE,"Miami Marlins","Philadelphia Phillies","Philadelphia Phillies","Miami Marlins","641835","Tim Mayza","L","665923","Esteury Ruiz","R",2,3,FALSE,FALSE,FALSE,"field_out","Pop Out","field_out","In play, out(s)","SL","Slider",TRUE,TRUE,59.3,47,164,6,122.09,135.91,"popup",,0,4,6,4,6,4,FALSE,FALSE,FALSE,FALSE,FALSE,TRUE,TRUE,TRUE,FALSE,FALSE,FALSE,FALSE,FALSE,TRUE,"popup","pull",0,1,-2,6,4,6,4,2,2,0,FALSE,FALSE,FALSE,TRUE,FALSE,FALSE,1,0,FALSE,0.211292747087561,0,-0.211292747087561,"sabrhood_empirical_re24_v1",0.777123633305299,43.7,TRUE,FALSE,"ahead","sabrhood_context_proxy_v1",0.661764705882353,68,"mlbam_hit_coordinates_pull_rate_leader_v1","2026-07-21","2026-07-22 16:52:48 UTC"
326917,"823450",2026-06-17,52,1,"4a09239c-66a8-3973-a6a8-424b19193794",6,"top",TRUE,"Miami Marlins","Philadelphia Phillies","Philadelphia Phillies","Miami Marlins","621383","Tanner Banks","L","665923","Esteury Ruiz","R",0,0,FALSE,TRUE,FALSE,"double","Double","double","In play, no out","SL","Slider",TRUE,TRUE,76.8,14,136,7,54.3,133.31,"ground_ball",,0,4,8,4,8,1,TRUE,FALSE,FALSE,FALSE,FALSE,TRUE,FALSE,TRUE,FALSE,FALSE,TRUE,FALSE,FALSE,FALSE,"ground_ball","pull",2,0,-4,8,4,8,4,4,4,0,FALSE,TRUE,FALSE,FALSE,FALSE,FALSE,0,2,FALSE,0.510011400883568,1.2200328407225,0.710021439838927,"sabrhood_empirical_re24_v1",0.62290782073288,38.4,FALSE,FALSE,"comfortable_lead","sabrhood_context_proxy_v1",0.661764705882353,68,"mlbam_hit_coordinates_pull_rate_leader_v1","2026-07-21","2026-07-22 16:52:48 UTC"
327011,"823450",2026-06-17,79,2,"9b51689b-b5f4-3771-8fc6-85238acb2d8b",9,"top",TRUE,"Miami Marlins","Philadelphia Phillies","Philadelphia Phillies","Miami Marlins","663767","Chase Shugart","R","665923","Esteury Ruiz","R",2,2,TRUE,FALSE,FALSE,"single","Single","single","In play, no out","ST","Sweeper",TRUE,TRUE,90,14,205,9,177.95,100.81,"line_drive",,0,4,12,4,12,2,TRUE,FALSE,FALSE,FALSE,FALSE,TRUE,FALSE,TRUE,FALSE,FALSE,FALSE,TRUE,FALSE,FALSE,"line_drive","opposite",1,0,-8,12,4,12,4,8,8,0,TRUE,FALSE,FALSE,FALSE,FALSE,FALSE,0,1,FALSE,0.0984681101782295,0.211292747087561,0.112824636909332,"sabrhood_empirical_re24_v1",0.430151659610353,30.1,FALSE,FALSE,"comfortable_lead","sabrhood_context_proxy_v1",0.661764705882353,68,"mlbam_hit_coordinates_pull_rate_leader_v1","2026-07-21","2026-07-22 16:52:48 UTC"
338500,"823854",2026-06-20,49,3,"ac8b5bed-3458-3459-8637-f15a9fcdc9cf",5,"bottom",FALSE,"Miami Marlins","San Francisco Giants","Miami Marlins","San Francisco Giants","664141","JT Brubaker","R","665923","Esteury Ruiz","R",0,1,FALSE,FALSE,FALSE,"field_out","Lineout","field_out","In play, out(s)","SI","Sinker",TRUE,TRUE,85,24,301,8,129.58,78.76,"line_drive",,0,6,2,6,2,3,FALSE,FALSE,FALSE,FALSE,FALSE,TRUE,TRUE,TRUE,FALSE,FALSE,FALSE,TRUE,FALSE,FALSE,"line_drive","middle",0,1,-4,6,2,6,2,4,4,0,FALSE,FALSE,FALSE,FALSE,FALSE,FALSE,0,0,FALSE,0.510011400883568,0.264190609670638,-0.245820791212931,"sabrhood_empirical_re24_v1",0.590963829926065,37.1,FALSE,FALSE,"comfortable_lead","sabrhood_context_proxy_v1",0.661764705882353,68,"mlbam_hit_coordinates_pull_rate_leader_v1","2026-07-21","2026-07-22 16:52:48 UTC"
338574,"823854",2026-06-20,65,3,"daa92a0f-f47b-3a8f-9776-f06f5bbcde30",7,"bottom",FALSE,"Miami Marlins","San Francisco Giants","Miami Marlins","San Francisco Giants","663941","Tristan Beck","R","665923","Esteury Ruiz","R",1,2,FALSE,FALSE,FALSE,"field_out","Pop Out","field_out","In play, out(s)","ST","Sweeper",TRUE,TRUE,66,72,90,3,161.93,192.82,"popup",,0,6,2,6,2,3,FALSE,FALSE,FALSE,FALSE,FALSE,TRUE,TRUE,TRUE,FALSE,FALSE,FALSE,FALSE,FALSE,TRUE,"popup","opposite",0,1,-4,6,2,6,2,4,4,0,FALSE,FALSE,FALSE,FALSE,FALSE,FALSE,0,0,FALSE,0.264190609670638,0.0984681101782295,-0.165722499492408,"sabrhood_empirical_re24_v1",0.609689617640405,37.9,FALSE,FALSE,"comfortable_lead","sabrhood_context_proxy_v1",0.661764705882353,68,"mlbam_hit_coordinates_pull_rate_leader_v1","2026-07-21","2026-07-22 16:52:48 UTC"
342298,"823852",2026-06-21,35,3,"4cd0e468-e54d-3e10-b8c3-070b8dfccab6",5,"bottom",FALSE,"Miami Marlins","San Francisco Giants","Miami Marlins","San Francisco Giants","657277","Logan Webb","R","665923","Esteury Ruiz","R",0,0,TRUE,FALSE,FALSE,"single","Single","single","In play, no out","CH","Changeup",TRUE,TRUE,97.8,12,204,7,70.82,103.94,"line_drive",,0,2,1,2,1,3,TRUE,FALSE,FALSE,FALSE,FALSE,TRUE,FALSE,TRUE,TRUE,FALSE,FALSE,TRUE,FALSE,FALSE,"line_drive","pull",1,0,-1,2,1,2,1,1,1,0,TRUE,FALSE,FALSE,FALSE,FALSE,FALSE,0,1,FALSE,0.510011400883568,0.914046121593291,0.404034720709723,"sabrhood_empirical_re24_v1",1.19843575676206,54.5,TRUE,FALSE,"ahead","sabrhood_context_proxy_v1",0.661764705882353,68,"mlbam_hit_coordinates_pull_rate_leader_v1","2026-07-21","2026-07-22 16:52:48 UTC"
342348,"823852",2026-06-21,52,8,"0254a9b7-e29a-3227-acb2-ca07f819282b",7,"bottom",FALSE,"Miami Marlins","San Francisco Giants","Miami Marlins","San Francisco Giants","657277","Logan Webb","R","665923","Esteury Ruiz","R",2,3,FALSE,FALSE,FALSE,"field_out","Flyout","field_out","In play, out(s)","SI","Sinker",TRUE,TRUE,90.2,31,312,9,183.88,87.63,"fly_ball",,0,2,1,2,1,8,FALSE,FALSE,FALSE,FALSE,FALSE,TRUE,TRUE,TRUE,FALSE,FALSE,FALSE,FALSE,TRUE,FALSE,"fly_ball","opposite",0,1,-1,2,1,2,1,1,1,0,FALSE,FALSE,FALSE,FALSE,FALSE,FALSE,0,0,FALSE,0.0984681101782295,0,-0.0984681101782295,"sabrhood_empirical_re24_v1",1.14482446475406,53.4,TRUE,FALSE,"ahead","sabrhood_context_proxy_v1",0.661764705882353,68,"mlbam_hit_coordinates_pull_rate_leader_v1","2026-07-21","2026-07-22 16:52:48 UTC"
353489,"823850",2026-06-24,50,4,"d78fd6dc-b5b1-3bcc-8c94-64f520a433b1",7,"bottom",FALSE,"Miami Marlins","Texas Rangers","Miami Marlins","Texas Rangers","641302","Tyler Alexander","L","665923","Esteury Ruiz","R",1,2,FALSE,FALSE,FALSE,"field_out","Pop Out","field_out","In play, out(s)","CH","Changeup",TRUE,TRUE,84.1,75,102,3,155.5,194,"popup",,0,2,1,2,1,4,FALSE,FALSE,FALSE,FALSE,FALSE,TRUE,TRUE,TRUE,FALSE,FALSE,FALSE,FALSE,FALSE,TRUE,"popup","opposite",0,1,-1,2,1,2,1,1,1,0,FALSE,FALSE,FALSE,FALSE,FALSE,FALSE,0,0,FALSE,0.264190609670638,0.0984681101782295,-0.165722499492408,"sabrhood_empirical_re24_v1",1.23641042193439,55.3,TRUE,FALSE,"ahead","sabrhood_context_proxy_v1",0.661764705882353,68,"mlbam_hit_coordinates_pull_rate_leader_v1","2026-07-21","2026-07-22 16:52:48 UTC"
363541,"823039",2026-06-26,10,1,"8239ccad-d589-31ec-91dc-e11fa8a29f19",2,"top",TRUE,"Miami Marlins","St. Louis Cardinals","St. Louis Cardinals","Miami Marlins","700241","Michael McGreevy","R","665923","Esteury Ruiz","R",2,3,FALSE,FALSE,FALSE,"field_out","Lineout","field_out","In play, out(s)","SI","Sinker",TRUE,TRUE,69.8,20,160,6,97.24,144.22,"line_drive",,0,0,0,0,0,1,FALSE,FALSE,FALSE,FALSE,FALSE,TRUE,TRUE,TRUE,FALSE,FALSE,FALSE,TRUE,FALSE,FALSE,"line_drive","pull",0,1,0,0,0,0,0,0,0,0,FALSE,FALSE,FALSE,FALSE,FALSE,FALSE,0,0,FALSE,0.0984681101782295,0,-0.0984681101782295,"sabrhood_empirical_re24_v1",1.19903205240687,54.5,TRUE,FALSE,"tied","sabrhood_context_proxy_v1",0.661764705882353,68,"mlbam_hit_coordinates_pull_rate_leader_v1","2026-07-21","2026-07-22 16:52:48 UTC"
363607,"823039",2026-06-26,28,1,"02b461ec-3c3d-3686-92df-4b8a9db7ddfc",5,"top",TRUE,"Miami Marlins","St. Louis Cardinals","St. Louis Cardinals","Miami Marlins","700241","Michael McGreevy","R","665923","Esteury Ruiz","R",0,0,TRUE,FALSE,FALSE,"single","Single","single","In play, no out","ST","Sweeper",TRUE,TRUE,77.5,-5,22,5,107.67,168.91,"ground_ball",,0,0,0,0,0,1,TRUE,FALSE,FALSE,FALSE,FALSE,TRUE,FALSE,TRUE,FALSE,FALSE,TRUE,FALSE,FALSE,FALSE,"ground_ball","pull",1,0,0,0,0,0,0,0,0,0,TRUE,FALSE,FALSE,FALSE,FALSE,FALSE,0,1,FALSE,0.510011400883568,0.914046121593291,0.404034720709723,"sabrhood_empirical_re24_v1",1.66007921578397,62.4,TRUE,TRUE,"tied","sabrhood_context_proxy_v1",0.661764705882353,68,"mlbam_hit_coordinates_pull_rate_leader_v1","2026-07-21","2026-07-22 16:52:48 UTC"
363700,"823039",2026-06-26,50,5,"c2342d07-61eb-30d2-a257-a7e02c6504d9",8,"top",TRUE,"Miami Marlins","St. Louis Cardinals","St. Louis Cardinals","Miami Marlins","666277","George Soriano","R","665923","Esteury Ruiz","R",0,0,TRUE,FALSE,FALSE,"single","Single","single","In play, no out","ST","Sweeper",TRUE,TRUE,80,22,236,7,95.18,90.75,"line_drive",,0,0,0,0,0,5,TRUE,FALSE,FALSE,FALSE,FALSE,TRUE,FALSE,TRUE,FALSE,FALSE,FALSE,TRUE,FALSE,FALSE,"line_drive","pull",1,0,0,0,0,0,0,0,0,0,TRUE,FALSE,FALSE,FALSE,FALSE,FALSE,0,1,FALSE,0.510011400883568,0.914046121593291,0.404034720709723,"sabrhood_empirical_re24_v1",1.92928125077596,65.9,TRUE,TRUE,"tied","sabrhood_context_proxy_v1",0.661764705882353,68,"mlbam_hit_coordinates_pull_rate_leader_v1","2026-07-21","2026-07-22 16:52:48 UTC"
368157,"823038",2026-06-27,60,1,"6fb3c7d2-100d-3863-a44e-658a3c112bf1",8,"top",TRUE,"Miami Marlins","St. Louis Cardinals","St. Louis Cardinals","Miami Marlins","677865","Justin Bruihl","L","665923","Esteury Ruiz","R",0,1,FALSE,FALSE,FALSE,"field_out","Pop Out","field_out","In play, out(s)","ST","Sweeper",TRUE,TRUE,59.4,41,170,4,153.67,139.12,"popup",,0,1,5,1,5,1,FALSE,FALSE,FALSE,FALSE,FALSE,TRUE,TRUE,TRUE,FALSE,FALSE,FALSE,FALSE,FALSE,TRUE,"popup","opposite",0,1,-4,5,1,5,1,4,4,0,FALSE,FALSE,FALSE,FALSE,FALSE,FALSE,0,0,FALSE,0.510011400883568,0.264190609670638,-0.245820791212931,"sabrhood_empirical_re24_v1",0.686795802346508,40.7,FALSE,FALSE,"comfortable_lead","sabrhood_context_proxy_v1",0.661764705882353,68,"mlbam_hit_coordinates_pull_rate_leader_v1","2026-07-21","2026-07-22 16:52:48 UTC"
372401,"823037",2026-06-28,45,5,"437547c5-aa22-3dfc-aa45-4a462c334563",7,"top",TRUE,"Miami Marlins","St. Louis Cardinals","St. Louis Cardinals","Miami Marlins","668941","JoJo Romero","L","665923","Esteury Ruiz","R",0,1,FALSE,FALSE,FALSE,"field_out","Flyout","field_out","In play, out(s)","CH","Changeup",TRUE,TRUE,91.3,36,343,7,50.21,82.78,"fly_ball",,0,2,1,2,1,5,FALSE,FALSE,FALSE,FALSE,FALSE,TRUE,TRUE,TRUE,FALSE,FALSE,FALSE,FALSE,TRUE,FALSE,"fly_ball","pull",0,1,1,1,2,1,2,-1,-1,0,FALSE,FALSE,FALSE,FALSE,FALSE,FALSE,0,0,FALSE,0.510011400883568,0.264190609670638,-0.245820791212931,"sabrhood_empirical_re24_v1",1.32799637911472,57,TRUE,FALSE,"behind","sabrhood_context_proxy_v1",0.661764705882353,68,"mlbam_hit_coordinates_pull_rate_leader_v1","2026-07-21","2026-07-22 16:52:48 UTC"
376307,"824339",2026-06-29,22,2,"9c1de6b0-61e9-3ab2-b94e-2edc50b8310b",3,"top",TRUE,"Miami Marlins","Colorado Rockies","Colorado Rockies","Miami Marlins","807743","Sean Sullivan","L","665923","Esteury Ruiz","R",1,2,FALSE,FALSE,TRUE,"field_out","Flyout","field_out","In play, out(s)","CH","Changeup",TRUE,TRUE,76.1,43,276,8,108.21,90.6,"fly_ball",,0,3,2,3,2,2,FALSE,FALSE,FALSE,FALSE,FALSE,TRUE,TRUE,TRUE,FALSE,FALSE,FALSE,FALSE,TRUE,FALSE,"fly_ball","middle",0,1,1,2,3,2,3,-1,-1,0,FALSE,FALSE,TRUE,FALSE,FALSE,TRUE,4,4,TRUE,0.944527736131934,0.390745501285347,-0.553782234846587,"sabrhood_empirical_re24_v1",1.1057328976649,52.5,TRUE,FALSE,"behind","sabrhood_context_proxy_v1",0.661764705882353,68,"mlbam_hit_coordinates_pull_rate_leader_v1","2026-07-21","2026-07-22 16:52:48 UTC"
376372,"824339",2026-06-29,40,1,"3da5aae0-2f16-39b3-9ab8-a70a93d2a112",5,"top",TRUE,"Miami Marlins","Colorado Rockies","Colorado Rockies","Miami Marlins","807743","Sean Sullivan","L","665923","Esteury Ruiz","R",0,1,TRUE,FALSE,FALSE,"field_out","Pop Out","field_out","In play, out(s)","CH","Changeup",TRUE,TRUE,81.5,84,35,2,120.39,218.57,"popup",,0,5,3,5,3,1,FALSE,FALSE,FALSE,FALSE,FALSE,TRUE,TRUE,TRUE,FALSE,FALSE,FALSE,FALSE,FALSE,TRUE,"popup",,0,1,2,3,5,3,5,-2,-2,0,TRUE,FALSE,FALSE,TRUE,FALSE,FALSE,1,1,FALSE,0.914046121593291,0.477848983003622,-0.436197138589669,"sabrhood_empirical_re24_v1",0.995794785534062,49.9,TRUE,FALSE,"behind","sabrhood_context_proxy_v1",0.661764705882353,68,"mlbam_hit_coordinates_pull_rate_leader_v1","2026-07-21","2026-07-22 16:52:48 UTC"
396686,"824983",2026-07-04,72,1,"c126e536-f768-3e2c-9b0c-cbfe013e7430",9,"top",TRUE,"Miami Marlins","Athletics","Athletics","Miami Marlins","695034","Kade Morris","R","665923","Esteury Ruiz","R",1,2,TRUE,TRUE,FALSE,"force_out","Forceout","force_out","In play, out(s)","SI","Sinker",TRUE,TRUE,46.2,-1,25,5,90.52,169.59,"ground_ball",,0,1,7,1,7,1,FALSE,FALSE,FALSE,FALSE,FALSE,TRUE,TRUE,TRUE,FALSE,FALSE,TRUE,FALSE,FALSE,FALSE,"ground_ball","pull",0,1,-6,7,1,7,1,6,6,0,TRUE,TRUE,FALSE,TRUE,TRUE,FALSE,3,3,TRUE,0.892281594571671,0.42736446843464,-0.464917126137031,"sabrhood_empirical_re24_v1",0.64065716281564,39,FALSE,FALSE,"comfortable_lead","sabrhood_context_proxy_v1",0.661764705882353,68,"mlbam_hit_coordinates_pull_rate_leader_v1","2026-07-21","2026-07-22 16:52:48 UTC"
400641,"824980",2026-07-05,5,1,"f3cc61e6-81cf-3845-90e5-b7b1b95f044d",1,"top",TRUE,"Miami Marlins","Athletics","Athletics","Miami Marlins","695611","Gage Jump","L","665923","Esteury Ruiz","R",2,3,FALSE,FALSE,FALSE,"field_out","Flyout","field_out","In play, out(s)","CU","Curveball",TRUE,TRUE,84.3,51,255,7,82.95,107.01,"fly_ball",,0,0,1,0,1,1,FALSE,FALSE,FALSE,FALSE,FALSE,TRUE,TRUE,TRUE,FALSE,FALSE,FALSE,FALSE,TRUE,FALSE,"fly_ball","pull",0,1,-1,1,0,1,0,1,1,0,FALSE,FALSE,FALSE,FALSE,TRUE,TRUE,6,0,TRUE,0.52437417654809,0,-0.52437417654809,"sabrhood_empirical_re24_v1",1.00409482323308,50.1,TRUE,FALSE,"ahead","sabrhood_context_proxy_v1",0.661764705882353,68,"mlbam_hit_coordinates_pull_rate_leader_v1","2026-07-21","2026-07-22 16:52:48 UTC"
400762,"824980",2026-07-05,32,4,"3186ac0d-368d-3612-a688-43a97b007518",4,"top",TRUE,"Miami Marlins","Athletics","Athletics","Miami Marlins","686930","Mason Barnett","R","665923","Esteury Ruiz","R",2,3,FALSE,FALSE,FALSE,"field_out","Lineout","field_out","In play, out(s)","FF","Four-Seam Fastball",TRUE,TRUE,74.4,16,158,6,124.72,192.74,"line_drive",,0,0,6,0,6,4,FALSE,FALSE,FALSE,FALSE,FALSE,TRUE,TRUE,TRUE,FALSE,FALSE,FALSE,TRUE,FALSE,FALSE,"line_drive","pull",0,1,-6,6,0,6,0,6,6,0,FALSE,FALSE,FALSE,FALSE,FALSE,FALSE,0,0,FALSE,0.0984681101782295,0,-0.0984681101782295,"sabrhood_empirical_re24_v1",0.37749159425164,27.4,FALSE,FALSE,"comfortable_lead","sabrhood_context_proxy_v1",0.661764705882353,68,"mlbam_hit_coordinates_pull_rate_leader_v1","2026-07-21","2026-07-22 16:52:48 UTC"
400824,"824980",2026-07-05,47,7,"9c417987-bb6c-3301-b509-bd240984a26e",6,"top",TRUE,"Miami Marlins","Athletics","Athletics","Miami Marlins","686993","Justin Sterner","R","665923","Esteury Ruiz","R",2,3,FALSE,FALSE,FALSE,"double","Double","double","In play, out(s)","FC","Cutter",TRUE,TRUE,105.8,22,350,7,39.19,86.66,"line_drive",,0,0,8,0,8,7,TRUE,FALSE,FALSE,FALSE,FALSE,TRUE,FALSE,TRUE,TRUE,TRUE,FALSE,TRUE,FALSE,FALSE,"line_drive","pull",2,1,-8,8,0,8,0,8,8,0,FALSE,FALSE,FALSE,TRUE,FALSE,FALSE,1,0,FALSE,0.211292747087561,0,-0.211292747087561,"sabrhood_empirical_re24_v1",0.417533877595116,29.5,FALSE,FALSE,"comfortable_lead","sabrhood_context_proxy_v1",0.661764705882353,68,"mlbam_hit_coordinates_pull_rate_leader_v1","2026-07-21","2026-07-22 16:52:48 UTC"
415886,"823846",2026-07-09,16,2,"7ed39249-906f-3d86-bf7e-d56128052385",2,"bottom",FALSE,"Miami Marlins","Seattle Mariners","Miami Marlins","Seattle Mariners","682243","Bryce Miller","R","665923","Esteury Ruiz","R",0,1,FALSE,FALSE,FALSE,"field_out","Flyout","field_out","In play, out(s)","FF","Four-Seam Fastball",TRUE,TRUE,86.5,40,274,9,201.05,117.96,"fly_ball",,0,1,1,1,1,2,FALSE,FALSE,FALSE,FALSE,FALSE,TRUE,TRUE,TRUE,FALSE,FALSE,FALSE,FALSE,TRUE,FALSE,"fly_ball","opposite",0,1,0,1,1,1,1,0,0,0,FALSE,FALSE,FALSE,FALSE,FALSE,FALSE,0,0,FALSE,0.510011400883568,0.264190609670638,-0.245820791212931,"sabrhood_empirical_re24_v1",1.39087718079197,58.2,TRUE,FALSE,"tied","sabrhood_context_proxy_v1",0.661764705882353,68,"mlbam_hit_coordinates_pull_rate_leader_v1","2026-07-21","2026-07-22 16:52:48 UTC"
416043,"823846",2026-07-09,61,2,"99e3a547-b249-350e-b604-fba621d0a7df",7,"bottom",FALSE,"Miami Marlins","Seattle Mariners","Miami Marlins","Seattle Mariners","621074","Michael Rucker","R","665923","Esteury Ruiz","R",1,1,TRUE,FALSE,TRUE,"single","Single","single","In play, no out","SI","Sinker",TRUE,TRUE,94.2,13,233,9,190.26,106.63,"line_drive",,0,6,2,6,2,2,TRUE,FALSE,FALSE,FALSE,FALSE,TRUE,FALSE,TRUE,FALSE,FALSE,FALSE,TRUE,FALSE,FALSE,"line_drive","opposite",1,0,-4,6,2,6,2,4,4,0,TRUE,FALSE,TRUE,FALSE,TRUE,FALSE,2,5,TRUE,0.616115545419992,1.15758468335788,0.541469137937887,"sabrhood_empirical_re24_v1",0.677432908489339,40.4,FALSE,FALSE,"comfortable_lead","sabrhood_context_proxy_v1",0.661764705882353,68,"mlbam_hit_coordinates_pull_rate_leader_v1","2026-07-21","2026-07-22 16:52:48 UTC"
428543,"823842",2026-07-12,16,1,"9907ed07-b0ad-3650-9cdc-3667adffb3b0",2,"bottom",FALSE,"Miami Marlins","Cleveland Guardians","Miami Marlins","Cleveland Guardians","676282","Joey Cantillo","L","665923","Esteury Ruiz","R",0,1,TRUE,TRUE,TRUE,"field_out","Pop Out","field_out","In play, out(s)","CU","Curveball",TRUE,TRUE,95.8,62,180,6,101.04,145.59,"popup",,0,0,2,0,2,1,FALSE,FALSE,FALSE,FALSE,FALSE,TRUE,TRUE,TRUE,TRUE,FALSE,FALSE,FALSE,FALSE,TRUE,"popup","pull",0,1,2,0,2,0,2,-2,-2,0,TRUE,TRUE,TRUE,TRUE,TRUE,TRUE,7,7,TRUE,2.46905537459283,1.60177705977383,-0.867278314819005,"sabrhood_empirical_re24_v1",0.990748528174937,49.8,TRUE,FALSE,"behind","sabrhood_context_proxy_v1",0.661764705882353,68,"mlbam_hit_coordinates_pull_rate_leader_v1","2026-07-21","2026-07-22 16:52:48 UTC"
438901,"823763",2026-07-18,11,2,"2c67c6d3-4b5e-3f56-a8c2-fd6cc07ea501",2,"top",TRUE,"Miami Marlins","Milwaukee Brewers","Milwaukee Brewers","Miami Marlins","675660","Shane Drohan","L","665923","Esteury Ruiz","R",0,0,TRUE,TRUE,TRUE,"single","Single","single","In play, no out","FF","Four-Seam Fastball",TRUE,TRUE,16.2,-51,3,1,124.89,200.12,"bunt_grounder",,0,0,1,0,1,2,TRUE,FALSE,FALSE,FALSE,FALSE,TRUE,FALSE,TRUE,FALSE,FALSE,TRUE,FALSE,FALSE,FALSE,"ground_ball",,1,0,-1,1,0,1,0,1,1,0,TRUE,TRUE,TRUE,TRUE,TRUE,FALSE,3,7,TRUE,1.47296661965209,2.46905537459283,0.996088754940742,"sabrhood_empirical_re24_v1",1.21183857976406,54.8,TRUE,FALSE,"ahead","sabrhood_context_proxy_v1",0.661764705882353,68,"mlbam_hit_coordinates_pull_rate_leader_v1","2026-07-21","2026-07-22 16:52:48 UTC"
442846,"823764",2026-07-19,13,3,"1bbf6b92-b77c-3145-9322-5504eae364d2",3,"top",TRUE,"Miami Marlins","Milwaukee Brewers","Milwaukee Brewers","Miami Marlins","688107","Robert Gasser","L","665923","Esteury Ruiz","R",1,1,FALSE,FALSE,FALSE,"home_run","Home Run","home_run","In play, run(s)","ST","Sweeper",TRUE,TRUE,108,30,420,7,8.29,74.52,"fly_ball",,1,0,0,0,1,3,TRUE,TRUE,FALSE,FALSE,FALSE,TRUE,FALSE,TRUE,TRUE,TRUE,FALSE,FALSE,TRUE,FALSE,"fly_ball","pull",4,0,-1,0,0,1,0,0,1,1,FALSE,FALSE,FALSE,FALSE,FALSE,FALSE,0,0,FALSE,0.264190609670638,0.264190609670638,1,"sabrhood_empirical_re24_v1",1.37850007573487,58,TRUE,FALSE,"tied","sabrhood_context_proxy_v1",0.661764705882353,68,"mlbam_hit_coordinates_pull_rate_leader_v1","2026-07-21","2026-07-22 16:52:48 UTC"
442916,"823764",2026-07-19,30,3,"ca24c81b-d4b7-3ef3-b657-561d2b791b58",5,"top",TRUE,"Miami Marlins","Milwaukee Brewers","Milwaukee Brewers","Miami Marlins","688107","Robert Gasser","L","665923","Esteury Ruiz","R",1,2,TRUE,FALSE,FALSE,"field_out","Flyout","field_out","In play, out(s)","FF","Four-Seam Fastball",TRUE,TRUE,92.2,36,335,7,68.52,76.87,"fly_ball",,0,0,1,0,1,3,FALSE,FALSE,FALSE,FALSE,FALSE,TRUE,TRUE,TRUE,FALSE,FALSE,FALSE,FALSE,TRUE,FALSE,"fly_ball","pull",0,1,-1,1,0,1,0,1,1,0,TRUE,FALSE,FALSE,TRUE,FALSE,FALSE,1,1,FALSE,0.477848983003622,0.211292747087561,-0.266556235916061,"sabrhood_empirical_re24_v1",1.23976112768489,55.4,TRUE,FALSE,"ahead","sabrhood_context_proxy_v1",0.661764705882353,68,"mlbam_hit_coordinates_pull_rate_leader_v1","2026-07-21","2026-07-22 16:52:48 UTC"
448217,"824167",2026-07-20,52,1,"3a285ba4-4dec-3d7f-9d38-057ca415f831",7,"top",TRUE,"Miami Marlins","Houston Astros","Houston Astros","Miami Marlins","595345","Steven Okert","L","665923","Esteury Ruiz","R",0,1,TRUE,FALSE,FALSE,"field_out","Pop Out","field_out","In play, out(s)","SL","Slider",TRUE,TRUE,91.2,70,118,5,84.33,185.04,"popup",,0,7,4,7,4,1,FALSE,FALSE,FALSE,FALSE,FALSE,TRUE,TRUE,TRUE,FALSE,FALSE,FALSE,FALSE,FALSE,TRUE,"popup","pull",0,1,3,4,7,4,7,-3,-3,0,TRUE,FALSE,FALSE,TRUE,FALSE,FALSE,1,1,FALSE,0.914046121593291,0.477848983003622,-0.436197138589669,"sabrhood_empirical_re24_v1",0.871387756397913,46.6,FALSE,FALSE,"behind","sabrhood_context_proxy_v1",0.661764705882353,68,"mlbam_hit_coordinates_pull_rate_leader_v1","2026-07-21","2026-07-22 16:52:48 UTC"
