"pitcher_id","pitcher_name","team","throws","last_appearance","pitches_last_1d","pitches_last_3d","pitches_last_7d","appearances_last_3d","consecutive_days_used","days_rest","pitcher_role","role_confidence","availability_score","availability_status","availability_method","as_of_date","source_through","generated_at_utc","performance_score","performance_reliability","matchup_score","performance_score_used","role_fit_score","selection_score","upcoming_batter_side","leverage_index","selection_method","eligibility_method","selection_rank","matchup_board_method","identity_match_method"
"805299","Brandyn Garcia","Arizona Diamondbacks","L","2026-07-20",0,10,20,1,0,2,"reliever",1,0.944444444444444,"available","sabrhood_workload_heuristic_v1","2026-07-22","2026-07-22","2026-07-23 18:43:06 UTC",0.772505685224839,0.482,1,0.772505685224839,1,92.1,"L",2,"sabrhood_reliever_selector_v1","recent_appearance_proxy",1,"availability_role_matchup_performance_v1","exact_mlbam_id"
"691769","Philip Abner","Arizona Diamondbacks","L","2026-07-19",0,46,46,1,0,3,"reliever",0.25,0.744444444444444,"monitor","sabrhood_workload_heuristic_v1","2026-07-22","2026-07-22","2026-07-23 18:43:06 UTC",0.5,0,1,0.5,1,77.3,"L",2,"sabrhood_reliever_selector_v1","recent_appearance_proxy",2,"availability_role_matchup_performance_v1","exact_mlbam_id"
"642528","Jonathan Loáisiga","Arizona Diamondbacks","R","2026-07-20",0,10,25,1,0,2,"reliever",1,0.944444444444444,"available","sabrhood_workload_heuristic_v1","2026-07-22","2026-07-22","2026-07-23 18:43:06 UTC",0.651005492505353,0.606,0.35,0.651005492505353,1,76.1,"L",2,"sabrhood_reliever_selector_v1","recent_appearance_proxy",3,"availability_role_matchup_performance_v1","exact_mlbam_id"
"642528","Jonathan Loáisiga","Arizona Diamondbacks","R","2026-07-20",0,10,25,1,0,2,"reliever",1,0.944444444444444,"available","sabrhood_workload_heuristic_v1","2026-07-22","2026-07-22","2026-07-23 18:43:06 UTC",0.651005492505353,0.606,0.7,0.651005492505353,1,83.1,"R",2,"sabrhood_reliever_selector_v1","recent_appearance_proxy",1,"availability_role_matchup_performance_v1","exact_mlbam_id"
"805299","Brandyn Garcia","Arizona Diamondbacks","L","2026-07-20",0,10,20,1,0,2,"reliever",1,0.944444444444444,"available","sabrhood_workload_heuristic_v1","2026-07-22","2026-07-22","2026-07-23 18:43:06 UTC",0.772505685224839,0.482,0.4,0.772505685224839,1,80.1,"R",2,"sabrhood_reliever_selector_v1","recent_appearance_proxy",2,"availability_role_matchup_performance_v1","exact_mlbam_id"
"686228","Juan Burgos","Arizona Diamondbacks","R","2026-07-20",0,18,18,1,0,2,"reliever",0.1,0.9,"available","sabrhood_workload_heuristic_v1","2026-07-22","2026-07-22","2026-07-23 18:43:06 UTC",0.5,0,0.7,0.5,1,77.5,"R",2,"sabrhood_reliever_selector_v1","recent_appearance_proxy",3,"availability_role_matchup_performance_v1","exact_mlbam_id"
"666126","Carlos Cortes","Athletics","L","2026-07-17",0,0,23,0,0,5,"reliever",0.3,1,"available","sabrhood_workload_heuristic_v1","2026-07-22","2026-07-22","2026-07-23 18:43:06 UTC",0.5,0,1,0.5,1,87.5,"L",2,"sabrhood_reliever_selector_v1","recent_appearance_proxy",1,"availability_role_matchup_performance_v1","exact_mlbam_id"
"643410","Mark Leiter Jr.","Athletics","R","2026-07-18",0,0,31,0,0,4,"reliever",1,1,"available","sabrhood_workload_heuristic_v1","2026-07-22","2026-07-22","2026-07-23 18:43:06 UTC",0.636184577087794,0.593,0.35,0.636184577087794,1,77.9,"L",2,"sabrhood_reliever_selector_v1","recent_appearance_proxy",2,"availability_role_matchup_performance_v1","exact_mlbam_id"
"695034","Kade Morris","Athletics","R","2026-07-04",0,0,0,0,0,18,"bulk",0.05,1,"available","sabrhood_workload_heuristic_v1","2026-07-22","2026-07-22","2026-07-23 18:43:06 UTC",0.5,0,0.35,0.5,0.7,70,"L",2,"sabrhood_reliever_selector_v1","recent_appearance_proxy",3,"availability_role_matchup_performance_v1","exact_mlbam_id"
"643410","Mark Leiter Jr.","Athletics","R","2026-07-18",0,0,31,0,0,4,"reliever",1,1,"available","sabrhood_workload_heuristic_v1","2026-07-22","2026-07-22","2026-07-23 18:43:06 UTC",0.636184577087794,0.593,0.7,0.636184577087794,1,84.9,"R",2,"sabrhood_reliever_selector_v1","recent_appearance_proxy",1,"availability_role_matchup_performance_v1","exact_mlbam_id"
"695034","Kade Morris","Athletics","R","2026-07-04",0,0,0,0,0,18,"bulk",0.05,1,"available","sabrhood_workload_heuristic_v1","2026-07-22","2026-07-22","2026-07-23 18:43:06 UTC",0.5,0,0.7,0.5,0.7,77,"R",2,"sabrhood_reliever_selector_v1","recent_appearance_proxy",2,"availability_role_matchup_performance_v1","exact_mlbam_id"
"814305","Yunior Tur","Athletics","R","2026-07-17",0,0,47,0,0,5,"bulk",0.1,1,"available","sabrhood_workload_heuristic_v1","2026-07-22","2026-07-22","2026-07-23 18:43:06 UTC",0.5,0,0.7,0.5,0.7,77,"R",2,"sabrhood_reliever_selector_v1","recent_appearance_proxy",3,"availability_role_matchup_performance_v1","exact_mlbam_id"
"669276","Dylan Lee","Atlanta Braves","L","2026-07-19",0,27,45,1,0,3,"reliever",1,0.85,"available","sabrhood_workload_heuristic_v1","2026-07-22","2026-07-22","2026-07-23 18:43:06 UTC",0.84586653104925,0.628,1,0.84586653104925,1,90.1,"L",2,"sabrhood_reliever_selector_v1","recent_appearance_proxy",1,"availability_role_matchup_performance_v1","exact_mlbam_id"
"689266","Dylan Dodd","Atlanta Braves","L","2026-07-19",0,17,36,1,0,3,"reliever",1,0.905555555555556,"available","sabrhood_workload_heuristic_v1","2026-07-22","2026-07-22","2026-07-23 18:43:06 UTC",0.719275952890792,0.524,1,0.719275952890792,1,89.2,"L",2,"sabrhood_reliever_selector_v1","recent_appearance_proxy",2,"availability_role_matchup_performance_v1","exact_mlbam_id"
"664849","Danny Young","Atlanta Braves","L","2026-07-20",0,13,32,1,0,2,"reliever",0.25,0.927777777777778,"available","sabrhood_workload_heuristic_v1","2026-07-22","2026-07-22","2026-07-23 18:43:06 UTC",0.5,0,1,0.5,1,84.6,"L",2,"sabrhood_reliever_selector_v1","recent_appearance_proxy",3,"availability_role_matchup_performance_v1","exact_mlbam_id"
"800311","Didier Fuentes","Atlanta Braves","R","2026-07-19",0,12,27,1,0,3,"reliever",0.941,0.933333333333333,"available","sabrhood_workload_heuristic_v1","2026-07-22","2026-07-22","2026-07-23 18:43:06 UTC",0.712234057815846,0.636,0.7,0.712234057815846,1,84.1,"R",2,"sabrhood_reliever_selector_v1","recent_appearance_proxy",1,"availability_role_matchup_performance_v1","exact_mlbam_id"
"628452","Raisel Iglesias","Atlanta Braves","R","2026-07-19",0,8,16,1,0,3,"reliever",1,0.955555555555556,"available","sabrhood_workload_heuristic_v1","2026-07-22","2026-07-22","2026-07-23 18:43:06 UTC",0.654057628479657,0.585,0.7,0.654057628479657,1,83.6,"R",2,"sabrhood_reliever_selector_v1","recent_appearance_proxy",2,"availability_role_matchup_performance_v1","exact_mlbam_id"
"471911","Carlos Carrasco","Atlanta Braves","R","2026-07-05",0,0,0,0,0,17,"reliever",0.4,1,"available","sabrhood_workload_heuristic_v1","2026-07-22","2026-07-22","2026-07-23 18:43:06 UTC",0.5,0,0.7,0.5,1,81.5,"R",2,"sabrhood_reliever_selector_v1","recent_appearance_proxy",3,"availability_role_matchup_performance_v1","exact_mlbam_id"
"675919","Nick Raquet","Baltimore Orioles","L","2026-07-07",0,0,0,0,0,15,"reliever",0.2,1,"available","sabrhood_workload_heuristic_v1","2026-07-22","2026-07-22","2026-07-23 18:43:06 UTC",0.5,0,1,0.5,1,87.5,"L",2,"sabrhood_reliever_selector_v1","recent_appearance_proxy",1,"availability_role_matchup_performance_v1","exact_mlbam_id"
"677020","Josh Walker","Baltimore Orioles","L","2026-06-30",0,0,0,0,0,22,"reliever",0.25,1,"available","sabrhood_workload_heuristic_v1","2026-07-22","2026-07-22","2026-07-23 18:43:06 UTC",0.5,0,1,0.5,1,87.5,"L",2,"sabrhood_reliever_selector_v1","recent_appearance_proxy",2,"availability_role_matchup_performance_v1","exact_mlbam_id"
"669211","Keegan Akin","Baltimore Orioles","L","2026-06-27",0,0,0,0,0,25,"reliever",0.833,1,"available","sabrhood_workload_heuristic_v1","2026-07-22","2026-07-22","2026-07-23 18:43:06 UTC",0.318677184154176,0.533,1,0.318677184154176,1,83,"L",2,"sabrhood_reliever_selector_v1","recent_appearance_proxy",3,"availability_role_matchup_performance_v1","exact_mlbam_id"
"670329","Rico Garcia","Baltimore Orioles","R","2026-07-19",0,17,26,1,0,3,"reliever",1,0.905555555555556,"available","sabrhood_workload_heuristic_v1","2026-07-22","2026-07-22","2026-07-23 18:43:06 UTC",0.746764641327623,0.623,0.7,0.746764641327623,1,83.9,"R",2,"sabrhood_reliever_selector_v1","recent_appearance_proxy",1,"availability_role_matchup_performance_v1","exact_mlbam_id"
"689296","Anthony Nunez","Baltimore Orioles","R","2026-07-17",0,0,36,0,0,5,"reliever",1,1,"available","sabrhood_workload_heuristic_v1","2026-07-22","2026-07-22","2026-07-23 18:43:06 UTC",0.498454207708779,0.638,0.7,0.498454207708779,1,81.5,"R",2,"sabrhood_reliever_selector_v1","recent_appearance_proxy",2,"availability_role_matchup_performance_v1","exact_mlbam_id"
"664854","Ryan Helsley","Baltimore Orioles","R","2026-06-27",0,0,0,0,0,25,"reliever",0.85,1,"available","sabrhood_workload_heuristic_v1","2026-07-22","2026-07-22","2026-07-23 18:43:06 UTC",0.5,0,0.7,0.5,1,81.5,"R",2,"sabrhood_reliever_selector_v1","recent_appearance_proxy",3,"availability_role_matchup_performance_v1","exact_mlbam_id"
"663558","Jovani Morán","Boston Red Sox","L","2026-07-19",0,15,26,1,0,3,"reliever",0.786,0.916666666666667,"available","sabrhood_workload_heuristic_v1","2026-07-22","2026-07-22","2026-07-23 18:43:06 UTC",0.790804336188437,0.625,1,0.790804336188437,1,91.4,"L",2,"sabrhood_reliever_selector_v1","recent_appearance_proxy",1,"availability_role_matchup_performance_v1","exact_mlbam_id"
"687941","Alec Gamboa","Boston Red Sox","L","2026-07-17",0,0,43,0,0,5,"reliever",0.3,1,"available","sabrhood_workload_heuristic_v1","2026-07-22","2026-07-22","2026-07-23 18:43:06 UTC",0.5,0,1,0.5,1,87.5,"L",2,"sabrhood_reliever_selector_v1","recent_appearance_proxy",2,"availability_role_matchup_performance_v1","exact_mlbam_id"
"547973","Aroldis Chapman","Boston Red Sox","L","2026-07-20",0,22,55,1,0,2,"reliever",1,0.877777777777778,"available","sabrhood_workload_heuristic_v1","2026-07-22","2026-07-22","2026-07-23 18:43:06 UTC",0.678302237687366,0.583,1,0.678302237687366,1,87.1,"L",2,"sabrhood_reliever_selector_v1","recent_appearance_proxy",3,"availability_role_matchup_performance_v1","exact_mlbam_id"
"676477","Garrett Whitlock","Boston Red Sox","R","2026-07-20",0,11,31,1,0,2,"reliever",1,0.938888888888889,"available","sabrhood_workload_heuristic_v1","2026-07-22","2026-07-22","2026-07-23 18:43:06 UTC",0.751545711991435,0.583,0.7,0.751545711991435,1,85.3,"R",2,"sabrhood_reliever_selector_v1","recent_appearance_proxy",1,"availability_role_matchup_performance_v1","exact_mlbam_id"
"594027","Tyron Guerrero","Boston Red Sox","R","2026-07-20",0,19,32,1,0,2,"reliever",1,0.894444444444444,"available","sabrhood_workload_heuristic_v1","2026-07-22","2026-07-22","2026-07-23 18:43:06 UTC",0.712820556745182,0.474,0.7,0.712820556745182,1,82.6,"R",2,"sabrhood_reliever_selector_v1","recent_appearance_proxy",2,"availability_role_matchup_performance_v1","exact_mlbam_id"
"592454","Tommy Kahnle","Boston Red Sox","R","2026-06-30",0,0,0,0,0,22,"reliever",0.35,1,"available","sabrhood_workload_heuristic_v1","2026-07-22","2026-07-22","2026-07-23 18:43:06 UTC",0.5,0,0.7,0.5,1,81.5,"R",2,"sabrhood_reliever_selector_v1","recent_appearance_proxy",3,"availability_role_matchup_performance_v1","exact_mlbam_id"
"573204","Caleb Thielbar","Chicago Cubs","L","2026-07-20",0,5,20,1,0,2,"reliever",1,0.972222222222222,"available","sabrhood_workload_heuristic_v1","2026-07-22","2026-07-22","2026-07-23 18:43:06 UTC",0.46871613490364,0.558,1,0.46871613490364,1,85.6,"L",2,"sabrhood_reliever_selector_v1","recent_appearance_proxy",1,"availability_role_matchup_performance_v1","exact_mlbam_id"
"696136","Jordan Wicks","Chicago Cubs","L","2026-07-01",0,0,0,0,0,21,"hybrid",0,1,"available","sabrhood_workload_heuristic_v1","2026-07-22","2026-07-22","2026-07-23 18:43:06 UTC",0.5,0,1,0.5,0.85,85.2,"L",2,"sabrhood_reliever_selector_v1","recent_appearance_proxy",2,"availability_role_matchup_performance_v1","exact_mlbam_id"
"669020","Ryan Rolison","Chicago Cubs","L","2026-07-20",0,20,35,1,0,2,"reliever",0.886,0.888888888888889,"available","sabrhood_workload_heuristic_v1","2026-07-22","2026-07-22","2026-07-23 18:43:06 UTC",0.552754903640257,0.612,1,0.552754903640257,1,84.4,"L",2,"sabrhood_reliever_selector_v1","recent_appearance_proxy",3,"availability_role_matchup_performance_v1","exact_mlbam_id"
"592826","Vince Velasquez","Chicago Cubs","R","2026-06-27",0,0,0,0,0,25,"reliever",0.1,1,"available","sabrhood_workload_heuristic_v1","2026-07-22","2026-07-22","2026-07-23 18:43:06 UTC",0.5,0,0.7,0.5,1,81.5,"R",2,"sabrhood_reliever_selector_v1","recent_appearance_proxy",1,"availability_role_matchup_performance_v1","exact_mlbam_id"
"668970","Gavin Hollowell","Chicago Cubs","R","2026-07-20",0,12,20,1,0,2,"reliever",0.55,0.933333333333333,"available","sabrhood_workload_heuristic_v1","2026-07-22","2026-07-22","2026-07-23 18:43:06 UTC",0.5,0,0.7,0.5,1,78.8,"R",2,"sabrhood_reliever_selector_v1","recent_appearance_proxy",2,"availability_role_matchup_performance_v1","exact_mlbam_id"
"657097","Jacob Webb","Chicago Cubs","R","2026-07-20",0,15,32,1,0,2,"reliever",1,0.916666666666667,"available","sabrhood_workload_heuristic_v1","2026-07-22","2026-07-22","2026-07-23 18:43:06 UTC",0.509009957173447,0.649,0.7,0.509009957173447,1,78.4,"R",2,"sabrhood_reliever_selector_v1","recent_appearance_proxy",3,"availability_role_matchup_performance_v1","exact_mlbam_id"
"663542","Bryan Hudson","Chicago White Sox","L","2026-07-19",0,15,15,1,0,3,"reliever",0.727,0.916666666666667,"available","sabrhood_workload_heuristic_v1","2026-07-22","2026-07-22","2026-07-23 18:43:06 UTC",0.638085995717345,0.644,1,0.638085995717345,1,87.6,"L",2,"sabrhood_reliever_selector_v1","recent_appearance_proxy",1,"availability_role_matchup_performance_v1","exact_mlbam_id"
"656794","Sean Newcomb","Chicago White Sox","L","2026-07-20",0,20,35,1,0,2,"reliever",0.946,0.888888888888889,"available","sabrhood_workload_heuristic_v1","2026-07-22","2026-07-22","2026-07-23 18:43:06 UTC",0.682427922912206,0.692,1,0.682427922912206,1,87.6,"L",2,"sabrhood_reliever_selector_v1","recent_appearance_proxy",2,"availability_role_matchup_performance_v1","exact_mlbam_id"
"697812","Joe Rock","Chicago White Sox","L","2026-06-24",0,0,0,0,0,28,"bulk",0.2,1,"available","sabrhood_workload_heuristic_v1","2026-07-22","2026-07-22","2026-07-23 18:43:06 UTC",0.5,0,1,0.5,0.7,83,"L",2,"sabrhood_reliever_selector_v1","recent_appearance_proxy",3,"availability_role_matchup_performance_v1","exact_mlbam_id"
"691799","Grant Taylor","Chicago White Sox","R","2026-07-19",0,9,9,1,0,3,"reliever",0.789,0.95,"available","sabrhood_workload_heuristic_v1","2026-07-22","2026-07-22","2026-07-23 18:43:06 UTC",0.716116568522484,0.675,0.7,0.716116568522484,1,84.9,"R",2,"sabrhood_reliever_selector_v1","recent_appearance_proxy",1,"availability_role_matchup_performance_v1","exact_mlbam_id"
"699823","Tyler Davis","Chicago White Sox","R","2026-07-10",0,0,0,0,0,12,"reliever",1,1,"available","sabrhood_workload_heuristic_v1","2026-07-22","2026-07-22","2026-07-23 18:43:06 UTC",0.51927096359743,0.512,0.7,0.51927096359743,1,82,"R",2,"sabrhood_reliever_selector_v1","recent_appearance_proxy",2,"availability_role_matchup_performance_v1","exact_mlbam_id"
"663855","Jordan Hicks","Chicago White Sox","R","2026-07-20",0,19,27,1,0,2,"reliever",1,0.894444444444444,"available","sabrhood_workload_heuristic_v1","2026-07-22","2026-07-22","2026-07-23 18:43:06 UTC",0.665099892933619,0.556,0.7,0.665099892933619,1,81.4,"R",2,"sabrhood_reliever_selector_v1","recent_appearance_proxy",3,"availability_role_matchup_performance_v1","exact_mlbam_id"
"657571","Caleb Ferguson","Cincinnati Reds","L","2026-07-20",0,12,30,1,0,2,"reliever",1,0.933333333333333,"available","sabrhood_workload_heuristic_v1","2026-07-22","2026-07-22","2026-07-23 18:43:06 UTC",0.311283169164882,0.471,1,0.311283169164882,1,80.1,"L",2,"sabrhood_reliever_selector_v1","recent_appearance_proxy",1,"availability_role_matchup_performance_v1","exact_mlbam_id"
"685112","Zach McCambley","Cincinnati Reds","R","2026-06-28",0,0,0,0,0,24,"reliever",0.2,1,"available","sabrhood_workload_heuristic_v1","2026-07-22","2026-07-22","2026-07-23 18:43:06 UTC",0.5,0,0.35,0.5,1,74.5,"L",2,"sabrhood_reliever_selector_v1","recent_appearance_proxy",2,"availability_role_matchup_performance_v1","exact_mlbam_id"
"656271","Brock Burke","Cincinnati Reds","L","2026-07-21",15,24,43,2,1,1,"reliever",1,0.496666666666667,"limited","sabrhood_workload_heuristic_v1","2026-07-22","2026-07-22","2026-07-23 18:43:06 UTC",0.535763982869379,0.672,1,0.535763982869379,1,68.3,"L",2,"sabrhood_reliever_selector_v1","recent_appearance_proxy",3,"availability_role_matchup_performance_v1","exact_mlbam_id"
"685112","Zach McCambley","Cincinnati Reds","R","2026-06-28",0,0,0,0,0,24,"reliever",0.2,1,"available","sabrhood_workload_heuristic_v1","2026-07-22","2026-07-22","2026-07-23 18:43:06 UTC",0.5,0,0.7,0.5,1,81.5,"R",2,"sabrhood_reliever_selector_v1","recent_appearance_proxy",1,"availability_role_matchup_performance_v1","exact_mlbam_id"
"695534","Chase Petty","Cincinnati Reds","R","2026-07-20",0,13,13,1,0,2,"reliever",0.4,0.927777777777778,"available","sabrhood_workload_heuristic_v1","2026-07-22","2026-07-22","2026-07-23 18:43:06 UTC",0.351980685224839,0.522,0.7,0.351980685224839,1,74.9,"R",2,"sabrhood_reliever_selector_v1","recent_appearance_proxy",2,"availability_role_matchup_performance_v1","exact_mlbam_id"
"663574","Tony Santillan","Cincinnati Reds","R","2026-06-22",0,0,0,0,0,30,"reliever",1,1,"available","sabrhood_workload_heuristic_v1","2026-07-22","2026-07-22","2026-07-23 18:43:06 UTC",0.176393506423983,0.573,0.7,0.176393506423983,1,73.4,"R",2,"sabrhood_reliever_selector_v1","recent_appearance_proxy",3,"availability_role_matchup_performance_v1","exact_mlbam_id"
"681870","Erik Sabrowski","Cleveland Guardians","L","2026-07-18",0,0,10,0,0,4,"reliever",1,1,"available","sabrhood_workload_heuristic_v1","2026-07-22","2026-07-22","2026-07-23 18:43:06 UTC",0.625809678800857,0.552,1,0.625809678800857,1,90.6,"L",2,"sabrhood_reliever_selector_v1","recent_appearance_proxy",1,"availability_role_matchup_performance_v1","exact_mlbam_id"
"682120","Tim Herrin","Cleveland Guardians","L","2026-07-08",0,0,0,0,0,14,"reliever",1,1,"available","sabrhood_workload_heuristic_v1","2026-07-22","2026-07-22","2026-07-23 18:43:06 UTC",0.459913490364026,0.578,1,0.459913490364026,1,86.5,"L",2,"sabrhood_reliever_selector_v1","recent_appearance_proxy",2,"availability_role_matchup_performance_v1","exact_mlbam_id"
"671106","Logan Allen","Cleveland Guardians","L","2026-07-18",0,0,81,0,0,4,"hybrid",0,1,"available","sabrhood_workload_heuristic_v1","2026-07-22","2026-07-22","2026-07-23 18:43:06 UTC",0.5,0,1,0.5,0.85,85.2,"L",2,"sabrhood_reliever_selector_v1","recent_appearance_proxy",3,"availability_role_matchup_performance_v1","exact_mlbam_id"
"676051","Codi Heuer","Cleveland Guardians","R","2026-07-17",0,0,18,0,0,5,"reliever",0.4,1,"available","sabrhood_workload_heuristic_v1","2026-07-22","2026-07-22","2026-07-23 18:43:06 UTC",0.5,0,0.7,0.5,1,81.5,"R",2,"sabrhood_reliever_selector_v1","recent_appearance_proxy",1,"availability_role_matchup_performance_v1","exact_mlbam_id"
"682982","Daniel Espino","Cleveland Guardians","R","2026-07-02",0,0,0,0,0,20,"reliever",0.25,1,"available","sabrhood_workload_heuristic_v1","2026-07-22","2026-07-22","2026-07-23 18:43:06 UTC",0.5,0,0.7,0.5,1,81.5,"R",2,"sabrhood_reliever_selector_v1","recent_appearance_proxy",2,"availability_role_matchup_performance_v1","exact_mlbam_id"
"681870","Erik Sabrowski","Cleveland Guardians","L","2026-07-18",0,0,10,0,0,4,"reliever",1,1,"available","sabrhood_workload_heuristic_v1","2026-07-22","2026-07-22","2026-07-23 18:43:06 UTC",0.625809678800857,0.552,0.4,0.625809678800857,1,78.6,"R",2,"sabrhood_reliever_selector_v1","recent_appearance_proxy",3,"availability_role_matchup_performance_v1","exact_mlbam_id"
"664954","Brett Sullivan","Colorado Rockies","R","2026-06-30",0,0,0,0,0,22,"reliever",0.25,1,"available","sabrhood_workload_heuristic_v1","2026-07-22","2026-07-22","2026-07-23 18:43:06 UTC",0.5,0,0.35,0.5,1,74.5,"L",2,"sabrhood_reliever_selector_v1","recent_appearance_proxy",1,"availability_role_matchup_performance_v1","exact_mlbam_id"
"669298","TJ Shook","Colorado Rockies","R","2026-07-09",0,0,0,0,0,13,"reliever",0.2,1,"available","sabrhood_workload_heuristic_v1","2026-07-22","2026-07-22","2026-07-23 18:43:06 UTC",0.5,0,0.35,0.5,1,74.5,"L",2,"sabrhood_reliever_selector_v1","recent_appearance_proxy",2,"availability_role_matchup_performance_v1","exact_mlbam_id"
"676105","Jeff Criswell","Colorado Rockies","R","2026-07-17",0,0,30,0,0,5,"reliever",0.15,1,"available","sabrhood_workload_heuristic_v1","2026-07-22","2026-07-22","2026-07-23 18:43:06 UTC",0.5,0,0.35,0.5,1,74.5,"L",2,"sabrhood_reliever_selector_v1","recent_appearance_proxy",3,"availability_role_matchup_performance_v1","exact_mlbam_id"
"664954","Brett Sullivan","Colorado Rockies","R","2026-06-30",0,0,0,0,0,22,"reliever",0.25,1,"available","sabrhood_workload_heuristic_v1","2026-07-22","2026-07-22","2026-07-23 18:43:06 UTC",0.5,0,0.7,0.5,1,81.5,"R",2,"sabrhood_reliever_selector_v1","recent_appearance_proxy",1,"availability_role_matchup_performance_v1","exact_mlbam_id"
"669298","TJ Shook","Colorado Rockies","R","2026-07-09",0,0,0,0,0,13,"reliever",0.2,1,"available","sabrhood_workload_heuristic_v1","2026-07-22","2026-07-22","2026-07-23 18:43:06 UTC",0.5,0,0.7,0.5,1,81.5,"R",2,"sabrhood_reliever_selector_v1","recent_appearance_proxy",2,"availability_role_matchup_performance_v1","exact_mlbam_id"
"676105","Jeff Criswell","Colorado Rockies","R","2026-07-17",0,0,30,0,0,5,"reliever",0.15,1,"available","sabrhood_workload_heuristic_v1","2026-07-22","2026-07-22","2026-07-23 18:43:06 UTC",0.5,0,0.7,0.5,1,81.5,"R",2,"sabrhood_reliever_selector_v1","recent_appearance_proxy",3,"availability_role_matchup_performance_v1","exact_mlbam_id"
"646241","Enmanuel De Jesus","Detroit Tigers","L","2026-06-26",0,0,0,0,0,26,"reliever",1,1,"available","sabrhood_workload_heuristic_v1","2026-07-22","2026-07-22","2026-07-23 18:43:06 UTC",0.498582574946467,0.573,1,0.498582574946467,1,87.5,"L",2,"sabrhood_reliever_selector_v1","recent_appearance_proxy",1,"availability_role_matchup_performance_v1","exact_mlbam_id"
"805427","Drew Sommers","Detroit Tigers","L","2026-07-20",0,29,29,1,0,2,"reliever",0.95,0.838888888888889,"available","sabrhood_workload_heuristic_v1","2026-07-22","2026-07-22","2026-07-23 18:43:06 UTC",0.5,0,1,0.5,1,81.1,"L",2,"sabrhood_reliever_selector_v1","recent_appearance_proxy",2,"availability_role_matchup_performance_v1","exact_mlbam_id"
"663947","Tyler Holton","Detroit Tigers","L","2026-07-20",0,33,33,2,0,2,"reliever",0.905,0.816666666666667,"available","sabrhood_workload_heuristic_v1","2026-07-22","2026-07-22","2026-07-23 18:43:06 UTC",0.324459014989293,0.654,1,0.324459014989293,1,75.8,"L",2,"sabrhood_reliever_selector_v1","recent_appearance_proxy",3,"availability_role_matchup_performance_v1","exact_mlbam_id"
"689225","Beau Brieske","Detroit Tigers","R","2026-07-12",0,0,0,0,0,10,"reliever",0.4,1,"available","sabrhood_workload_heuristic_v1","2026-07-22","2026-07-22","2026-07-23 18:43:06 UTC",0.5,0,0.7,0.5,1,81.5,"R",2,"sabrhood_reliever_selector_v1","recent_appearance_proxy",1,"availability_role_matchup_performance_v1","exact_mlbam_id"
"676684","Will Vest","Detroit Tigers","R","2026-06-27",0,0,0,0,0,25,"reliever",1,1,"available","sabrhood_workload_heuristic_v1","2026-07-22","2026-07-22","2026-07-23 18:43:06 UTC",0.422025353319058,0.537,0.7,0.422025353319058,1,79.6,"R",2,"sabrhood_reliever_selector_v1","recent_appearance_proxy",2,"availability_role_matchup_performance_v1","exact_mlbam_id"
"621097","Jacob Waguespack","Detroit Tigers","R","2026-07-20",0,15,38,1,0,2,"reliever",0.55,0.916666666666667,"available","sabrhood_workload_heuristic_v1","2026-07-22","2026-07-22","2026-07-23 18:43:06 UTC",0.5,0,0.7,0.5,1,78.2,"R",2,"sabrhood_reliever_selector_v1","recent_appearance_proxy",3,"availability_role_matchup_performance_v1","exact_mlbam_id"
"595345","Steven Okert","Houston Astros","L","2026-07-20",0,19,49,1,0,2,"reliever",0.96,0.894444444444444,"available","sabrhood_workload_heuristic_v1","2026-07-22","2026-07-22","2026-07-23 18:43:06 UTC",0.802013800856531,0.659,1,0.802013800856531,1,90.8,"L",2,"sabrhood_reliever_selector_v1","recent_appearance_proxy",1,"availability_role_matchup_performance_v1","exact_mlbam_id"
"687911","Bryan King","Houston Astros","L","2026-07-19",0,14,31,1,0,3,"reliever",1,0.922222222222222,"available","sabrhood_workload_heuristic_v1","2026-07-22","2026-07-22","2026-07-23 18:43:06 UTC",0.38563795503212,0.659,1,0.38563795503212,1,81.5,"L",2,"sabrhood_reliever_selector_v1","recent_appearance_proxy",2,"availability_role_matchup_performance_v1","exact_mlbam_id"
"676694","Jake Meyers","Houston Astros","L","2026-06-26",0,0,0,0,0,26,"unknown",0.05,1,"available","sabrhood_workload_heuristic_v1","2026-07-22","2026-07-22","2026-07-23 18:43:06 UTC",0.5,0,1,0.5,0.4,78.5,"L",2,"sabrhood_reliever_selector_v1","recent_appearance_proxy",3,"availability_role_matchup_performance_v1","exact_mlbam_id"
"663878","Nate Pearson","Houston Astros","R","2026-07-08",0,0,0,0,0,14,"reliever",0.8,1,"available","sabrhood_workload_heuristic_v1","2026-07-22","2026-07-22","2026-07-23 18:43:06 UTC",0.51598653640257,0.459,0.7,0.51598653640257,1,81.9,"R",2,"sabrhood_reliever_selector_v1","recent_appearance_proxy",1,"availability_role_matchup_performance_v1","exact_mlbam_id"
"701121","Logan VanWey","Houston Astros","R","2026-06-23",0,0,0,0,0,29,"reliever",0.25,1,"available","sabrhood_workload_heuristic_v1","2026-07-22","2026-07-22","2026-07-23 18:43:06 UTC",0.5,0,0.7,0.5,1,81.5,"R",2,"sabrhood_reliever_selector_v1","recent_appearance_proxy",2,"availability_role_matchup_performance_v1","exact_mlbam_id"
"695001","Alimber Santa","Houston Astros","R","2026-07-08",0,0,0,0,0,14,"reliever",0.5,1,"available","sabrhood_workload_heuristic_v1","2026-07-22","2026-07-22","2026-07-23 18:43:06 UTC",0.5,0,0.7,0.5,1,81.5,"R",2,"sabrhood_reliever_selector_v1","recent_appearance_proxy",3,"availability_role_matchup_performance_v1","exact_mlbam_id"
"663738","Daniel Lynch IV","Kansas City Royals","L","2026-07-20",0,15,41,1,0,2,"reliever",1,0.916666666666667,"available","sabrhood_workload_heuristic_v1","2026-07-22","2026-07-22","2026-07-23 18:43:06 UTC",0.651994411134904,0.627,1,0.651994411134904,1,88,"L",2,"sabrhood_reliever_selector_v1","recent_appearance_proxy",1,"availability_role_matchup_performance_v1","exact_mlbam_id"
"621016","Jose Cuas","Kansas City Royals","R","2026-07-09",0,0,0,0,0,13,"reliever",0.25,1,"available","sabrhood_workload_heuristic_v1","2026-07-22","2026-07-22","2026-07-23 18:43:06 UTC",0.5,0,0.35,0.5,1,74.5,"L",2,"sabrhood_reliever_selector_v1","recent_appearance_proxy",2,"availability_role_matchup_performance_v1","exact_mlbam_id"
"672021","Eric Cerantola","Kansas City Royals","R","2026-06-30",0,0,0,0,0,22,"reliever",0.2,1,"available","sabrhood_workload_heuristic_v1","2026-07-22","2026-07-22","2026-07-23 18:43:06 UTC",0.5,0,0.35,0.5,1,74.5,"L",2,"sabrhood_reliever_selector_v1","recent_appearance_proxy",3,"availability_role_matchup_performance_v1","exact_mlbam_id"
"621016","Jose Cuas","Kansas City Royals","R","2026-07-09",0,0,0,0,0,13,"reliever",0.25,1,"available","sabrhood_workload_heuristic_v1","2026-07-22","2026-07-22","2026-07-23 18:43:06 UTC",0.5,0,0.7,0.5,1,81.5,"R",2,"sabrhood_reliever_selector_v1","recent_appearance_proxy",1,"availability_role_matchup_performance_v1","exact_mlbam_id"
"672021","Eric Cerantola","Kansas City Royals","R","2026-06-30",0,0,0,0,0,22,"reliever",0.2,1,"available","sabrhood_workload_heuristic_v1","2026-07-22","2026-07-22","2026-07-23 18:43:06 UTC",0.5,0,0.7,0.5,1,81.5,"R",2,"sabrhood_reliever_selector_v1","recent_appearance_proxy",2,"availability_role_matchup_performance_v1","exact_mlbam_id"
"674444","Steven Cruz","Kansas City Royals","R","2026-07-20",0,10,26,1,0,2,"reliever",0.879,0.944444444444444,"available","sabrhood_workload_heuristic_v1","2026-07-22","2026-07-22","2026-07-23 18:43:06 UTC",0.455118790149893,0.59,0.7,0.455118790149893,1,78.2,"R",2,"sabrhood_reliever_selector_v1","recent_appearance_proxy",3,"availability_role_matchup_performance_v1","exact_mlbam_id"
"642048","Tayler Saucedo","Los Angeles Angels","L","2026-07-07",0,0,0,0,0,15,"reliever",0.3,1,"available","sabrhood_workload_heuristic_v1","2026-07-22","2026-07-22","2026-07-23 18:43:06 UTC",0.5,0,1,0.5,1,87.5,"L",2,"sabrhood_reliever_selector_v1","recent_appearance_proxy",1,"availability_role_matchup_performance_v1","exact_mlbam_id"
"608718","Brent Suter","Los Angeles Angels","L","2026-07-18",0,0,39,0,0,4,"reliever",0.889,1,"available","sabrhood_workload_heuristic_v1","2026-07-22","2026-07-22","2026-07-23 18:43:06 UTC",0.454844274625268,0.699,1,0.454844274625268,1,86.4,"L",2,"sabrhood_reliever_selector_v1","recent_appearance_proxy",2,"availability_role_matchup_performance_v1","exact_mlbam_id"
"696519","Samy Natera Jr.","Los Angeles Angels","L","2026-07-20",0,26,29,2,0,2,"reliever",0.8,0.855555555555556,"available","sabrhood_workload_heuristic_v1","2026-07-22","2026-07-22","2026-07-23 18:43:06 UTC",0.5,0,1,0.5,1,81.7,"L",2,"sabrhood_reliever_selector_v1","recent_appearance_proxy",3,"availability_role_matchup_performance_v1","exact_mlbam_id"
"489446","Kirby Yates","Los Angeles Angels","R","2026-07-17",0,0,20,0,0,5,"reliever",1,1,"available","sabrhood_workload_heuristic_v1","2026-07-22","2026-07-22","2026-07-23 18:43:06 UTC",0.550465730728051,0.487,0.7,0.550465730728051,1,82.8,"R",2,"sabrhood_reliever_selector_v1","recent_appearance_proxy",1,"availability_role_matchup_performance_v1","exact_mlbam_id"
"696147","Sam Bachman","Los Angeles Angels","R","2026-07-19",0,6,29,1,0,3,"reliever",1,0.966666666666667,"available","sabrhood_workload_heuristic_v1","2026-07-22","2026-07-22","2026-07-23 18:43:06 UTC",0.601556145610278,0.648,0.7,0.601556145610278,1,82.7,"R",2,"sabrhood_reliever_selector_v1","recent_appearance_proxy",2,"availability_role_matchup_performance_v1","exact_mlbam_id"
"820862","José Fermin","Los Angeles Angels","R","2026-07-20",0,21,50,1,0,2,"reliever",1,0.883333333333333,"available","sabrhood_workload_heuristic_v1","2026-07-22","2026-07-22","2026-07-23 18:43:06 UTC",0.563048372591006,0.571,0.7,0.563048372591006,1,78.4,"R",2,"sabrhood_reliever_selector_v1","recent_appearance_proxy",3,"availability_role_matchup_performance_v1","exact_mlbam_id"
"681911","Alex Vesia","Los Angeles Dodgers","L","2026-07-20",0,22,34,2,0,2,"reliever",1,0.877777777777778,"available","sabrhood_workload_heuristic_v1","2026-07-22","2026-07-22","2026-07-23 18:43:06 UTC",0.78062102248394,0.587,1,0.78062102248394,1,89.6,"L",2,"sabrhood_reliever_selector_v1","recent_appearance_proxy",1,"availability_role_matchup_performance_v1","exact_mlbam_id"
"676263","Jack Dreyer","Los Angeles Dodgers","L","2026-07-19",0,17,38,1,0,3,"reliever",0.951,0.905555555555556,"available","sabrhood_workload_heuristic_v1","2026-07-22","2026-07-22","2026-07-23 18:43:06 UTC",0.664081156316916,0.62,1,0.664081156316916,1,87.8,"L",2,"sabrhood_reliever_selector_v1","recent_appearance_proxy",2,"availability_role_matchup_performance_v1","exact_mlbam_id"
"656212","Charlie Barnes","Los Angeles Dodgers","L","2026-07-01",0,0,0,0,0,21,"bulk",0.2,1,"available","sabrhood_workload_heuristic_v1","2026-07-22","2026-07-22","2026-07-23 18:43:06 UTC",0.5,0,1,0.5,0.7,83,"L",2,"sabrhood_reliever_selector_v1","recent_appearance_proxy",3,"availability_role_matchup_performance_v1","exact_mlbam_id"
"683618","Edgardo Henriquez","Los Angeles Dodgers","R","2026-07-19",0,21,21,1,0,3,"reliever",1,0.883333333333333,"available","sabrhood_workload_heuristic_v1","2026-07-22","2026-07-22","2026-07-23 18:43:06 UTC",0.756296595289079,0.618,0.7,0.756296595289079,1,83.2,"R",2,"sabrhood_reliever_selector_v1","recent_appearance_proxy",1,"availability_role_matchup_performance_v1","exact_mlbam_id"
"670090","Wyatt Mills","Los Angeles Dodgers","R","2026-06-30",0,0,0,0,0,22,"reliever",0.25,1,"available","sabrhood_workload_heuristic_v1","2026-07-22","2026-07-22","2026-07-23 18:43:06 UTC",0.5,0,0.7,0.5,1,81.5,"R",2,"sabrhood_reliever_selector_v1","recent_appearance_proxy",2,"availability_role_matchup_performance_v1","exact_mlbam_id"
"500743","Miguel Rojas","Los Angeles Dodgers","R","2026-06-27",0,0,0,0,0,25,"reliever",0.2,1,"available","sabrhood_workload_heuristic_v1","2026-07-22","2026-07-22","2026-07-23 18:43:06 UTC",0.5,0,0.7,0.5,1,81.5,"R",2,"sabrhood_reliever_selector_v1","recent_appearance_proxy",3,"availability_role_matchup_performance_v1","exact_mlbam_id"
"667463","John King","Miami Marlins","L","2026-07-07",0,0,0,0,0,15,"reliever",0.95,1,"available","sabrhood_workload_heuristic_v1","2026-07-22","2026-07-22","2026-07-23 18:43:06 UTC",0.646051793361884,0.597,1,0.646051793361884,1,91.2,"L",2,"sabrhood_reliever_selector_v1","recent_appearance_proxy",1,"availability_role_matchup_performance_v1","exact_mlbam_id"
"669622","Anthony Bender","Miami Marlins","R","2026-06-27",0,0,0,0,0,25,"reliever",1,1,"available","sabrhood_workload_heuristic_v1","2026-07-22","2026-07-22","2026-07-23 18:43:06 UTC",0.789581097430407,0.582,0.35,0.789581097430407,1,81.7,"L",2,"sabrhood_reliever_selector_v1","recent_appearance_proxy",2,"availability_role_matchup_performance_v1","exact_mlbam_id"
"806188","Cade Gibson","Miami Marlins","L","2026-07-19",0,20,40,1,0,3,"reliever",1,0.888888888888889,"available","sabrhood_workload_heuristic_v1","2026-07-22","2026-07-22","2026-07-23 18:43:06 UTC",0.441472692719486,0.533,1,0.441472692719486,1,81.6,"L",2,"sabrhood_reliever_selector_v1","recent_appearance_proxy",3,"availability_role_matchup_performance_v1","exact_mlbam_id"
"669622","Anthony Bender","Miami Marlins","R","2026-06-27",0,0,0,0,0,25,"reliever",1,1,"available","sabrhood_workload_heuristic_v1","2026-07-22","2026-07-22","2026-07-23 18:43:06 UTC",0.789581097430407,0.582,0.7,0.789581097430407,1,88.7,"R",2,"sabrhood_reliever_selector_v1","recent_appearance_proxy",1,"availability_role_matchup_performance_v1","exact_mlbam_id"
"669199","Lake Bachar","Miami Marlins","R","2026-07-20",0,14,34,1,0,2,"reliever",0.765,0.922222222222222,"available","sabrhood_workload_heuristic_v1","2026-07-22","2026-07-22","2026-07-23 18:43:06 UTC",0.650349518201285,0.682,0.7,0.650349518201285,1,82.1,"R",2,"sabrhood_reliever_selector_v1","recent_appearance_proxy",2,"availability_role_matchup_performance_v1","exact_mlbam_id"
"656848","Michael Petersen","Miami Marlins","R","2026-07-19",0,18,39,1,0,3,"reliever",1,0.9,"available","sabrhood_workload_heuristic_v1","2026-07-22","2026-07-22","2026-07-23 18:43:06 UTC",0.663820224839401,0.634,0.7,0.663820224839401,1,81.6,"R",2,"sabrhood_reliever_selector_v1","recent_appearance_proxy",3,"availability_role_matchup_performance_v1","exact_mlbam_id"
"675660","Shane Drohan","Milwaukee Brewers","L","2026-07-18",0,0,90,0,0,4,"hybrid",0,1,"available","sabrhood_workload_heuristic_v1","2026-07-22","2026-07-22","2026-07-23 18:43:06 UTC",0.595890364025696,0.76,1,0.595890364025696,0.85,87.6,"L",2,"sabrhood_reliever_selector_v1","recent_appearance_proxy",1,"availability_role_matchup_performance_v1","exact_mlbam_id"
"680723","Drew Rom","Milwaukee Brewers","L","2026-07-05",0,0,0,0,0,17,"reliever",0.25,1,"available","sabrhood_workload_heuristic_v1","2026-07-22","2026-07-22","2026-07-23 18:43:06 UTC",0.5,0,1,0.5,1,87.5,"L",2,"sabrhood_reliever_selector_v1","recent_appearance_proxy",2,"availability_role_matchup_performance_v1","exact_mlbam_id"
"657649","Jared Koenig","Milwaukee Brewers","L","2026-07-12",0,0,0,0,0,10,"reliever",0.45,1,"available","sabrhood_workload_heuristic_v1","2026-07-22","2026-07-22","2026-07-23 18:43:06 UTC",0.5,0,1,0.5,1,87.5,"L",2,"sabrhood_reliever_selector_v1","recent_appearance_proxy",3,"availability_role_matchup_performance_v1","exact_mlbam_id"
"682842","Abner Uribe","Milwaukee Brewers","R","2026-07-18",0,0,28,0,0,4,"reliever",1,1,"available","sabrhood_workload_heuristic_v1","2026-07-22","2026-07-22","2026-07-23 18:43:06 UTC",0.747532226980728,0.62,0.7,0.747532226980728,1,87.7,"R",2,"sabrhood_reliever_selector_v1","recent_appearance_proxy",1,"availability_role_matchup_performance_v1","exact_mlbam_id"
"656730","Trevor Megill","Milwaukee Brewers","R","2026-07-18",0,0,24,0,0,4,"reliever",1,1,"available","sabrhood_workload_heuristic_v1","2026-07-22","2026-07-22","2026-07-23 18:43:06 UTC",0.691906215203426,0.609,0.7,0.691906215203426,1,86.3,"R",2,"sabrhood_reliever_selector_v1","recent_appearance_proxy",2,"availability_role_matchup_performance_v1","exact_mlbam_id"
"668831","Garrett Stallings","Milwaukee Brewers","R","2026-07-08",0,0,0,0,0,14,"reliever",0.1,1,"available","sabrhood_workload_heuristic_v1","2026-07-22","2026-07-22","2026-07-23 18:43:06 UTC",0.5,0,0.7,0.5,1,81.5,"R",2,"sabrhood_reliever_selector_v1","recent_appearance_proxy",3,"availability_role_matchup_performance_v1","exact_mlbam_id"
"607455","Anthony Banda","Minnesota Twins","L","2026-06-28",0,0,0,0,0,24,"reliever",1,1,"available","sabrhood_workload_heuristic_v1","2026-07-22","2026-07-22","2026-07-23 18:43:06 UTC",0.339805663811563,0.611,1,0.339805663811563,1,83.5,"L",2,"sabrhood_reliever_selector_v1","recent_appearance_proxy",1,"availability_role_matchup_performance_v1","exact_mlbam_id"
"681892","Kody Funderburk","Minnesota Twins","L","2026-07-20",0,30,30,2,0,2,"reliever",1,0.833333333333333,"available","sabrhood_workload_heuristic_v1","2026-07-22","2026-07-22","2026-07-23 18:43:06 UTC",0.520852483940043,0.548,1,0.520852483940043,1,81.4,"L",2,"sabrhood_reliever_selector_v1","recent_appearance_proxy",2,"availability_role_matchup_performance_v1","exact_mlbam_id"
"702193","Andrew Morris","Minnesota Twins","R","2026-07-17",0,0,14,0,0,5,"reliever",0.892,1,"available","sabrhood_workload_heuristic_v1","2026-07-22","2026-07-22","2026-07-23 18:43:06 UTC",0.622596846895075,0.669,0.35,0.622596846895075,1,77.6,"L",2,"sabrhood_reliever_selector_v1","recent_appearance_proxy",3,"availability_role_matchup_performance_v1","exact_mlbam_id"
"702193","Andrew Morris","Minnesota Twins","R","2026-07-17",0,0,14,0,0,5,"reliever",0.892,1,"available","sabrhood_workload_heuristic_v1","2026-07-22","2026-07-22","2026-07-23 18:43:06 UTC",0.622596846895075,0.669,0.7,0.622596846895075,1,84.6,"R",2,"sabrhood_reliever_selector_v1","recent_appearance_proxy",1,"availability_role_matchup_performance_v1","exact_mlbam_id"
"694397","Marco Raya","Minnesota Twins","R","2026-07-04",0,0,0,0,0,18,"reliever",0.15,1,"available","sabrhood_workload_heuristic_v1","2026-07-22","2026-07-22","2026-07-23 18:43:06 UTC",0.5,0,0.7,0.5,1,81.5,"R",2,"sabrhood_reliever_selector_v1","recent_appearance_proxy",2,"availability_role_matchup_performance_v1","exact_mlbam_id"
"679358","Eric Orze","Minnesota Twins","R","2026-07-08",0,0,0,0,0,14,"reliever",1,1,"available","sabrhood_workload_heuristic_v1","2026-07-22","2026-07-22","2026-07-23 18:43:06 UTC",0.464298886509636,0.652,0.7,0.464298886509636,1,80.6,"R",2,"sabrhood_reliever_selector_v1","recent_appearance_proxy",3,"availability_role_matchup_performance_v1","exact_mlbam_id"
"621345","A.J. Minter","New York Mets","L","2026-07-19",0,14,14,1,0,3,"reliever",1,0.922222222222222,"available","sabrhood_workload_heuristic_v1","2026-07-22","2026-07-22","2026-07-23 18:43:06 UTC",0.504657818522484,0.457,1,0.504657818522484,1,84.5,"L",2,"sabrhood_reliever_selector_v1","recent_appearance_proxy",1,"availability_role_matchup_performance_v1","exact_mlbam_id"
"640455","Sean Manaea","New York Mets","L","2026-07-18",0,0,99,0,0,4,"bulk",0.333,1,"available","sabrhood_workload_heuristic_v1","2026-07-22","2026-07-22","2026-07-23 18:43:06 UTC",0.328609785867238,0.781,1,0.328609785867238,0.7,78.7,"L",2,"sabrhood_reliever_selector_v1","recent_appearance_proxy",2,"availability_role_matchup_performance_v1","exact_mlbam_id"
"672335","Cionel Pérez","New York Mets","L","2026-07-19",0,18,18,1,0,3,"reliever",0.879,0.9,"available","sabrhood_workload_heuristic_v1","2026-07-22","2026-07-22","2026-07-23 18:43:06 UTC",0.208332880085653,0.627,1,0.208332880085653,1,76.2,"L",2,"sabrhood_reliever_selector_v1","recent_appearance_proxy",3,"availability_role_matchup_performance_v1","exact_mlbam_id"
"623211","Huascar Brazobán","New York Mets","R","2026-07-19",0,22,34,1,0,3,"reliever",0.714,0.877777777777778,"available","sabrhood_workload_heuristic_v1","2026-07-22","2026-07-22","2026-07-23 18:43:06 UTC",0.746410974304069,0.661,0.7,0.746410974304069,1,82.8,"R",2,"sabrhood_reliever_selector_v1","recent_appearance_proxy",1,"availability_role_matchup_performance_v1","exact_mlbam_id"
"680702","Joey Gerber","New York Mets","R","2026-07-04",0,0,0,0,0,18,"reliever",0.35,1,"available","sabrhood_workload_heuristic_v1","2026-07-22","2026-07-22","2026-07-23 18:43:06 UTC",0.5,0,0.7,0.5,1,81.5,"R",2,"sabrhood_reliever_selector_v1","recent_appearance_proxy",2,"availability_role_matchup_performance_v1","exact_mlbam_id"
"702752","Jonathan Pintaro","New York Mets","R","2026-06-22",0,0,0,0,0,30,"reliever",0.25,1,"available","sabrhood_workload_heuristic_v1","2026-07-22","2026-07-22","2026-07-23 18:43:06 UTC",0.5,0,0.7,0.5,1,81.5,"R",2,"sabrhood_reliever_selector_v1","recent_appearance_proxy",3,"availability_role_matchup_performance_v1","exact_mlbam_id"
"687396","Brent Headrick","New York Yankees","L","2026-07-20",0,34,45,2,0,2,"reliever",1,0.811111111111111,"available","sabrhood_workload_heuristic_v1","2026-07-22","2026-07-22","2026-07-23 18:43:06 UTC",0.767337366167024,0.674,1,0.767337366167024,1,86.6,"L",2,"sabrhood_reliever_selector_v1","recent_appearance_proxy",1,"availability_role_matchup_performance_v1","exact_mlbam_id"
"642232","Ryan Yarbrough","New York Yankees","L","2026-07-19",0,36,36,1,0,3,"reliever",0.92,0.8,"available","sabrhood_workload_heuristic_v1","2026-07-22","2026-07-22","2026-07-23 18:43:06 UTC",0.574958725910064,0.63,1,0.574958725910064,1,81.4,"L",2,"sabrhood_reliever_selector_v1","recent_appearance_proxy",2,"availability_role_matchup_performance_v1","exact_mlbam_id"
"657612","Tim Hill","New York Yankees","L","2026-07-20",0,11,34,1,0,2,"reliever",1,0.938888888888889,"available","sabrhood_workload_heuristic_v1","2026-07-22","2026-07-22","2026-07-23 18:43:06 UTC",0.275895562098501,0.611,1,0.275895562098501,1,79.5,"L",2,"sabrhood_reliever_selector_v1","recent_appearance_proxy",3,"availability_role_matchup_performance_v1","exact_mlbam_id"
"660787","Yerry De los Santos","New York Yankees","R","2026-06-29",0,0,0,0,0,23,"reliever",0.25,1,"available","sabrhood_workload_heuristic_v1","2026-07-22","2026-07-22","2026-07-23 18:43:06 UTC",0.5,0,0.7,0.5,1,81.5,"R",2,"sabrhood_reliever_selector_v1","recent_appearance_proxy",1,"availability_role_matchup_performance_v1","exact_mlbam_id"
"672442","Yovanny Cruz","New York Yankees","R","2026-06-30",0,0,0,0,0,22,"reliever",0.15,1,"available","sabrhood_workload_heuristic_v1","2026-07-22","2026-07-22","2026-07-23 18:43:06 UTC",0.5,0,0.7,0.5,1,81.5,"R",2,"sabrhood_reliever_selector_v1","recent_appearance_proxy",2,"availability_role_matchup_performance_v1","exact_mlbam_id"
"621112","Paul Blackburn","New York Yankees","R","2026-07-19",0,25,35,1,0,3,"reliever",0.886,0.861111111111111,"available","sabrhood_workload_heuristic_v1","2026-07-22","2026-07-22","2026-07-23 18:43:06 UTC",0.670625364025696,0.677,0.7,0.670625364025696,1,80.2,"R",2,"sabrhood_reliever_selector_v1","recent_appearance_proxy",3,"availability_role_matchup_performance_v1","exact_mlbam_id"
"679775","Kyle Backhus","Philadelphia Phillies","L","2026-07-06",0,0,0,0,0,16,"reliever",0.75,1,"available","sabrhood_workload_heuristic_v1","2026-07-22","2026-07-22","2026-07-23 18:43:06 UTC",0.5,0,1,0.5,1,87.5,"L",2,"sabrhood_reliever_selector_v1","recent_appearance_proxy",1,"availability_role_matchup_performance_v1","exact_mlbam_id"
"641835","Tim Mayza","Philadelphia Phillies","L","2026-07-19",0,22,22,1,0,3,"reliever",0.846,0.877777777777778,"available","sabrhood_workload_heuristic_v1","2026-07-22","2026-07-22","2026-07-23 18:43:06 UTC",0.477684017665953,0.647,1,0.477684017665953,1,82.1,"L",2,"sabrhood_reliever_selector_v1","recent_appearance_proxy",2,"availability_role_matchup_performance_v1","exact_mlbam_id"
"621383","Tanner Banks","Philadelphia Phillies","L","2026-07-08",0,0,0,0,0,14,"reliever",0.929,1,"available","sabrhood_workload_heuristic_v1","2026-07-22","2026-07-22","2026-07-23 18:43:06 UTC",0.248349379014989,0.592,1,0.248349379014989,1,81.2,"L",2,"sabrhood_reliever_selector_v1","recent_appearance_proxy",3,"availability_role_matchup_performance_v1","exact_mlbam_id"
"689147","Orion Kerkering","Philadelphia Phillies","R","2026-07-20",0,19,30,1,0,2,"reliever",1,0.894444444444444,"available","sabrhood_workload_heuristic_v1","2026-07-22","2026-07-22","2026-07-23 18:43:06 UTC",0.714807253747323,0.63,0.7,0.714807253747323,1,82.6,"R",2,"sabrhood_reliever_selector_v1","recent_appearance_proxy",1,"availability_role_matchup_performance_v1","exact_mlbam_id"
"641745","Brad Keller","Philadelphia Phillies","R","2026-07-08",0,0,0,0,0,14,"reliever",1,1,"available","sabrhood_workload_heuristic_v1","2026-07-22","2026-07-22","2026-07-23 18:43:06 UTC",0.539328479657388,0.574,0.7,0.539328479657388,1,82.5,"R",2,"sabrhood_reliever_selector_v1","recent_appearance_proxy",2,"availability_role_matchup_performance_v1","exact_mlbam_id"
"596117","Garrett Stubbs","Philadelphia Phillies","R","2026-07-10",0,0,0,0,0,12,"reliever",0.2,1,"available","sabrhood_workload_heuristic_v1","2026-07-22","2026-07-22","2026-07-23 18:43:06 UTC",0.5,0,0.7,0.5,1,81.5,"R",2,"sabrhood_reliever_selector_v1","recent_appearance_proxy",3,"availability_role_matchup_performance_v1","exact_mlbam_id"
"642397","Gregory Soto","Pittsburgh Pirates","L","2026-07-18",0,0,19,0,0,4,"reliever",1,1,"available","sabrhood_workload_heuristic_v1","2026-07-22","2026-07-22","2026-07-23 18:43:06 UTC",0.715692665952891,0.63,1,0.715692665952891,1,92.9,"L",2,"sabrhood_reliever_selector_v1","recent_appearance_proxy",1,"availability_role_matchup_performance_v1","exact_mlbam_id"
"681895","Evan Sisk","Pittsburgh Pirates","L","2026-06-29",0,0,0,0,0,23,"reliever",1,1,"available","sabrhood_workload_heuristic_v1","2026-07-22","2026-07-22","2026-07-23 18:43:06 UTC",0.646681557815846,0.605,1,0.646681557815846,1,91.2,"L",2,"sabrhood_reliever_selector_v1","recent_appearance_proxy",2,"availability_role_matchup_performance_v1","exact_mlbam_id"
"682254","Mason Montgomery","Pittsburgh Pirates","L","2026-07-19",0,14,28,1,0,3,"reliever",0.756,0.922222222222222,"available","sabrhood_workload_heuristic_v1","2026-07-22","2026-07-22","2026-07-23 18:43:06 UTC",0.651849785867238,0.63,1,0.651849785867238,1,88.2,"L",2,"sabrhood_reliever_selector_v1","recent_appearance_proxy",3,"availability_role_matchup_performance_v1","exact_mlbam_id"
"670990","Yohan Ramírez","Pittsburgh Pirates","R","2026-07-18",0,0,14,0,0,4,"reliever",1,1,"available","sabrhood_workload_heuristic_v1","2026-07-22","2026-07-22","2026-07-23 18:43:06 UTC",0.62976994111349,0.695,0.7,0.62976994111349,1,84.7,"R",2,"sabrhood_reliever_selector_v1","recent_appearance_proxy",1,"availability_role_matchup_performance_v1","exact_mlbam_id"
"682997","Tyler Callihan","Pittsburgh Pirates","R","2026-07-03",0,0,0,0,0,19,"reliever",0.15,1,"available","sabrhood_workload_heuristic_v1","2026-07-22","2026-07-22","2026-07-23 18:43:06 UTC",0.5,0,0.7,0.5,1,81.5,"R",2,"sabrhood_reliever_selector_v1","recent_appearance_proxy",2,"availability_role_matchup_performance_v1","exact_mlbam_id"
"676702","Hunter Stratton","Pittsburgh Pirates","R","2026-07-09",0,0,0,0,0,13,"reliever",0.15,1,"available","sabrhood_workload_heuristic_v1","2026-07-22","2026-07-22","2026-07-23 18:43:06 UTC",0.5,0,0.7,0.5,1,81.5,"R",2,"sabrhood_reliever_selector_v1","recent_appearance_proxy",3,"availability_role_matchup_performance_v1","exact_mlbam_id"
"606996","Kyle Hart","San Diego Padres","L","2026-07-20",0,20,34,1,0,2,"reliever",0.92,0.888888888888889,"available","sabrhood_workload_heuristic_v1","2026-07-22","2026-07-22","2026-07-23 18:43:06 UTC",0.496836423982869,0.592,1,0.496836423982869,1,83,"L",2,"sabrhood_reliever_selector_v1","recent_appearance_proxy",1,"availability_role_matchup_performance_v1","exact_mlbam_id"
"670970","Adrian Morejon","San Diego Padres","L","2026-07-21",10,10,33,1,1,1,"reliever",1,0.657777777777778,"monitor","sabrhood_workload_heuristic_v1","2026-07-22","2026-07-22","2026-07-23 18:43:06 UTC",0.773393704496788,0.688,1,0.773393704496788,1,80.6,"L",2,"sabrhood_reliever_selector_v1","recent_appearance_proxy",2,"availability_role_matchup_performance_v1","exact_mlbam_id"
"593974","Wandy Peralta","San Diego Padres","L","2026-07-20",0,32,32,2,0,2,"reliever",0.818,0.822222222222222,"available","sabrhood_workload_heuristic_v1","2026-07-22","2026-07-22","2026-07-23 18:43:06 UTC",0.41762,0.678,1,0.41762,1,78.3,"L",2,"sabrhood_reliever_selector_v1","recent_appearance_proxy",3,"availability_role_matchup_performance_v1","exact_mlbam_id"
"660710","Rodolfo Durán","San Diego Padres","R","2026-07-01",0,0,0,0,0,21,"reliever",0.1,1,"available","sabrhood_workload_heuristic_v1","2026-07-22","2026-07-22","2026-07-23 18:43:06 UTC",0.5,0,0.7,0.5,1,81.5,"R",2,"sabrhood_reliever_selector_v1","recent_appearance_proxy",1,"availability_role_matchup_performance_v1","exact_mlbam_id"
"689690","Alek Jacob","San Diego Padres","R","2026-07-06",0,0,0,0,0,16,"reliever",0.15,1,"available","sabrhood_workload_heuristic_v1","2026-07-22","2026-07-22","2026-07-23 18:43:06 UTC",0.5,0,0.7,0.5,1,81.5,"R",2,"sabrhood_reliever_selector_v1","recent_appearance_proxy",2,"availability_role_matchup_performance_v1","exact_mlbam_id"
"666745","Jhony Brito","San Diego Padres","R","2026-07-18",0,0,11,0,0,4,"reliever",0.15,1,"available","sabrhood_workload_heuristic_v1","2026-07-22","2026-07-22","2026-07-23 18:43:06 UTC",0.5,0,0.7,0.5,1,81.5,"R",2,"sabrhood_reliever_selector_v1","recent_appearance_proxy",3,"availability_role_matchup_performance_v1","exact_mlbam_id"
"669062","Erik Miller","San Francisco Giants","L","2026-07-18",0,0,12,0,0,4,"reliever",1,1,"available","sabrhood_workload_heuristic_v1","2026-07-22","2026-07-22","2026-07-23 18:43:06 UTC",0.683423094218415,0.561,1,0.683423094218415,1,92.1,"L",2,"sabrhood_reliever_selector_v1","recent_appearance_proxy",1,"availability_role_matchup_performance_v1","exact_mlbam_id"
"657424","Matt Gage","San Francisco Giants","L","2026-07-03",0,0,0,0,0,19,"reliever",1,1,"available","sabrhood_workload_heuristic_v1","2026-07-22","2026-07-22","2026-07-23 18:43:06 UTC",0.222503733940043,0.559,1,0.222503733940043,1,80.6,"L",2,"sabrhood_reliever_selector_v1","recent_appearance_proxy",2,"availability_role_matchup_performance_v1","exact_mlbam_id"
"702352","Spencer Bivens","San Francisco Giants","R","2026-07-08",0,0,0,0,0,14,"reliever",0.1,1,"available","sabrhood_workload_heuristic_v1","2026-07-22","2026-07-22","2026-07-23 18:43:06 UTC",0.5,0,0.35,0.5,1,74.5,"L",2,"sabrhood_reliever_selector_v1","recent_appearance_proxy",3,"availability_role_matchup_performance_v1","exact_mlbam_id"
"702352","Spencer Bivens","San Francisco Giants","R","2026-07-08",0,0,0,0,0,14,"reliever",0.1,1,"available","sabrhood_workload_heuristic_v1","2026-07-22","2026-07-22","2026-07-23 18:43:06 UTC",0.5,0,0.7,0.5,1,81.5,"R",2,"sabrhood_reliever_selector_v1","recent_appearance_proxy",1,"availability_role_matchup_performance_v1","exact_mlbam_id"
"669062","Erik Miller","San Francisco Giants","L","2026-07-18",0,0,12,0,0,4,"reliever",1,1,"available","sabrhood_workload_heuristic_v1","2026-07-22","2026-07-22","2026-07-23 18:43:06 UTC",0.683423094218415,0.561,0.4,0.683423094218415,1,80.1,"R",2,"sabrhood_reliever_selector_v1","recent_appearance_proxy",2,"availability_role_matchup_performance_v1","exact_mlbam_id"
"671345","Jason Foley","San Francisco Giants","R","2026-07-20",0,9,24,1,0,2,"reliever",0.1,0.95,"available","sabrhood_workload_heuristic_v1","2026-07-22","2026-07-22","2026-07-23 18:43:06 UTC",0.5,0,0.7,0.5,1,79.5,"R",2,"sabrhood_reliever_selector_v1","recent_appearance_proxy",3,"availability_role_matchup_performance_v1","exact_mlbam_id"
"681006","Josh Simpson","Seattle Mariners","L","2026-06-28",0,0,0,0,0,24,"reliever",0.2,1,"available","sabrhood_workload_heuristic_v1","2026-07-22","2026-07-22","2026-07-23 18:43:06 UTC",0.5,0,1,0.5,1,87.5,"L",2,"sabrhood_reliever_selector_v1","recent_appearance_proxy",1,"availability_role_matchup_performance_v1","exact_mlbam_id"
"642100","Gabe Speier","Seattle Mariners","L","2026-07-19",0,16,25,1,0,3,"reliever",1,0.911111111111111,"available","sabrhood_workload_heuristic_v1","2026-07-22","2026-07-22","2026-07-23 18:43:06 UTC",0.453973062098501,0.522,1,0.453973062098501,1,82.8,"L",2,"sabrhood_reliever_selector_v1","recent_appearance_proxy",2,"availability_role_matchup_performance_v1","exact_mlbam_id"
"662253","Andrés Muñoz","Seattle Mariners","R","2026-07-19",0,9,18,1,0,3,"reliever",1,0.95,"available","sabrhood_workload_heuristic_v1","2026-07-22","2026-07-22","2026-07-23 18:43:06 UTC",0.639836959314775,0.606,0.35,0.639836959314775,1,76,"L",2,"sabrhood_reliever_selector_v1","recent_appearance_proxy",3,"availability_role_matchup_performance_v1","exact_mlbam_id"
"662253","Andrés Muñoz","Seattle Mariners","R","2026-07-19",0,9,18,1,0,3,"reliever",1,0.95,"available","sabrhood_workload_heuristic_v1","2026-07-22","2026-07-22","2026-07-23 18:43:06 UTC",0.639836959314775,0.606,0.7,0.639836959314775,1,83,"R",2,"sabrhood_reliever_selector_v1","recent_appearance_proxy",1,"availability_role_matchup_performance_v1","exact_mlbam_id"
"689546","Nick Davila","Seattle Mariners","R","2026-07-20",0,14,39,1,0,2,"reliever",0.95,0.922222222222222,"available","sabrhood_workload_heuristic_v1","2026-07-22","2026-07-22","2026-07-23 18:43:06 UTC",0.549968479657388,0.468,0.7,0.549968479657388,1,79.6,"R",2,"sabrhood_reliever_selector_v1","recent_appearance_proxy",2,"availability_role_matchup_performance_v1","exact_mlbam_id"
"695380","Alex Hoppe","Seattle Mariners","R","2026-06-25",0,0,0,0,0,27,"reliever",1,1,"available","sabrhood_workload_heuristic_v1","2026-07-22","2026-07-22","2026-07-23 18:43:06 UTC",0.38381448875803,0.519,0.7,0.38381448875803,1,78.6,"R",2,"sabrhood_reliever_selector_v1","recent_appearance_proxy",3,"availability_role_matchup_performance_v1","exact_mlbam_id"
"694363","Jared Shuster","St. Louis Cardinals","L","2026-07-07",0,0,0,0,0,15,"reliever",0.25,1,"available","sabrhood_workload_heuristic_v1","2026-07-22","2026-07-22","2026-07-23 18:43:06 UTC",0.5,0,1,0.5,1,87.5,"L",2,"sabrhood_reliever_selector_v1","recent_appearance_proxy",1,"availability_role_matchup_performance_v1","exact_mlbam_id"
"668941","JoJo Romero","St. Louis Cardinals","L","2026-07-12",0,0,0,0,0,10,"reliever",1,1,"available","sabrhood_workload_heuristic_v1","2026-07-22","2026-07-22","2026-07-23 18:43:06 UTC",0.40422920770878,0.648,1,0.40422920770878,1,85.1,"L",2,"sabrhood_reliever_selector_v1","recent_appearance_proxy",2,"availability_role_matchup_performance_v1","exact_mlbam_id"
"677865","Justin Bruihl","St. Louis Cardinals","L","2026-07-18",0,0,21,0,0,4,"reliever",1,1,"available","sabrhood_workload_heuristic_v1","2026-07-22","2026-07-22","2026-07-23 18:43:06 UTC",0.399629550321199,0.682,1,0.399629550321199,1,85,"L",2,"sabrhood_reliever_selector_v1","recent_appearance_proxy",3,"availability_role_matchup_performance_v1","exact_mlbam_id"
"681676","Ryan Fernandez","St. Louis Cardinals","R","2026-07-06",0,0,0,0,0,16,"reliever",0.55,1,"available","sabrhood_workload_heuristic_v1","2026-07-22","2026-07-22","2026-07-23 18:43:06 UTC",0.5,0,0.7,0.5,1,81.5,"R",2,"sabrhood_reliever_selector_v1","recent_appearance_proxy",1,"availability_role_matchup_performance_v1","exact_mlbam_id"
"691008","Max Rajcic","St. Louis Cardinals","R","2026-07-03",0,0,0,0,0,19,"reliever",0.3,1,"available","sabrhood_workload_heuristic_v1","2026-07-22","2026-07-22","2026-07-23 18:43:06 UTC",0.5,0,0.7,0.5,1,81.5,"R",2,"sabrhood_reliever_selector_v1","recent_appearance_proxy",2,"availability_role_matchup_performance_v1","exact_mlbam_id"
"676617","Riley O'Brien","St. Louis Cardinals","R","2026-07-20",0,21,37,1,0,2,"reliever",1,0.883333333333333,"available","sabrhood_workload_heuristic_v1","2026-07-22","2026-07-22","2026-07-23 18:43:06 UTC",0.562258784796574,0.649,0.7,0.562258784796574,1,78.4,"R",2,"sabrhood_reliever_selector_v1","recent_appearance_proxy",3,"availability_role_matchup_performance_v1","exact_mlbam_id"
"592155","Cam Booser","Tampa Bay Rays","L","2026-07-20",0,11,31,1,0,2,"reliever",0.95,0.938888888888889,"available","sabrhood_workload_heuristic_v1","2026-07-22","2026-07-22","2026-07-23 18:43:06 UTC",0.684022355460386,0.432,1,0.684022355460386,1,89.7,"L",2,"sabrhood_reliever_selector_v1","recent_appearance_proxy",1,"availability_role_matchup_performance_v1","exact_mlbam_id"
"693855","Ian Seymour","Tampa Bay Rays","L","2026-07-18",0,0,61,0,0,4,"hybrid",0.588,1,"available","sabrhood_workload_heuristic_v1","2026-07-22","2026-07-22","2026-07-23 18:43:06 UTC",0.575683072805139,0.737,1,0.575683072805139,0.85,87.1,"L",2,"sabrhood_reliever_selector_v1","recent_appearance_proxy",2,"availability_role_matchup_performance_v1","exact_mlbam_id"
"641329","Bryan Baker","Tampa Bay Rays","R","2026-07-20",0,16,16,1,0,2,"reliever",1,0.911111111111111,"available","sabrhood_workload_heuristic_v1","2026-07-22","2026-07-22","2026-07-23 18:43:06 UTC",0.791034411134904,0.598,0.35,0.791034411134904,1,78.2,"L",2,"sabrhood_reliever_selector_v1","recent_appearance_proxy",3,"availability_role_matchup_performance_v1","exact_mlbam_id"
"641329","Bryan Baker","Tampa Bay Rays","R","2026-07-20",0,16,16,1,0,2,"reliever",1,0.911111111111111,"available","sabrhood_workload_heuristic_v1","2026-07-22","2026-07-22","2026-07-23 18:43:06 UTC",0.791034411134904,0.598,0.7,0.791034411134904,1,85.2,"R",2,"sabrhood_reliever_selector_v1","recent_appearance_proxy",1,"availability_role_matchup_performance_v1","exact_mlbam_id"
"687330","Kevin Kelly","Tampa Bay Rays","R","2026-07-18",0,0,29,0,0,4,"reliever",1,1,"available","sabrhood_workload_heuristic_v1","2026-07-22","2026-07-22","2026-07-23 18:43:06 UTC",0.535589860813705,0.642,0.7,0.535589860813705,1,82.4,"R",2,"sabrhood_reliever_selector_v1","recent_appearance_proxy",2,"availability_role_matchup_performance_v1","exact_mlbam_id"
"694680","Trevor Martin","Tampa Bay Rays","R","2026-06-28",0,0,0,0,0,24,"reliever",0.3,1,"available","sabrhood_workload_heuristic_v1","2026-07-22","2026-07-22","2026-07-23 18:43:06 UTC",0.5,0,0.7,0.5,1,81.5,"R",2,"sabrhood_reliever_selector_v1","recent_appearance_proxy",3,"availability_role_matchup_performance_v1","exact_mlbam_id"
"656641","Jacob Latz","Texas Rangers","L","2026-07-18",0,0,15,0,0,4,"reliever",0.946,1,"available","sabrhood_workload_heuristic_v1","2026-07-22","2026-07-22","2026-07-23 18:43:06 UTC",0.752458372591006,0.624,1,0.752458372591006,1,93.8,"L",2,"sabrhood_reliever_selector_v1","recent_appearance_proxy",1,"availability_role_matchup_performance_v1","exact_mlbam_id"
"641302","Tyler Alexander","Texas Rangers","L","2026-07-19",0,5,19,1,0,3,"reliever",0.822,0.972222222222222,"available","sabrhood_workload_heuristic_v1","2026-07-22","2026-07-22","2026-07-23 18:43:06 UTC",0.519397944325482,0.652,1,0.519397944325482,1,86.9,"L",2,"sabrhood_reliever_selector_v1","recent_appearance_proxy",2,"availability_role_matchup_performance_v1","exact_mlbam_id"
"596001","Jakob Junis","Texas Rangers","R","2026-07-18",0,0,14,0,0,4,"reliever",0.938,1,"available","sabrhood_workload_heuristic_v1","2026-07-22","2026-07-22","2026-07-23 18:43:06 UTC",0.611394587794433,0.593,0.35,0.611394587794433,1,77.3,"L",2,"sabrhood_reliever_selector_v1","recent_appearance_proxy",3,"availability_role_matchup_performance_v1","exact_mlbam_id"
"596001","Jakob Junis","Texas Rangers","R","2026-07-18",0,0,14,0,0,4,"reliever",0.938,1,"available","sabrhood_workload_heuristic_v1","2026-07-22","2026-07-22","2026-07-23 18:43:06 UTC",0.611394587794433,0.593,0.7,0.611394587794433,1,84.3,"R",2,"sabrhood_reliever_selector_v1","recent_appearance_proxy",1,"availability_role_matchup_performance_v1","exact_mlbam_id"
"656641","Jacob Latz","Texas Rangers","L","2026-07-18",0,0,15,0,0,4,"reliever",0.946,1,"available","sabrhood_workload_heuristic_v1","2026-07-22","2026-07-22","2026-07-23 18:43:06 UTC",0.752458372591006,0.624,0.4,0.752458372591006,1,81.8,"R",2,"sabrhood_reliever_selector_v1","recent_appearance_proxy",2,"availability_role_matchup_performance_v1","exact_mlbam_id"
"686560","Gavin Collyer","Texas Rangers","R","2026-07-17",0,0,41,0,0,5,"reliever",1,1,"available","sabrhood_workload_heuristic_v1","2026-07-22","2026-07-22","2026-07-23 18:43:06 UTC",0.508498527837259,0.51,0.7,0.508498527837259,1,81.7,"R",2,"sabrhood_reliever_selector_v1","recent_appearance_proxy",3,"availability_role_matchup_performance_v1","exact_mlbam_id"
"671936","Adam Macko","Toronto Blue Jays","L","2026-07-17",0,0,22,0,0,5,"reliever",0.85,1,"available","sabrhood_workload_heuristic_v1","2026-07-22","2026-07-22","2026-07-23 18:43:06 UTC",0.408297430406852,0.471,1,0.408297430406852,1,85.2,"L",2,"sabrhood_reliever_selector_v1","recent_appearance_proxy",1,"availability_role_matchup_performance_v1","exact_mlbam_id"
"686973","Louis Varland","Toronto Blue Jays","R","2026-07-18",0,0,9,0,0,4,"reliever",1,1,"available","sabrhood_workload_heuristic_v1","2026-07-22","2026-07-22","2026-07-23 18:43:06 UTC",0.829062018201285,0.667,0.35,0.829062018201285,1,82.7,"L",2,"sabrhood_reliever_selector_v1","recent_appearance_proxy",2,"availability_role_matchup_performance_v1","exact_mlbam_id"
"663893","Brendon Little","Toronto Blue Jays","L","2026-07-20",0,28,28,1,0,2,"reliever",0.4,0.844444444444444,"available","sabrhood_workload_heuristic_v1","2026-07-22","2026-07-22","2026-07-23 18:43:06 UTC",0.5,0,1,0.5,1,81.3,"L",2,"sabrhood_reliever_selector_v1","recent_appearance_proxy",3,"availability_role_matchup_performance_v1","exact_mlbam_id"
"686973","Louis Varland","Toronto Blue Jays","R","2026-07-18",0,0,9,0,0,4,"reliever",1,1,"available","sabrhood_workload_heuristic_v1","2026-07-22","2026-07-22","2026-07-23 18:43:06 UTC",0.829062018201285,0.667,0.7,0.829062018201285,1,89.7,"R",2,"sabrhood_reliever_selector_v1","recent_appearance_proxy",1,"availability_role_matchup_performance_v1","exact_mlbam_id"
"693686","Spencer Miles","Toronto Blue Jays","R","2026-07-17",0,0,60,0,0,5,"reliever",0.714,1,"available","sabrhood_workload_heuristic_v1","2026-07-22","2026-07-22","2026-07-23 18:43:06 UTC",0.715033361884368,0.734,0.7,0.715033361884368,1,86.9,"R",2,"sabrhood_reliever_selector_v1","recent_appearance_proxy",2,"availability_role_matchup_performance_v1","exact_mlbam_id"
"643511","Tyler Rogers","Toronto Blue Jays","R","2026-07-18",0,0,11,0,0,4,"reliever",1,1,"available","sabrhood_workload_heuristic_v1","2026-07-22","2026-07-22","2026-07-23 18:43:06 UTC",0.638194480728051,0.647,0.7,0.638194480728051,1,85,"R",2,"sabrhood_reliever_selector_v1","recent_appearance_proxy",3,"availability_role_matchup_performance_v1","exact_mlbam_id"
"676680","Tom Cosgrove","Washington Nationals","L","2026-07-20",0,27,27,2,0,2,"reliever",0.2,0.85,"available","sabrhood_workload_heuristic_v1","2026-07-22","2026-07-22","2026-07-23 18:43:06 UTC",0.5,0,1,0.5,1,81.5,"L",2,"sabrhood_reliever_selector_v1","recent_appearance_proxy",1,"availability_role_matchup_performance_v1","exact_mlbam_id"
"663992","Richard Lovelady","Washington Nationals","L","2026-06-28",0,0,0,0,0,24,"reliever",0.697,1,"available","sabrhood_workload_heuristic_v1","2026-07-22","2026-07-22","2026-07-23 18:43:06 UTC",0.250851793361884,0.59,1,0.250851793361884,1,81.3,"L",2,"sabrhood_reliever_selector_v1","recent_appearance_proxy",2,"availability_role_matchup_performance_v1","exact_mlbam_id"
"676571","PJ Poulin","Washington Nationals","L","2026-07-11",0,0,0,0,0,11,"opener",0.371,1,"available","sabrhood_workload_heuristic_v1","2026-07-22","2026-07-22","2026-07-23 18:43:06 UTC",0.35096545503212,0.603,1,0.35096545503212,0.7,79.3,"L",2,"sabrhood_reliever_selector_v1","recent_appearance_proxy",3,"availability_role_matchup_performance_v1","exact_mlbam_id"
"695418","Brad Lord","Washington Nationals","R","2026-07-05",0,0,0,0,0,17,"reliever",0.926,1,"available","sabrhood_workload_heuristic_v1","2026-07-22","2026-07-22","2026-07-23 18:43:06 UTC",0.50274329764454,0.712,0.7,0.50274329764454,1,81.6,"R",2,"sabrhood_reliever_selector_v1","recent_appearance_proxy",1,"availability_role_matchup_performance_v1","exact_mlbam_id"
"668820","Max Kranick","Washington Nationals","R","2026-07-18",0,0,32,0,0,4,"reliever",0.1,1,"available","sabrhood_workload_heuristic_v1","2026-07-22","2026-07-22","2026-07-23 18:43:06 UTC",0.5,0,0.7,0.5,1,81.5,"R",2,"sabrhood_reliever_selector_v1","recent_appearance_proxy",2,"availability_role_matchup_performance_v1","exact_mlbam_id"
"678868","Eddy Yean","Washington Nationals","R","2026-07-05",0,0,0,0,0,17,"reliever",0.1,1,"available","sabrhood_workload_heuristic_v1","2026-07-22","2026-07-22","2026-07-23 18:43:06 UTC",0.5,0,0.7,0.5,1,81.5,"R",2,"sabrhood_reliever_selector_v1","recent_appearance_proxy",3,"availability_role_matchup_performance_v1","exact_mlbam_id"
