"player_id","player_name","team","player_hand","perspective","stronger_opponent_hand","pa_vs_l","pa_vs_r","ops_vs_l","ops_vs_r","woba_vs_l","woba_vs_r","woba_gap","split_reliability","headline","evidence","matchup_method","matchup_edge_score","matchup_edge_rank"
"676475","Alec Burleson","St. Louis Cardinals","L","hitter","R",88,208,0.480284775465498,1.00444386694387,0.212386363636364,0.4225,0.210113636363636,0.468,"Alec Burleson is doing more damage against right-handed pitching","Estimated wOBA: 0.212 vs L, 0.422 vs R.","two_sided_opponent_hand_woba_gap_v1",86.5,1
"678246","Miguel Vargas","Chicago White Sox","R","hitter","L",89,214,1.15604993597951,0.738213914849429,0.479090909090909,0.322803738317757,0.156287170773152,0.471,"Miguel Vargas is doing more damage against left-handed pitching","Estimated wOBA: 0.479 vs L, 0.323 vs R.","two_sided_opponent_hand_woba_gap_v1",84.5,2
"668930","Brice Turang","Milwaukee Brewers","L","hitter","R",81,215,0.516021126760563,0.93761550240245,0.23725,0.399065420560748,0.161815420560748,0.448,"Brice Turang is doing more damage against right-handed pitching","Estimated wOBA: 0.237 vs L, 0.399 vs R.","two_sided_opponent_hand_woba_gap_v1",82.6,3
"547180","Bryce Harper","Philadelphia Phillies","L","hitter","R",115,177,0.65679347826087,0.98316384180791,0.290695652173913,0.412090395480226,0.121394743306313,0.535,"Bryce Harper is doing more damage against right-handed pitching","Estimated wOBA: 0.291 vs L, 0.412 vs R.","two_sided_opponent_hand_woba_gap_v1",82.1,4
"502671","Paul Goldschmidt","New York Yankees","R","hitter","L",72,103,1.29722222222222,0.637135922330097,0.534722222222222,0.273980582524272,0.26074163969795,0.419,"Paul Goldschmidt is doing more damage against left-handed pitching","Estimated wOBA: 0.535 vs L, 0.274 vs R.","two_sided_opponent_hand_woba_gap_v1",82.1,4
"664023","Ian Happ","Chicago Cubs","R","hitter","R",86,212,0.562702384456874,0.90936467327577,0.244418604651163,0.385094339622641,0.140675734971478,0.462,"Ian Happ is doing more damage against right-handed pitching","Estimated wOBA: 0.244 vs L, 0.385 vs R.","two_sided_opponent_hand_woba_gap_v1",81.9,6
"686469","Vinnie Pasquantino","Kansas City Royals","L","hitter","R",84,209,0.396103896103896,0.763492021063324,0.18547619047619,0.327246376811594,0.141770186335404,0.457,"Vinnie Pasquantino is doing more damage against right-handed pitching","Estimated wOBA: 0.185 vs L, 0.327 vs R.","two_sided_opponent_hand_woba_gap_v1",81.4,7
"682998","Corbin Carroll","Arizona Diamondbacks","L","hitter","L",96,196,1.1171568627451,0.811560552364658,0.4653125,0.343487179487179,0.121825320512821,0.49,"Corbin Carroll is doing more damage against left-handed pitching","Estimated wOBA: 0.465 vs L, 0.343 vs R.","two_sided_opponent_hand_woba_gap_v1",80.8,8
"666176","Jo Adell","Los Angeles Angels","R","hitter","L",85,217,0.949121466768525,0.595418812686365,0.396470588235294,0.263087557603687,0.133383030631607,0.459,"Jo Adell is doing more damage against left-handed pitching","Estimated wOBA: 0.396 vs L, 0.263 vs R.","two_sided_opponent_hand_woba_gap_v1",80,9
"672640","Otto Lopez","Miami Marlins","R","hitter","L",70,233,1.14243070362473,0.749826941713969,0.483285714285714,0.3231330472103,0.160152667075414,0.412,"Otto Lopez is doing more damage against left-handed pitching","Estimated wOBA: 0.483 vs L, 0.323 vs R.","two_sided_opponent_hand_woba_gap_v1",78.9,10
"664040","Brandon Lowe","Pittsburgh Pirates","L","hitter","R",84,204,0.617167919799499,0.945413758723828,0.268452380952381,0.394558823529412,0.126106442577031,0.457,"Brandon Lowe is doing more damage against right-handed pitching","Estimated wOBA: 0.268 vs L, 0.395 vs R.","two_sided_opponent_hand_woba_gap_v1",78.8,11
"663837","Matt Vierling","Detroit Tigers","R","hitter","L",73,124,0.828879407141253,0.477474972191324,0.353835616438356,0.207177419354839,0.146658197083517,0.422,"Matt Vierling is doing more damage against left-handed pitching","Estimated wOBA: 0.354 vs L, 0.207 vs R.","two_sided_opponent_hand_woba_gap_v1",78.4,12
"668715","Spencer Steer","Cincinnati Reds","R","hitter","L",68,199,1.07843137254902,0.660465247586246,0.443970588235294,0.2921608040201,0.151809784215194,0.405,"Spencer Steer is doing more damage against left-handed pitching","Estimated wOBA: 0.444 vs L, 0.292 vs R.","two_sided_opponent_hand_woba_gap_v1",77.2,13
"668885","Austin Martin","Minnesota Twins","R","hitter","L",94,138,0.800531914893617,0.585101449275362,0.364468085106383,0.265,0.099468085106383,0.485,"Austin Martin is doing more damage against left-handed pitching","Estimated wOBA: 0.364 vs L, 0.265 vs R.","two_sided_opponent_hand_woba_gap_v1",77,14
"608070","Jos<U+00E9> Ram<U+00ED>rez","Cleveland Guardians","R","hitter","L",92,218,0.935830277632268,0.66471540665089,0.393913043478261,0.293611111111111,0.10030193236715,0.479,"Jos<U+00E9> Ram<U+00ED>rez is doing more damage against left-handed pitching","Estimated wOBA: 0.394 vs L, 0.294 vs R.","two_sided_opponent_hand_woba_gap_v1",76.9,15
"691723","Coby Mayo","Baltimore Orioles","R","hitter","L",56,141,1.08791208791209,0.462045656028369,0.4475,0.209432624113475,0.238067375886525,0.359,"Coby Mayo is doing more damage against left-handed pitching","Estimated wOBA: 0.448 vs L, 0.209 vs R.","two_sided_opponent_hand_woba_gap_v1",76.4,16
"608348","Carson Kelly","Chicago Cubs","R","hitter","L",67,122,0.952393206381884,0.581745680106336,0.408955223880597,0.26655737704918,0.142397846831417,0.401,"Carson Kelly is doing more damage against left-handed pitching","Estimated wOBA: 0.409 vs L, 0.267 vs R.","two_sided_opponent_hand_woba_gap_v1",76,17
"805367","Chase Meidroth","Chicago White Sox","R","hitter","L",76,215,0.978905472636816,0.668019562367651,0.418933333333333,0.296635071090047,0.122298262243286,0.432,"Chase Meidroth is doing more damage against left-handed pitching","Estimated wOBA: 0.419 vs L, 0.297 vs R.","two_sided_opponent_hand_woba_gap_v1",75.6,18
"666969","Adolis Garc<U+00ED>a","Philadelphia Phillies","R","hitter","L",68,191,0.863659022931206,0.507701205406064,0.362941176470588,0.229109947643979,0.133831228826609,0.405,"Adolis Garc<U+00ED>a is doing more damage against left-handed pitching","Estimated wOBA: 0.363 vs L, 0.229 vs R.","two_sided_opponent_hand_woba_gap_v1",74.6,19
"687859","Troy Johnston","Colorado Rockies","L","hitter","R",57,198,0.539835164835165,0.902905459085234,0.234107142857143,0.390656565656566,0.156549422799423,0.363,"Troy Johnston is doing more damage against right-handed pitching","Estimated wOBA: 0.234 vs L, 0.391 vs R.","two_sided_opponent_hand_woba_gap_v1",74.4,20
"691781","Brady House","Washington Nationals","R","hitter","L",54,123,0.988425925925926,0.549946977730647,0.422222222222222,0.237073170731707,0.185149051490515,0.351,"Brady House is doing more damage against left-handed pitching","Estimated wOBA: 0.422 vs L, 0.237 vs R.","two_sided_opponent_hand_woba_gap_v1",74.4,20
"686948","Drake Baldwin","Atlanta Braves","L","hitter","L",84,132,1.08610567514677,0.833201581027668,0.455714285714286,0.356946564885496,0.09876772082879,0.457,"Drake Baldwin is doing more damage against left-handed pitching","Estimated wOBA: 0.456 vs L, 0.357 vs R.","two_sided_opponent_hand_woba_gap_v1",74.3,22
"669127","Shea Langeliers","Athletics","R","hitter","L",79,215,1.06893602463223,0.804962838647806,0.44506329113924,0.343953488372093,0.101109802767147,0.441,"Shea Langeliers is doing more damage against left-handed pitching","Estimated wOBA: 0.445 vs L, 0.344 vs R.","two_sided_opponent_hand_woba_gap_v1",73.3,23
"641680","Jonah Heim","Athletics","R","hitter","L",50,51,1.04212765957447,0.52156862745098,0.4296,0.233921568627451,0.195678431372549,0.333,"Jonah Heim is doing more damage against left-handed pitching","Estimated wOBA: 0.430 vs L, 0.234 vs R.","two_sided_opponent_hand_woba_gap_v1",73.2,24
"545121","Ildemaro Vargas","Arizona Diamondbacks","R","hitter","L",75,164,0.899666790077749,0.622077870002807,0.378108108108108,0.271717791411043,0.106390316697065,0.429,"Ildemaro Vargas is doing more damage against left-handed pitching","Estimated wOBA: 0.378 vs L, 0.272 vs R.","two_sided_opponent_hand_woba_gap_v1",73.1,25
"671056","Iv<U+00E1>n Herrera","St. Louis Cardinals","R","hitter","L",88,222,0.976284584980237,0.747457134553909,0.423636363636364,0.332882882882883,0.090753480753481,0.468,"Iv<U+00E1>n Herrera is doing more damage against left-handed pitching","Estimated wOBA: 0.424 vs L, 0.333 vs R.","two_sided_opponent_hand_woba_gap_v1",72.8,26
"677800","Wilyer Abreu","Boston Red Sox","L","hitter","L",89,202,0.907954545454545,0.706865768544068,0.392272727272727,0.302039800995025,0.090232926277702,0.471,"Wilyer Abreu is doing more damage against left-handed pitching","Estimated wOBA: 0.392 vs L, 0.302 vs R.","two_sided_opponent_hand_woba_gap_v1",72.8,26
"802415","Chandler Simpson","Tampa Bay Rays","L","hitter","R",88,180,0.485982618446874,0.678396016954854,0.21183908045977,0.300393258426966,0.088554177967196,0.468,"Chandler Simpson is doing more damage against right-handed pitching","Estimated wOBA: 0.212 vs L, 0.300 vs R.","two_sided_opponent_hand_woba_gap_v1",72,28
"641933","Tyler O'Neill","Baltimore Orioles","R","hitter","R",58,79,0.376707872478855,0.709419210722264,0.178103448275862,0.317341772151899,0.139238323876037,0.367,"Tyler O'Neill is doing more damage against right-handed pitching","Estimated wOBA: 0.178 vs L, 0.317 vs R.","two_sided_opponent_hand_woba_gap_v1",71.9,29
"621043","Carlos Correa","Houston Astros","R","hitter","L",47,93,1.08783415166394,0.635833657209483,0.452340425531915,0.286666666666667,0.165673758865248,0.32,"Carlos Correa is doing more damage against left-handed pitching","Estimated wOBA: 0.452 vs L, 0.287 vs R.","two_sided_opponent_hand_woba_gap_v1",71.4,30
"683734","Andrew Vaughn","Milwaukee Brewers","R","hitter","L",41,69,1.43830703012912,0.682539682539683,0.589024390243902,0.304057971014493,0.284966419229409,0.291,"Andrew Vaughn is doing more damage against left-handed pitching","Estimated wOBA: 0.589 vs L, 0.304 vs R.","two_sided_opponent_hand_woba_gap_v1",71.1,31
"660670","Ronald Acu<U+00F1>a Jr.","Atlanta Braves","R","hitter","R",80,154,0.625932835820896,0.872666396103896,0.285125,0.377597402597403,0.092472402597403,0.444,"Ronald Acu<U+00F1>a Jr. is doing more damage against right-handed pitching","Estimated wOBA: 0.285 vs L, 0.378 vs R.","two_sided_opponent_hand_woba_gap_v1",70.8,32
"500743","Miguel Rojas","Los Angeles Dodgers","R","hitter","L",66,54,0.802516692347201,0.472222222222222,0.352575757575758,0.212884615384615,0.139691142191143,0.351,"Miguel Rojas is doing more damage against left-handed pitching","Estimated wOBA: 0.353 vs L, 0.213 vs R.","two_sided_opponent_hand_woba_gap_v1",70.8,32
"677594","Julio Rodr<U+00ED>guez","Seattle Mariners","R","hitter","L",83,239,0.910682730923695,0.67434385697984,0.382530120481928,0.293807531380753,0.088722589101175,0.454,"Julio Rodr<U+00ED>guez is doing more damage against left-handed pitching","Estimated wOBA: 0.383 vs L, 0.294 vs R.","two_sided_opponent_hand_woba_gap_v1",70.6,34
"668804","Bryan Reynolds","Pittsburgh Pirates","R","hitter","L",102,208,0.973292765382015,0.748890532544379,0.415588235294118,0.333091787439613,0.082496447854505,0.505,"Bryan Reynolds is doing more damage against left-handed pitching","Estimated wOBA: 0.416 vs L, 0.333 vs R.","two_sided_opponent_hand_woba_gap_v1",70.6,34
"687597","Jordan Beck","Colorado Rockies","R","hitter","L",41,47,0.86777920410783,0.241295938104449,0.361707317073171,0.115531914893617,0.246175402179554,0.291,"Jordan Beck is doing more damage against left-handed pitching","Estimated wOBA: 0.362 vs L, 0.116 vs R.","two_sided_opponent_hand_woba_gap_v1",70.6,34
"624413","Pete Alonso","Baltimore Orioles","R","hitter","R",87,228,0.646232439335888,0.863567548312405,0.281379310344828,0.36578947368421,0.084410163339382,0.465,"Pete Alonso is doing more damage against right-handed pitching","Estimated wOBA: 0.281 vs L, 0.366 vs R.","two_sided_opponent_hand_woba_gap_v1",70,37
"686894","Joey Wiemer","Washington Nationals","R","hitter","L",44,41,1.16866028708134,0.576757532281205,0.479318181818182,0.277560975609756,0.201757206208426,0.291,"Joey Wiemer is doing more damage against left-handed pitching","Estimated wOBA: 0.479 vs L, 0.278 vs R.","two_sided_opponent_hand_woba_gap_v1",69.9,38
"686217","Sal Frelick","Milwaukee Brewers","L","hitter","R",61,181,0.411007025761124,0.685064935064935,0.185573770491803,0.303371428571429,0.117797658079626,0.379,"Sal Frelick is doing more damage against right-handed pitching","Estimated wOBA: 0.186 vs L, 0.303 vs R.","two_sided_opponent_hand_woba_gap_v1",69.8,39
"669257","Will Smith","Los Angeles Dodgers","R","hitter","R",51,150,0.433600713012478,0.817364341085271,0.215490196078431,0.3516,0.136109803921569,0.338,"Will Smith is doing more damage against right-handed pitching","Estimated wOBA: 0.215 vs L, 0.352 vs R.","two_sided_opponent_hand_woba_gap_v1",69.4,40
"672580","Maikel Garcia","Kansas City Royals","R","hitter","L",55,224,0.939015151515151,0.6437673370319,0.404545454545455,0.281651785714286,0.122893668831169,0.355,"Maikel Garcia is doing more damage against left-handed pitching","Estimated wOBA: 0.405 vs L, 0.282 vs R.","two_sided_opponent_hand_woba_gap_v1",69.2,41
"803011","Sam Antonacci","Chicago White Sox","L","hitter","R",40,169,0.321678321678322,0.85515873015873,0.177692307692308,0.375892857142857,0.198200549450549,0.286,"Sam Antonacci is doing more damage against right-handed pitching","Estimated wOBA: 0.178 vs L, 0.376 vs R.","two_sided_opponent_hand_woba_gap_v1",69.2,41
"665487","Fernando Tatis Jr.","San Diego Padres","R","hitter","L",61,239,0.91892697466468,0.635787964474889,0.395245901639344,0.284915966386555,0.110329935252789,0.379,"Fernando Tatis Jr. is doing more damage against left-handed pitching","Estimated wOBA: 0.395 vs L, 0.285 vs R.","two_sided_opponent_hand_woba_gap_v1",69.1,43
"595978","Austin Hedges","Cleveland Guardians","R","hitter","L",53,54,0.857272727272727,0.522675736961451,0.3668,0.240185185185185,0.126614814814815,0.346,"Austin Hedges is doing more damage against left-handed pitching","Estimated wOBA: 0.367 vs L, 0.240 vs R.","two_sided_opponent_hand_woba_gap_v1",68.9,44
"686555","Isaac Collins","Kansas City Royals","R","hitter","R",71,165,0.504395604395604,0.701125703564728,0.227428571428571,0.323109756097561,0.09568118466899,0.415,"Isaac Collins is doing more damage against right-handed pitching","Estimated wOBA: 0.227 vs L, 0.323 vs R.","two_sided_opponent_hand_woba_gap_v1",68.8,45
"669224","Austin Wells","New York Yankees","L","hitter","R",56,113,0.338571428571429,0.620667404129793,0.160357142857143,0.281339285714286,0.120982142857143,0.359,"Austin Wells is doing more damage against right-handed pitching","Estimated wOBA: 0.160 vs L, 0.281 vs R.","two_sided_opponent_hand_woba_gap_v1",68.5,46
"657757","Gavin Sheets","San Diego Padres","L","hitter","R",44,187,0.455128205128205,0.85204991087344,0.214772727272727,0.362085561497326,0.147312834224599,0.306,"Gavin Sheets is doing more damage against right-handed pitching","Estimated wOBA: 0.215 vs L, 0.362 vs R.","two_sided_opponent_hand_woba_gap_v1",68.4,47
"689414","Liam Hicks","Miami Marlins","L","hitter","R",47,222,0.520498183705241,0.907905287486439,0.243191489361702,0.382927927927928,0.139736438566226,0.32,"Liam Hicks is doing more damage against right-handed pitching","Estimated wOBA: 0.243 vs L, 0.383 vs R.","two_sided_opponent_hand_woba_gap_v1",68.3,48
"693307","Dillon Dingler","Detroit Tigers","R","hitter","R",84,182,0.710371819960861,0.920552147239264,0.304404761904762,0.387833333333333,0.083428571428571,0.457,"Dillon Dingler is doing more damage against right-handed pitching","Estimated wOBA: 0.304 vs L, 0.388 vs R.","two_sided_opponent_hand_woba_gap_v1",67.7,49
"663368","Blake Perkins","Milwaukee Brewers","R","hitter","L",46,41,0.648462354188759,0.232142857142857,0.283913043478261,0.131,0.152913043478261,0.291,"Blake Perkins is doing more damage against left-handed pitching","Estimated wOBA: 0.284 vs L, 0.131 vs R.","two_sided_opponent_hand_woba_gap_v1",67.6,50
"521692","Salvador Perez","Kansas City Royals","R","hitter","L",70,210,0.749769585253456,0.518225767464346,0.31695652173913,0.225761904761905,0.091194616977225,0.412,"Salvador Perez is doing more damage against left-handed pitching","Estimated wOBA: 0.317 vs L, 0.226 vs R.","two_sided_opponent_hand_woba_gap_v1",67.2,51
"646240","Rafael Devers","San Francisco Giants","L","hitter","R",102,204,0.558184143222506,0.774821039526922,0.250882352941176,0.325665024630542,0.074782671689366,0.505,"Rafael Devers is doing more damage against right-handed pitching","Estimated wOBA: 0.251 vs L, 0.326 vs R.","two_sided_opponent_hand_woba_gap_v1",66.2,52
"650859","Luis Rengifo","Milwaukee Brewers","R","hitter","R",84,125,0.423558897243108,0.593346759155665,0.190120481927711,0.269593495934959,0.079473014007248,0.457,"Luis Rengifo is doing more damage against right-handed pitching","Estimated wOBA: 0.190 vs L, 0.270 vs R.","two_sided_opponent_hand_woba_gap_v1",65.9,53
"682928","CJ Abrams","Washington Nationals","L","hitter","R",86,213,0.74865831842576,0.944616416447402,0.322325581395349,0.400234741784038,0.077909160388689,0.462,"CJ Abrams is doing more damage against right-handed pitching","Estimated wOBA: 0.322 vs L, 0.400 vs R.","two_sided_opponent_hand_woba_gap_v1",65.6,54
"518692","Freddie Freeman","Los Angeles Dodgers","L","hitter","R",91,212,0.69047619047619,0.8983798195242,0.305164835164835,0.381232227488152,0.076067392323317,0.476,"Freddie Freeman is doing more damage against right-handed pitching","Estimated wOBA: 0.305 vs L, 0.381 vs R.","two_sided_opponent_hand_woba_gap_v1",65.6,54
"678489","Jorge Barrosa","Arizona Diamondbacks","R","hitter","L",44,68,0.730986800754243,0.435786435786436,0.32046511627907,0.188939393939394,0.131525722339676,0.306,"Jorge Barrosa is doing more damage against left-handed pitching","Estimated wOBA: 0.320 vs L, 0.189 vs R.","two_sided_opponent_hand_woba_gap_v1",65.6,54
"694212","Samuel Basallo","Baltimore Orioles","L","hitter","R",51,163,0.566176470588235,0.858685603832255,0.252549019607843,0.360490797546012,0.107941777938169,0.338,"Samuel Basallo is doing more damage against right-handed pitching","Estimated wOBA: 0.253 vs L, 0.360 vs R.","two_sided_opponent_hand_woba_gap_v1",65.5,57
"668709","JJ Bleday","Cincinnati Reds","L","hitter","R",49,133,0.701471286188894,1.01072245831971,0.303469387755102,0.419774436090226,0.116305048335124,0.329,"JJ Bleday is doing more damage against right-handed pitching","Estimated wOBA: 0.303 vs L, 0.420 vs R.","two_sided_opponent_hand_woba_gap_v1",65.5,57
"683953","Travis Bazzana","Cleveland Guardians","L","hitter","R",58,116,0.567613252197431,0.840689655172414,0.261206896551724,0.35895652173913,0.097749625187406,0.367,"Travis Bazzana is doing more damage against right-handed pitching","Estimated wOBA: 0.261 vs L, 0.359 vs R.","two_sided_opponent_hand_woba_gap_v1",65.3,59
"701807","Carson Benge","New York Mets","L","hitter","L",50,218,0.908372093023256,0.664501771278045,0.3966,0.290963302752294,0.105636697247706,0.333,"Carson Benge is doing more damage against left-handed pitching","Estimated wOBA: 0.397 vs L, 0.291 vs R.","two_sided_opponent_hand_woba_gap_v1",64.6,60
"666182","Bo Bichette","New York Mets","R","hitter","L",78,231,0.79938605994944,0.595157179269329,0.341410256410256,0.25974025974026,0.081669996669996,0.438,"Bo Bichette is doing more damage against left-handed pitching","Estimated wOBA: 0.341 vs L, 0.260 vs R.","two_sided_opponent_hand_woba_gap_v1",64.5,61
"701762","Nick Kurtz","Athletics","L","hitter","R",104,210,0.846910112359551,1.01469221835075,0.364466019417476,0.430765550239234,0.066299530821758,0.51,"Nick Kurtz is doing more damage against right-handed pitching","Estimated wOBA: 0.364 vs L, 0.431 vs R.","two_sided_opponent_hand_woba_gap_v1",63.7,62
"679845","Nick Loftin","Kansas City Royals","R","hitter","L",58,60,0.790643274853801,0.535897435897436,0.338771929824561,0.246666666666667,0.092105263157894,0.367,"Nick Loftin is doing more damage against left-handed pitching","Estimated wOBA: 0.339 vs L, 0.247 vs R.","two_sided_opponent_hand_woba_gap_v1",63.5,63
"665489","Vladimir Guerrero Jr.","Toronto Blue Jays","R","hitter","L",64,220,0.883413461538462,0.66969696969697,0.385625,0.298909090909091,0.086715909090909,0.39,"Vladimir Guerrero Jr. is doing more damage against left-handed pitching","Estimated wOBA: 0.386 vs L, 0.299 vs R.","two_sided_opponent_hand_woba_gap_v1",63.3,64
"680574","Matt McLain","Cincinnati Reds","R","hitter","L",60,204,0.815362423368193,0.62367405978785,0.362372881355932,0.275343137254902,0.08702974410103,0.375,"Matt McLain is doing more damage against left-handed pitching","Estimated wOBA: 0.362 vs L, 0.275 vs R.","two_sided_opponent_hand_woba_gap_v1",62.4,65
"681082","Bryson Stott","Philadelphia Phillies","L","hitter","L",46,198,0.861538461538462,0.631856221703937,0.375777777777778,0.271218274111675,0.104559503666103,0.315,"Bryson Stott is doing more damage against left-handed pitching","Estimated wOBA: 0.376 vs L, 0.271 vs R.","two_sided_opponent_hand_woba_gap_v1",62.4,65
"695578","James Wood","Washington Nationals","L","hitter","R",107,226,0.85361641609102,1.00731050404002,0.364339622641509,0.424755555555556,0.060415932914047,0.517,"James Wood is doing more damage against right-handed pitching","Estimated wOBA: 0.364 vs L, 0.425 vs R.","two_sided_opponent_hand_woba_gap_v1",62.2,67
"694384","Nolan Schanuel","Los Angeles Angels","L","hitter","R",62,166,0.533452807646356,0.760592037022261,0.245322580645161,0.33078313253012,0.085460551884959,0.383,"Nolan Schanuel is doing more damage against right-handed pitching","Estimated wOBA: 0.245 vs L, 0.331 vs R.","two_sided_opponent_hand_woba_gap_v1",62.1,68
"641598","Mitch Garver","Seattle Mariners","R","hitter","L",46,61,0.801560758082497,0.533590485374478,0.355652173913043,0.251147540983607,0.104504632929436,0.315,"Mitch Garver is doing more damage against left-handed pitching","Estimated wOBA: 0.356 vs L, 0.251 vs R.","two_sided_opponent_hand_woba_gap_v1",62.1,68
"656811","Ryan O'Hearn","Pittsburgh Pirates","L","hitter","R",63,167,0.653174603174603,0.84145993726832,0.278730158730159,0.362934131736527,0.084203973006368,0.387,"Ryan O'Hearn is doing more damage against right-handed pitching","Estimated wOBA: 0.279 vs L, 0.363 vs R.","two_sided_opponent_hand_woba_gap_v1",61.8,70
"663728","Cal Raleigh","Seattle Mariners","R","hitter","R",51,130,0.396078431372549,0.623607427055703,0.179803921568627,0.272923076923077,0.09311915535445,0.338,"Cal Raleigh is doing more damage against right-handed pitching","Estimated wOBA: 0.180 vs L, 0.273 vs R.","two_sided_opponent_hand_woba_gap_v1",61.7,71
"643396","Isiah Kiner-Falefa","Boston Red Sox","R","hitter","R",41,77,0.487145682267633,0.767293233082707,0.223658536585366,0.339736842105263,0.116078305519897,0.291,"Isiah Kiner-Falefa is doing more damage against right-handed pitching","Estimated wOBA: 0.224 vs L, 0.340 vs R.","two_sided_opponent_hand_woba_gap_v1",61.7,71
"800050","Chase DeLauter","Cleveland Guardians","L","hitter","L",82,188,0.869105691056911,0.690328820116054,0.374878048780488,0.30281914893617,0.072058899844318,0.451,"Chase DeLauter is doing more damage against left-handed pitching","Estimated wOBA: 0.375 vs L, 0.303 vs R.","two_sided_opponent_hand_woba_gap_v1",61.6,73
"693304","Nick Gonzales","Pittsburgh Pirates","R","hitter","R",81,186,0.584876543209877,0.779384501297738,0.268148148148148,0.341612903225806,0.073464755077658,0.448,"Nick Gonzales is doing more damage against right-handed pitching","Estimated wOBA: 0.268 vs L, 0.342 vs R.","two_sided_opponent_hand_woba_gap_v1",61.5,74
"686780","Pedro Pag<U+00E9>s","St. Louis Cardinals","R","hitter","R",46,90,0.484057971014493,0.721077421254048,0.210652173913044,0.308372093023256,0.097719919110212,0.315,"Pedro Pag<U+00E9>s is doing more damage against right-handed pitching","Estimated wOBA: 0.211 vs L, 0.308 vs R.","two_sided_opponent_hand_woba_gap_v1",60.4,75
"542303","Marcell Ozuna","Pittsburgh Pirates","R","hitter","L",64,144,0.703125,0.508207070707071,0.3115625,0.229513888888889,0.082048611111111,0.39,"Marcell Ozuna is doing more damage against left-handed pitching","Estimated wOBA: 0.312 vs L, 0.230 vs R.","two_sided_opponent_hand_woba_gap_v1",60.2,76
"596142","Gary S<U+00E1>nchez","Milwaukee Brewers","R","hitter","L",47,88,0.999440089585666,0.76010101010101,0.427021276595745,0.332613636363636,0.094407640232109,0.32,"Gary S<U+00E1>nchez is doing more damage against left-handed pitching","Estimated wOBA: 0.427 vs L, 0.333 vs R.","two_sided_opponent_hand_woba_gap_v1",60.2,76
"663538","Nico Hoerner","Chicago Cubs","R","hitter","L",88,229,0.77300785634119,0.608023466102069,0.335454545454545,0.274847161572052,0.060607383882493,0.468,"Nico Hoerner is doing more damage against left-handed pitching","Estimated wOBA: 0.335 vs L, 0.275 vs R.","two_sided_opponent_hand_woba_gap_v1",60.1,78
"808982","Jung Hoo Lee","San Francisco Giants","L","hitter","R",74,187,0.672150411280846,0.862633689839572,0.295675675675676,0.370588235294118,0.074912559618442,0.425,"Jung Hoo Lee is doing more damage against right-handed pitching","Estimated wOBA: 0.296 vs L, 0.371 vs R.","two_sided_opponent_hand_woba_gap_v1",59.9,79
"660688","Keibert Ruiz","Washington Nationals","R","hitter","L",54,96,0.925925925925926,0.731507490636704,0.391481481481481,0.305833333333333,0.085648148148148,0.351,"Keibert Ruiz is doing more damage against left-handed pitching","Estimated wOBA: 0.391 vs L, 0.306 vs R.","two_sided_opponent_hand_woba_gap_v1",59.9,79
"669065","Kyle Stowers","Miami Marlins","L","hitter","R",43,163,0.48896839594514,0.722396105025213,0.216511627906977,0.314285714285714,0.097774086378737,0.301,"Kyle Stowers is doing more damage against right-handed pitching","Estimated wOBA: 0.217 vs L, 0.314 vs R.","two_sided_opponent_hand_woba_gap_v1",59.8,81
"672515","Gabriel Moreno","Arizona Diamondbacks","R","hitter","R",45,141,0.634688346883469,0.834219858156028,0.264888888888889,0.362056737588652,0.097167848699763,0.31,"Gabriel Moreno is doing more damage against right-handed pitching","Estimated wOBA: 0.265 vs L, 0.362 vs R.","two_sided_opponent_hand_woba_gap_v1",59.7,82
"642715","Willy Adames","San Francisco Giants","R","hitter","R",77,222,0.557709895738065,0.738049053838528,0.243116883116883,0.313693693693694,0.070576810576811,0.435,"Willy Adames is doing more damage against right-handed pitching","Estimated wOBA: 0.243 vs L, 0.314 vs R.","two_sided_opponent_hand_woba_gap_v1",59.3,83
"643289","Mauricio Dub<U+00F3>n","Atlanta Braves","R","hitter","R",103,166,0.617577925396014,0.771717171717172,0.27378640776699,0.332121212121212,0.058334804354222,0.507,"Mauricio Dub<U+00F3>n is doing more damage against right-handed pitching","Estimated wOBA: 0.274 vs L, 0.332 vs R.","two_sided_opponent_hand_woba_gap_v1",59.3,83
"672724","Oswald Peraza","Los Angeles Angels","R","hitter","L",78,142,0.865742365742366,0.663705308775731,0.363506493506493,0.293591549295775,0.069914944210718,0.438,"Oswald Peraza is doing more damage against left-handed pitching","Estimated wOBA: 0.364 vs L, 0.294 vs R.","two_sided_opponent_hand_woba_gap_v1",59.1,85
"665750","Leody Taveras","Baltimore Orioles","R","hitter","R",63,154,0.547435897435897,0.781904761904762,0.259333333333333,0.338733333333333,0.0794,0.387,"Leody Taveras is doing more damage against right-handed pitching","Estimated wOBA: 0.259 vs L, 0.339 vs R.","two_sided_opponent_hand_woba_gap_v1",58.7,86
"665742","Juan Soto","New York Mets","L","hitter","R",78,149,0.817633071154198,1.00110976060878,0.347792207792208,0.417006802721088,0.06921459492888,0.438,"Juan Soto is doing more damage against right-handed pitching","Estimated wOBA: 0.348 vs L, 0.417 vs R.","two_sided_opponent_hand_woba_gap_v1",58.6,87
"683083","Nasim Nu<U+00F1>ez","Washington Nationals","R","hitter","L",63,167,0.626984126984127,0.454658385093168,0.292063492063492,0.212857142857143,0.079206349206349,0.387,"Nasim Nu<U+00F1>ez is doing more damage against left-handed pitching","Estimated wOBA: 0.292 vs L, 0.213 vs R.","two_sided_opponent_hand_woba_gap_v1",58.5,88
"655316","Andruw Monasterio","Boston Red Sox","R","hitter","L",50,60,0.808888888888889,0.594252873563218,0.3438,0.258333333333333,0.085466666666667,0.333,"Andruw Monasterio is doing more damage against left-handed pitching","Estimated wOBA: 0.344 vs L, 0.258 vs R.","two_sided_opponent_hand_woba_gap_v1",58.2,89
"592518","Manny Machado","San Diego Padres","R","hitter","L",68,215,0.761859582542694,0.561069079760669,0.321176470588235,0.246121495327103,0.075054975261132,0.405,"Manny Machado is doing more damage against left-handed pitching","Estimated wOBA: 0.321 vs L, 0.246 vs R.","two_sided_opponent_hand_woba_gap_v1",58.1,90
"667670","Brent Rooker","Athletics","R","hitter","R",47,154,0.508220502901354,0.720923520923521,0.223191489361702,0.310324675324675,0.087133185962973,0.32,"Brent Rooker is doing more damage against right-handed pitching","Estimated wOBA: 0.223 vs L, 0.310 vs R.","two_sided_opponent_hand_woba_gap_v1",57.9,91
"672761","Wenceel P<U+00E9>rez","Detroit Tigers","R","hitter","L",53,118,0.754347021827599,0.527007761761445,0.317358490566038,0.234745762711864,0.082612727854174,0.346,"Wenceel P<U+00E9>rez is doing more damage against left-handed pitching","Estimated wOBA: 0.317 vs L, 0.235 vs R.","two_sided_opponent_hand_woba_gap_v1",57.2,92
"543807","George Springer","Toronto Blue Jays","R","hitter","L",61,160,0.800980392156863,0.603959062752491,0.347666666666667,0.270379746835443,0.077286919831224,0.379,"George Springer is doing more damage against left-handed pitching","Estimated wOBA: 0.348 vs L, 0.270 vs R.","two_sided_opponent_hand_woba_gap_v1",56.9,93
"687093","Vaughn Grissom","Los Angeles Angels","R","hitter","R",60,95,0.605084745762712,0.813032581453634,0.270338983050847,0.347684210526316,0.077345227475469,0.375,"Vaughn Grissom is doing more damage against right-handed pitching","Estimated wOBA: 0.270 vs L, 0.348 vs R.","two_sided_opponent_hand_woba_gap_v1",56.8,94
"669003","Garrett Mitchell","Milwaukee Brewers","L","hitter","R",54,166,0.570754716981132,0.806810575635877,0.267547169811321,0.347212121212121,0.0796649514008,0.351,"Garrett Mitchell is doing more damage against right-handed pitching","Estimated wOBA: 0.268 vs L, 0.347 vs R.","two_sided_opponent_hand_woba_gap_v1",56.3,95
"682177","Daniel Schneemann","Cleveland Guardians","L","hitter","L",49,148,0.824211502782931,0.60970970970971,0.354081632653061,0.270540540540541,0.08354109211252,0.329,"Daniel Schneemann is doing more damage against left-handed pitching","Estimated wOBA: 0.354 vs L, 0.271 vs R.","two_sided_opponent_hand_woba_gap_v1",56.3,95
"807713","Matt Shaw","Chicago Cubs","R","hitter","L",55,53,0.785454545454545,0.604166666666667,0.341090909090909,0.259423076923077,0.081667832167832,0.346,"Matt Shaw is doing more damage against left-handed pitching","Estimated wOBA: 0.341 vs L, 0.259 vs R.","two_sided_opponent_hand_woba_gap_v1",56.2,97
"666018","Jonathan Aranda","Tampa Bay Rays","L","hitter","R",89,204,0.685855010004617,0.87547299621603,0.313483146067416,0.369257425742574,0.055774279675158,0.471,"Jonathan Aranda is doing more damage against right-handed pitching","Estimated wOBA: 0.313 vs L, 0.369 vs R.","two_sided_opponent_hand_woba_gap_v1",56.1,98
"575929","Willson Contreras","Boston Red Sox","R","hitter","L",71,204,1.0496538553354,0.878230837789661,0.440281690140845,0.375098039215686,0.065183650925159,0.415,"Willson Contreras is doing more damage against left-handed pitching","Estimated wOBA: 0.440 vs L, 0.375 vs R.","two_sided_opponent_hand_woba_gap_v1",55.6,99
"624641","Edmundo Sosa","Philadelphia Phillies","R","hitter","L",66,47,0.723342175066313,0.517113783533765,0.306769230769231,0.223191489361702,0.083577741407529,0.32,"Edmundo Sosa is doing more damage against left-handed pitching","Estimated wOBA: 0.307 vs L, 0.223 vs R.","two_sided_opponent_hand_woba_gap_v1",55.6,99
"701538","Jackson Merrill","San Diego Padres","L","hitter","L",73,208,0.727840451248993,0.56945086556737,0.312739726027397,0.252087378640777,0.06065234738662,0.422,"Jackson Merrill is doing more damage against left-handed pitching","Estimated wOBA: 0.313 vs L, 0.252 vs R.","two_sided_opponent_hand_woba_gap_v1",55.5,101
"691026","Masyn Winn","St. Louis Cardinals","R","hitter","L",68,195,0.753611971104231,0.57206320810972,0.328088235294118,0.258974358974359,0.069113876319759,0.405,"Masyn Winn is doing more damage against left-handed pitching","Estimated wOBA: 0.328 vs L, 0.259 vs R.","two_sided_opponent_hand_woba_gap_v1",55.3,102
"657656","Ram<U+00F3>n Laureano","San Diego Padres","R","hitter","R",55,151,0.516363636363636,0.713726670680313,0.230909090909091,0.308145695364238,0.077236604455147,0.355,"Ram<U+00F3>n Laureano is doing more damage against right-handed pitching","Estimated wOBA: 0.231 vs L, 0.308 vs R.","two_sided_opponent_hand_woba_gap_v1",54.7,103
"668901","Mark Vientos","New York Mets","R","hitter","L",74,134,0.700450450450451,0.557213930348259,0.299864864864865,0.240223880597015,0.05964098426785,0.425,"Mark Vientos is doing more damage against left-handed pitching","Estimated wOBA: 0.300 vs L, 0.240 vs R.","two_sided_opponent_hand_woba_gap_v1",54.5,104
"681198","TJ Rumfield","Colorado Rockies","L","hitter","R",71,207,0.697403169014085,0.867149758454106,0.309718309859155,0.370289855072464,0.060571545213309,0.415,"TJ Rumfield is doing more damage against right-handed pitching","Estimated wOBA: 0.310 vs L, 0.370 vs R.","two_sided_opponent_hand_woba_gap_v1",54.3,105
"687363","Victor Scott II","St. Louis Cardinals","L","hitter","L",59,125,0.667582417582418,0.467829521145302,0.293392857142857,0.221610169491525,0.071782687651332,0.371,"Victor Scott II is doing more damage against left-handed pitching","Estimated wOBA: 0.293 vs L, 0.222 vs R.","two_sided_opponent_hand_woba_gap_v1",53.9,106
"669477","Casey Schmitt","San Francisco Giants","R","hitter","L",79,195,0.906562291805463,0.776556776556777,0.384303797468354,0.326051282051282,0.058252515417072,0.441,"Casey Schmitt is doing more damage against left-handed pitching","Estimated wOBA: 0.384 vs L, 0.326 vs R.","two_sided_opponent_hand_woba_gap_v1",53.7,107
"808959","Munetaka Murakami","Chicago White Sox","L","hitter","R",72,171,0.817251461988304,0.975667607246555,0.34887323943662,0.408362573099415,0.059489333662795,0.419,"Munetaka Murakami is doing more damage against right-handed pitching","Estimated wOBA: 0.349 vs L, 0.408 vs R.","two_sided_opponent_hand_woba_gap_v1",53.7,107
"671218","Heliot Ramos","San Francisco Giants","R","hitter","L",41,134,0.879924953095685,0.66453447050462,0.370487804878049,0.286417910447761,0.084069894430288,0.291,"Heliot Ramos is doing more damage against left-handed pitching","Estimated wOBA: 0.370 vs L, 0.286 vs R.","two_sided_opponent_hand_woba_gap_v1",53.4,109
"678882","Ceddanne Rafaela","Boston Red Sox","R","hitter","L",66,188,0.921013412816691,0.751291354076989,0.388636363636364,0.327659574468085,0.060976789168279,0.398,"Ceddanne Rafaela is doing more damage against left-handed pitching","Estimated wOBA: 0.389 vs L, 0.328 vs R.","two_sided_opponent_hand_woba_gap_v1",53.3,110
"682829","Elly De La Cruz","Cincinnati Reds","R","hitter","L",73,185,0.984256798200777,0.797753174861609,0.404520547945205,0.345351351351351,0.059169196593854,0.422,"Elly De La Cruz is doing more damage against left-handed pitching","Estimated wOBA: 0.405 vs L, 0.345 vs R.","two_sided_opponent_hand_woba_gap_v1",53.2,111
"621439","Byron Buxton","Minnesota Twins","R","hitter","R",74,200,0.801605953779867,0.978351648351648,0.344864864864865,0.40345,0.058585135135135,0.425,"Byron Buxton is doing more damage against right-handed pitching","Estimated wOBA: 0.345 vs L, 0.403 vs R.","two_sided_opponent_hand_woba_gap_v1",53,112
"641487","J.P. Crawford","Seattle Mariners","L","hitter","R",72,161,0.624269005847953,0.824625502374863,0.297777777777778,0.356770186335404,0.0589924085576261,0.419,"J.P. Crawford is doing more damage against right-handed pitching","Estimated wOBA: 0.298 vs L, 0.357 vs R.","two_sided_opponent_hand_woba_gap_v1",52.7,113
"650402","Gleyber Torres","Detroit Tigers","R","hitter","R",47,143,0.634543178973717,0.835351640229689,0.290217391304348,0.369300699300699,0.079083307996351,0.32,"Gleyber Torres is doing more damage against right-handed pitching","Estimated wOBA: 0.290 vs L, 0.369 vs R.","two_sided_opponent_hand_woba_gap_v1",52.6,114
"663743","Nick Fortes","Tampa Bay Rays","R","hitter","R",84,88,0.591788205453393,0.722402597402597,0.263855421686747,0.315340909090909,0.051485487404162,0.457,"Nick Fortes is doing more damage against right-handed pitching","Estimated wOBA: 0.264 vs L, 0.315 vs R.","two_sided_opponent_hand_woba_gap_v1",52.4,115
"702284","Cole Young","Seattle Mariners","L","hitter","R",89,210,0.611126335982461,0.703349282296651,0.26438202247191,0.312153110047847,0.047771087575937,0.471,"Cole Young is doing more damage against right-handed pitching","Estimated wOBA: 0.264 vs L, 0.312 vs R.","two_sided_opponent_hand_woba_gap_v1",52.3,116
"669394","Jake Burger","Texas Rangers","R","hitter","L",56,218,0.910714285714286,0.706125336619654,0.375178571428571,0.305688073394495,0.069490498034076,0.359,"Jake Burger is doing more damage against left-handed pitching","Estimated wOBA: 0.375 vs L, 0.306 vs R.","two_sided_opponent_hand_woba_gap_v1",52,117
"672695","Geraldo Perdomo","Arizona Diamondbacks","R","hitter","R",87,197,0.642857142857143,0.73704390847248,0.281428571428571,0.329948979591837,0.048520408163266,0.465,"Geraldo Perdomo is doing more damage against right-handed pitching","Estimated wOBA: 0.281 vs L, 0.330 vs R.","two_sided_opponent_hand_woba_gap_v1",52,117
"621438","Tyrone Taylor","New York Mets","R","hitter","L",48,56,0.644444444444444,0.430769230769231,0.269777777777778,0.192727272727273,0.077050505050505,0.324,"Tyrone Taylor is doing more damage against left-handed pitching","Estimated wOBA: 0.270 vs L, 0.193 vs R.","two_sided_opponent_hand_woba_gap_v1",51.9,119
"676356","Jonny DeLuca","Tampa Bay Rays","R","hitter","L",54,71,0.814814814814815,0.633540372670807,0.344814814814815,0.274428571428571,0.070386243386244,0.351,"Jonny DeLuca is doing more damage against left-handed pitching","Estimated wOBA: 0.345 vs L, 0.274 vs R.","two_sided_opponent_hand_woba_gap_v1",51.8,120
"670764","Taylor Walls","Tampa Bay Rays","R","hitter","R",72,109,0.518255578093306,0.665173237753883,0.244264705882353,0.301574074074074,0.057309368191721,0.419,"Taylor Walls is doing more damage against right-handed pitching","Estimated wOBA: 0.244 vs L, 0.302 vs R.","two_sided_opponent_hand_woba_gap_v1",51.4,121
"680757","Steven Kwan","Cleveland Guardians","L","hitter","R",84,186,0.496981891348089,0.621789038986491,0.2375,0.286153846153846,0.048653846153846,0.457,"Steven Kwan is doing more damage against right-handed pitching","Estimated wOBA: 0.237 vs L, 0.286 vs R.","two_sided_opponent_hand_woba_gap_v1",51.2,122
"656555","Rhys Hoskins","Cleveland Guardians","R","hitter","R",75,123,0.63816091954023,0.747723577235772,0.28,0.333658536585366,0.053658536585366,0.429,"Rhys Hoskins is doing more damage against right-handed pitching","Estimated wOBA: 0.280 vs L, 0.334 vs R.","two_sided_opponent_hand_woba_gap_v1",50.2,123
"668227","Randy Arozarena","Seattle Mariners","R","hitter","R",76,227,0.738038277511962,0.851254158050886,0.318947368421053,0.371057268722467,0.052109900301414,0.432,"Randy Arozarena is doing more damage against right-handed pitching","Estimated wOBA: 0.319 vs L, 0.371 vs R.","two_sided_opponent_hand_woba_gap_v1",50,124
"665926","Andr<U+00E9>s Gim<U+00E9>nez","Toronto Blue Jays","L","hitter","R",62,182,0.482265275707899,0.660690187005976,0.224098360655738,0.283461538461538,0.0593631778058,0.383,"Andr<U+00E9>s Gim<U+00E9>nez is doing more damage against right-handed pitching","Estimated wOBA: 0.224 vs L, 0.283 vs R.","two_sided_opponent_hand_woba_gap_v1",49.9,125
"695734","Daylen Lile","Washington Nationals","L","hitter","R",90,221,0.633333333333333,0.780598711633194,0.286666666666667,0.329321266968326,0.042654600301659,0.474,"Daylen Lile is doing more damage against right-handed pitching","Estimated wOBA: 0.287 vs L, 0.329 vs R.","two_sided_opponent_hand_woba_gap_v1",49.5,126
"656941","Kyle Schwarber","Philadelphia Phillies","L","hitter","L",117,187,0.974615384615385,0.886898395721925,0.41008547008547,0.373582887700535,0.036502582384935,0.539,"Kyle Schwarber is doing more damage against left-handed pitching","Estimated wOBA: 0.410 vs L, 0.374 vs R.","two_sided_opponent_hand_woba_gap_v1",49,127
"668939","Adley Rutschman","Baltimore Orioles","R","hitter","R",80,136,0.739285714285714,0.873949579831933,0.3205,0.368161764705882,0.047661764705882,0.444,"Adley Rutschman is doing more damage against right-handed pitching","Estimated wOBA: 0.321 vs L, 0.368 vs R.","two_sided_opponent_hand_woba_gap_v1",48.9,128
"700250","Ben Rice","New York Yankees","L","hitter","R",84,194,0.89047619047619,1.0251521550118,0.378571428571429,0.423917525773196,0.045346097201767,0.457,"Ben Rice is doing more damage against right-handed pitching","Estimated wOBA: 0.379 vs L, 0.424 vs R.","two_sided_opponent_hand_woba_gap_v1",48.6,129
"606466","Ketel Marte","Arizona Diamondbacks","R","hitter","L",85,211,0.843288084464555,0.71264396041549,0.350705882352941,0.307677725118483,0.043028157234458,0.459,"Ketel Marte is doing more damage against left-handed pitching","Estimated wOBA: 0.351 vs L, 0.308 vs R.","two_sided_opponent_hand_woba_gap_v1",48.3,130
"701398","Sal Stewart","Cincinnati Reds","R","hitter","L",71,233,0.891620911912151,0.749984298126243,0.375428571428571,0.325536480686695,0.049892090741876,0.415,"Sal Stewart is doing more damage against left-handed pitching","Estimated wOBA: 0.375 vs L, 0.326 vs R.","two_sided_opponent_hand_woba_gap_v1",48,131
"669016","Brandon Marsh","Philadelphia Phillies","L","hitter","R",65,188,0.73974358974359,0.875826421444885,0.317384615384615,0.372340425531915,0.0549558101473,0.394,"Brandon Marsh is doing more damage against right-handed pitching","Estimated wOBA: 0.317 vs L, 0.372 vs R.","two_sided_opponent_hand_woba_gap_v1",47.8,132
"669364","Xavier Edwards","Miami Marlins","R","hitter","L",66,236,0.926988265971317,0.782637453493179,0.396,0.341949152542373,0.054050847457627,0.398,"Xavier Edwards is doing more damage against left-handed pitching","Estimated wOBA: 0.396 vs L, 0.342 vs R.","two_sided_opponent_hand_woba_gap_v1",47.7,133
"656305","Matt Chapman","San Francisco Giants","R","hitter","L",78,220,0.830769230769231,0.725231910946197,0.363461538461538,0.316318181818182,0.047143356643356,0.438,"Matt Chapman is doing more damage against left-handed pitching","Estimated wOBA: 0.363 vs L, 0.316 vs R.","two_sided_opponent_hand_woba_gap_v1",47.7,133
"805808","Kevin McGonigle","Detroit Tigers","L","hitter","R",82,220,0.700880758807588,0.81564027370479,0.315365853658537,0.359090909090909,0.043725055432372,0.451,"Kevin McGonigle is doing more damage against right-handed pitching","Estimated wOBA: 0.315 vs L, 0.359 vs R.","two_sided_opponent_hand_woba_gap_v1",47.4,135
"699912","Jose Fernandez","Arizona Diamondbacks","R","hitter","R",51,127,0.530833333333333,0.679743028977583,0.2356,0.295483870967742,0.059883870967742,0.338,"Jose Fernandez is doing more damage against right-handed pitching","Estimated wOBA: 0.236 vs L, 0.295 vs R.","two_sided_opponent_hand_woba_gap_v1",47.3,136
"671289","Tyler Freeman","Colorado Rockies","R","hitter","R",47,125,0.632962588473205,0.750880956028803,0.275434782608696,0.337049180327869,0.061614397719173,0.32,"Tyler Freeman is doing more damage against right-handed pitching","Estimated wOBA: 0.275 vs L, 0.337 vs R.","two_sided_opponent_hand_woba_gap_v1",47,137
"621020","Dansby Swanson","Chicago Cubs","R","hitter","R",82,182,0.555555555555556,0.606393606393606,0.236172839506173,0.278406593406593,0.04223375390042,0.451,"Dansby Swanson is doing more damage against right-handed pitching","Estimated wOBA: 0.236 vs L, 0.278 vs R.","two_sided_opponent_hand_woba_gap_v1",46.1,138
"572233","Christian Walker","Houston Astros","R","hitter","R",67,231,0.71461657231086,0.841473080909701,0.305522388059701,0.354608695652174,0.049086307592473,0.401,"Christian Walker is doing more damage against right-handed pitching","Estimated wOBA: 0.306 vs L, 0.355 vs R.","two_sided_opponent_hand_woba_gap_v1",46,139
"694728","Brice Matthews","Houston Astros","R","hitter","L",59,120,0.745465358311032,0.577752293577982,0.311525423728814,0.257,0.054525423728814,0.371,"Brice Matthews is doing more damage against left-handed pitching","Estimated wOBA: 0.312 vs L, 0.257 vs R.","two_sided_opponent_hand_woba_gap_v1",45.8,140
"663968","Jake Mangum","Pittsburgh Pirates","R","hitter","R",42,113,0.60952380952381,0.775757575757576,0.271904761904762,0.339449541284404,0.067544779379642,0.296,"Jake Mangum is doing more damage against right-handed pitching","Estimated wOBA: 0.272 vs L, 0.339 vs R.","two_sided_opponent_hand_woba_gap_v1",45.7,141
"677942","Blaze Alexander","Baltimore Orioles","R","hitter","R",55,114,0.689090909090909,0.813903743315508,0.297636363636364,0.354727272727273,0.057090909090909,0.355,"Blaze Alexander is doing more damage against right-handed pitching","Estimated wOBA: 0.298 vs L, 0.355 vs R.","two_sided_opponent_hand_woba_gap_v1",45.6,142
"608369","Corey Seager","Texas Rangers","L","hitter","R",55,148,0.522727272727273,0.702388434946575,0.242909090909091,0.29891156462585,0.056002473716759,0.355,"Corey Seager is doing more damage against right-handed pitching","Estimated wOBA: 0.243 vs L, 0.299 vs R.","two_sided_opponent_hand_woba_gap_v1",45.3,143
"664761","Alec Bohm","Philadelphia Phillies","R","hitter","L",85,188,0.693665158371041,0.585230084116774,0.295176470588235,0.258351063829787,0.036825406758448,0.459,"Alec Bohm is doing more damage against left-handed pitching","Estimated wOBA: 0.295 vs L, 0.258 vs R.","two_sided_opponent_hand_woba_gap_v1",45.2,144
"641343","Jake Bauers","Milwaukee Brewers","L","hitter","R",60,182,0.783962264150943,0.926891579757822,0.3415,0.390666666666667,0.049166666666667,0.375,"Jake Bauers is doing more damage against right-handed pitching","Estimated wOBA: 0.342 vs L, 0.391 vs R.","two_sided_opponent_hand_woba_gap_v1",44.1,145
"592663","J.T. Realmuto","Philadelphia Phillies","R","hitter","R",46,131,0.477730646871686,0.651158199526191,0.228695652173913,0.288091603053435,0.059395950879522,0.315,"J.T. Realmuto is doing more damage against right-handed pitching","Estimated wOBA: 0.229 vs L, 0.288 vs R.","two_sided_opponent_hand_woba_gap_v1",44.1,145
"650489","Willi Castro","Colorado Rockies","R","hitter","L",74,163,0.813160987074031,0.70891072118066,0.35527027027027,0.312944785276074,0.042325484994196,0.425,"Willi Castro is doing more damage against left-handed pitching","Estimated wOBA: 0.355 vs L, 0.313 vs R.","two_sided_opponent_hand_woba_gap_v1",43.9,147
"661388","William Contreras","Milwaukee Brewers","R","hitter","L",78,208,0.835562987736901,0.738171550671551,0.35974358974359,0.319710144927536,0.040033444816054,0.438,"William Contreras is doing more damage against left-handed pitching","Estimated wOBA: 0.360 vs L, 0.320 vs R.","two_sided_opponent_hand_woba_gap_v1",43.6,148
"607208","Trea Turner","Philadelphia Phillies","R","hitter","R",104,205,0.528846153846154,0.630761572921852,0.244711538461538,0.271512195121951,0.026800656660413,0.51,"Trea Turner is doing more damage against right-handed pitching","Estimated wOBA: 0.245 vs L, 0.272 vs R.","two_sided_opponent_hand_woba_gap_v1",42.7,149
"686797","Brooks Lee","Minnesota Twins","R","hitter","R",90,183,0.642134831460674,0.73625843780135,0.284719101123595,0.314098360655738,0.029379259532143,0.474,"Brooks Lee is doing more damage against right-handed pitching","Estimated wOBA: 0.285 vs L, 0.314 vs R.","two_sided_opponent_hand_woba_gap_v1",42.4,150
"665804","Miguel Amaya","Chicago Cubs","R","hitter","L",43,75,0.781512605042017,0.66564952048823,0.358809523809524,0.30027027027027,0.058539253539254,0.301,"Miguel Amaya is doing more damage against left-handed pitching","Estimated wOBA: 0.359 vs L, 0.300 vs R.","two_sided_opponent_hand_woba_gap_v1",41.8,151
"682657","Angel Mart<U+00ED>nez","Cleveland Guardians","R","hitter","R",81,163,0.665097402597403,0.74125,0.282,0.315375,0.033375,0.448,"Angel Mart<U+00ED>nez is doing more damage against right-handed pitching","Estimated wOBA: 0.282 vs L, 0.315 vs R.","two_sided_opponent_hand_woba_gap_v1",41.7,152
"671739","Michael Harris II","Atlanta Braves","L","hitter","R",97,164,0.791435368754956,0.867417135709819,0.340309278350515,0.366890243902439,0.026580965551924,0.492,"Michael Harris II is doing more damage against right-handed pitching","Estimated wOBA: 0.340 vs L, 0.367 vs R.","two_sided_opponent_hand_woba_gap_v1",41.6,153
"700337","Edgar Quero","Chicago White Sox","R","hitter","R",59,96,0.432556497175141,0.52252816020025,0.195254237288136,0.241063829787234,0.045809592499098,0.371,"Edgar Quero is doing more damage against right-handed pitching","Estimated wOBA: 0.195 vs L, 0.241 vs R.","two_sided_opponent_hand_woba_gap_v1",41,154
"677951","Bobby Witt Jr.","Kansas City Royals","R","hitter","L",68,252,0.9146110056926,0.782242063492063,0.379545454545455,0.339404761904762,0.040140692640693,0.405,"Bobby Witt Jr. is doing more damage against left-handed pitching","Estimated wOBA: 0.380 vs L, 0.339 vs R.","two_sided_opponent_hand_woba_gap_v1",40.9,155
"657041","Lane Thomas","Kansas City Royals","R","hitter","L",80,84,0.713461538461538,0.63768115942029,0.324375,0.293571428571429,0.030803571428571,0.444,"Lane Thomas is doing more damage against left-handed pitching","Estimated wOBA: 0.324 vs L, 0.294 vs R.","two_sided_opponent_hand_woba_gap_v1",40.1,156
"663656","Kyle Tucker","Los Angeles Dodgers","L","hitter","L",78,216,0.783653846153846,0.679767533490938,0.335384615384615,0.303240740740741,0.032143874643874,0.438,"Kyle Tucker is doing more damage against left-handed pitching","Estimated wOBA: 0.335 vs L, 0.303 vs R.","two_sided_opponent_hand_woba_gap_v1",39.8,157
"694192","Jackson Chourio","Milwaukee Brewers","R","hitter","L",43,123,1.02949517867272,0.90236643437863,0.434651162790698,0.380813008130081,0.053838154660617,0.301,"Jackson Chourio is doing more damage against left-handed pitching","Estimated wOBA: 0.435 vs L, 0.381 vs R.","two_sided_opponent_hand_woba_gap_v1",39.3,158
"807712","Luke Keaschall","Minnesota Twins","R","hitter","L",86,183,0.700845665961945,0.627498896921563,0.308953488372093,0.282622950819672,0.026330537552421,0.462,"Luke Keaschall is doing more damage against left-handed pitching","Estimated wOBA: 0.309 vs L, 0.283 vs R.","two_sided_opponent_hand_woba_gap_v1",39.2,159
"702332","Caleb Durbin","Boston Red Sox","R","hitter","L",54,164,0.641025641025641,0.551530368244859,0.285576923076923,0.240121951219512,0.045454971857411,0.351,"Caleb Durbin is doing more damage against left-handed pitching","Estimated wOBA: 0.286 vs L, 0.240 vs R.","two_sided_opponent_hand_woba_gap_v1",39.1,160
"669236","Jeremiah Jackson","Baltimore Orioles","R","hitter","R",51,131,0.587009803921569,0.73150207369117,0.260196078431373,0.307175572519084,0.046979494087711,0.338,"Jeremiah Jackson is doing more damage against right-handed pitching","Estimated wOBA: 0.260 vs L, 0.307 vs R.","two_sided_opponent_hand_woba_gap_v1",38.9,161
"676914","Davis Schneider","Toronto Blue Jays","R","hitter","R",52,43,0.455128205128205,0.691119691119691,0.247115384615385,0.299761904761905,0.05264652014652,0.301,"Davis Schneider is doing more damage against right-handed pitching","Estimated wOBA: 0.247 vs L, 0.300 vs R.","two_sided_opponent_hand_woba_gap_v1",38.8,162
"641355","Cody Bellinger","New York Yankees","L","hitter","R",94,206,0.798923036511689,0.830433806610921,0.336276595744681,0.359320388349515,0.023043792604834,0.485,"Cody Bellinger is doing more damage against right-handed pitching","Estimated wOBA: 0.336 vs L, 0.359 vs R.","two_sided_opponent_hand_woba_gap_v1",38.4,163
"621493","Taylor Ward","Baltimore Orioles","R","hitter","L",84,248,0.797802197802198,0.736129032258064,0.362738095238095,0.336532258064516,0.026205837173579,0.457,"Taylor Ward is doing more damage against left-handed pitching","Estimated wOBA: 0.363 vs L, 0.337 vs R.","two_sided_opponent_hand_woba_gap_v1",38.2,164
"609280","Miguel Andujar","San Diego Padres","R","hitter","R",59,138,0.616640986132512,0.737616266493619,0.269830508474576,0.310510948905109,0.040680440430533,0.371,"Miguel Andujar is doing more damage against right-handed pitching","Estimated wOBA: 0.270 vs L, 0.311 vs R.","two_sided_opponent_hand_woba_gap_v1",38.2,164
"672820","Lenyn Sosa","Toronto Blue Jays","R","hitter","L",45,72,0.571059431524548,0.440040241448692,0.240444444444444,0.191549295774648,0.048895148669796,0.31,"Lenyn Sosa is doing more damage against left-handed pitching","Estimated wOBA: 0.240 vs L, 0.192 vs R.","two_sided_opponent_hand_woba_gap_v1",37.9,166
"664702","Myles Straw","Toronto Blue Jays","R","hitter","R",73,51,0.604166666666667,0.709565217391304,0.268888888888889,0.3138,0.044911111111111,0.338,"Myles Straw is doing more damage against right-handed pitching","Estimated wOBA: 0.269 vs L, 0.314 vs R.","two_sided_opponent_hand_woba_gap_v1",37.6,167
"670541","Yordan Alvarez","Houston Astros","L","hitter","R",87,217,1.03315649867374,1.08702587734846,0.429540229885057,0.453271889400922,0.023731659515865,0.465,"Yordan Alvarez is doing more damage against right-handed pitching","Estimated wOBA: 0.430 vs L, 0.453 vs R.","two_sided_opponent_hand_woba_gap_v1",37.5,168
"691720","Kyle Karros","Colorado Rockies","R","hitter","L",76,162,0.756390977443609,0.665432098765432,0.329342105263158,0.301111111111111,0.028230994152047,0.432,"Kyle Karros is doing more damage against left-handed pitching","Estimated wOBA: 0.329 vs L, 0.301 vs R.","two_sided_opponent_hand_woba_gap_v1",37.3,169
"607043","Brandon Nimmo","Texas Rangers","L","hitter","R",78,214,0.679120879120879,0.746974913920315,0.296666666666667,0.324319248826291,0.027652582159624,0.438,"Brandon Nimmo is doing more damage against right-handed pitching","Estimated wOBA: 0.297 vs L, 0.324 vs R.","two_sided_opponent_hand_woba_gap_v1",37,170
"687462","Spencer Horwitz","Pittsburgh Pirates","L","hitter","R",46,214,0.711670480549199,0.85539979231568,0.321521739130435,0.368971962616822,0.047450223486387,0.315,"Spencer Horwitz is doing more damage against right-handed pitching","Estimated wOBA: 0.322 vs L, 0.369 vs R.","two_sided_opponent_hand_woba_gap_v1",37,170
"605170","Victor Caratini","Minnesota Twins","R","hitter","L",66,130,0.632867132867133,0.626957726957727,0.305,0.270538461538462,0.034461538461538,0.398,"Victor Caratini is doing more damage against left-handed pitching","Estimated wOBA: 0.305 vs L, 0.271 vs R.","two_sided_opponent_hand_woba_gap_v1",37,170
"691406","Junior Caminero","Tampa Bay Rays","R","hitter","L",86,215,0.864119601328904,0.836332643370267,0.378953488372093,0.355794392523364,0.023159095848729,0.462,"Junior Caminero is doing more damage against left-handed pitching","Estimated wOBA: 0.379 vs L, 0.356 vs R.","two_sided_opponent_hand_woba_gap_v1",36.9,173
"672960","Kazuma Okamoto","Toronto Blue Jays","R","hitter","L",69,218,0.817204301075269,0.742572610163046,0.35,0.319403669724771,0.030596330275229,0.408,"Kazuma Okamoto is doing more damage against left-handed pitching","Estimated wOBA: 0.350 vs L, 0.319 vs R.","two_sided_opponent_hand_woba_gap_v1",36.4,174
"645277","Ozzie Albies","Atlanta Braves","R","hitter","L",127,178,0.806167979002625,0.744012418687167,0.341023622047244,0.323651685393258,0.017371936653986,0.559,"Ozzie Albies is doing more damage against left-handed pitching","Estimated wOBA: 0.341 vs L, 0.324 vs R.","two_sided_opponent_hand_woba_gap_v1",36,175
"686668","Brenton Doyle","Colorado Rockies","R","hitter","L",44,78,0.607655502392344,0.516684229012996,0.278636363636364,0.232564102564103,0.046072261072261,0.306,"Brenton Doyle is doing more damage against left-handed pitching","Estimated wOBA: 0.279 vs L, 0.233 vs R.","two_sided_opponent_hand_woba_gap_v1",35.6,176
"656775","Cedric Mullins","Tampa Bay Rays","L","hitter","L",65,173,0.632616487455197,0.595831710167511,0.295,0.263411764705882,0.031588235294118,0.394,"Cedric Mullins is doing more damage against left-handed pitching","Estimated wOBA: 0.295 vs L, 0.263 vs R.","two_sided_opponent_hand_woba_gap_v1",35.4,177
"642708","Amed Rosario","New York Yankees","R","hitter","R",65,48,0.725198938992042,0.823611111111111,0.302769230769231,0.345208333333333,0.042439102564102,0.324,"Amed Rosario is doing more damage against right-handed pitching","Estimated wOBA: 0.303 vs L, 0.345 vs R.","two_sided_opponent_hand_woba_gap_v1",35.4,177
"605137","Josh Bell","Minnesota Twins","R","hitter","R",95,183,0.613755980861244,0.665105386416862,0.269263157894737,0.288469945355191,0.019206787460454,0.487,"Josh Bell is doing more damage against right-handed pitching","Estimated wOBA: 0.269 vs L, 0.288 vs R.","two_sided_opponent_hand_woba_gap_v1",35.2,179
"665833","Oneil Cruz","Pittsburgh Pirates","L","hitter","L",82,199,0.860152043078872,0.798355941557498,0.368292682926829,0.345628140703518,0.022664542223311,0.451,"Oneil Cruz is doing more damage against left-handed pitching","Estimated wOBA: 0.368 vs L, 0.346 vs R.","two_sided_opponent_hand_woba_gap_v1",35,180
"665862","Jazz Chisholm Jr.","New York Yankees","L","hitter","L",83,192,0.766586345381526,0.687319661195743,0.325542168674699,0.303730569948187,0.021811598726512,0.454,"Jazz Chisholm Jr. is doing more damage against left-handed pitching","Estimated wOBA: 0.326 vs L, 0.304 vs R.","two_sided_opponent_hand_woba_gap_v1",34.8,181
"679529","Spencer Torkelson","Detroit Tigers","R","hitter","L",65,205,0.746589259796807,0.707694380811211,0.334923076923077,0.304390243902439,0.030532833020638,0.394,"Spencer Torkelson is doing more damage against left-handed pitching","Estimated wOBA: 0.335 vs L, 0.304 vs R.","two_sided_opponent_hand_woba_gap_v1",34.6,182
"683737","Michael Busch","Chicago Cubs","L","hitter","R",94,219,0.745673758865248,0.800658731941013,0.333191489361702,0.351689497716895,0.018498008355193,0.485,"Michael Busch is doing more damage against right-handed pitching","Estimated wOBA: 0.333 vs L, 0.352 vs R.","two_sided_opponent_hand_woba_gap_v1",34.1,183
"681624","Andy Pages","Los Angeles Dodgers","R","hitter","R",75,227,0.771594202898551,0.828406648364511,0.324266666666667,0.349162995594714,0.024896328928047,0.429,"Andy Pages is doing more damage against right-handed pitching","Estimated wOBA: 0.324 vs L, 0.349 vs R.","two_sided_opponent_hand_woba_gap_v1",34,184
"696100","Hunter Goodman","Colorado Rockies","R","hitter","R",81,197,0.815776815776816,0.867730239303843,0.343333333333333,0.36507614213198,0.021742808798647,0.448,"Hunter Goodman is doing more damage against right-handed pitching","Estimated wOBA: 0.343 vs L, 0.365 vs R.","two_sided_opponent_hand_woba_gap_v1",33.9,185
"621566","Matt Olson","Atlanta Braves","L","hitter","R",132,178,0.871976063152534,0.902445056886439,0.365378787878788,0.377808988764045,0.012430200885257,0.569,"Matt Olson is doing more damage against right-handed pitching","Estimated wOBA: 0.365 vs L, 0.378 vs R.","two_sided_opponent_hand_woba_gap_v1",33.2,186
"593428","Xander Bogaerts","San Diego Padres","R","hitter","R",65,197,0.608974358974359,0.675185928461811,0.271076923076923,0.298883248730964,0.027806325654041,0.394,"Xander Bogaerts is doing more damage against right-handed pitching","Estimated wOBA: 0.271 vs L, 0.299 vs R.","two_sided_opponent_hand_woba_gap_v1",33.1,187
"687231","Darell Hernaiz","Athletics","R","hitter","L",50,84,0.658181818181818,0.575148319050758,0.299,0.263292682926829,0.035707317073171,0.333,"Darell Hernaiz is doing more damage against left-handed pitching","Estimated wOBA: 0.299 vs L, 0.263 vs R.","two_sided_opponent_hand_woba_gap_v1",32.8,188
"665877","Jos<U+00E9> Ferm<U+00ED>n","St. Louis Cardinals","R","hitter","L",60,47,0.727358490566038,0.66897233201581,0.322666666666667,0.284782608695652,0.037884057971015,0.32,"Jos<U+00E9> Ferm<U+00ED>n is doing more damage against left-handed pitching","Estimated wOBA: 0.323 vs L, 0.285 vs R.","two_sided_opponent_hand_woba_gap_v1",32.8,188
"683002","Gunnar Henderson","Baltimore Orioles","L","hitter","L",93,238,0.750158127767236,0.697869845612664,0.318709677419355,0.303361344537815,0.01534833288154,0.482,"Gunnar Henderson is doing more damage against left-handed pitching","Estimated wOBA: 0.319 vs L, 0.303 vs R.","two_sided_opponent_hand_woba_gap_v1",32.1,190
"695657","Colson Montgomery","Chicago White Sox","L","hitter","L",79,202,0.830741410488246,0.778173322950273,0.353037974683544,0.332089552238806,0.020948422444738,0.441,"Colson Montgomery is doing more damage against left-handed pitching","Estimated wOBA: 0.353 vs L, 0.332 vs R.","two_sided_opponent_hand_woba_gap_v1",32.1,190
"571448","Nolan Arenado","Arizona Diamondbacks","R","hitter","R",67,186,0.692743180648482,0.742591135588775,0.297121212121212,0.323010752688172,0.02588954056696,0.401,"Nolan Arenado is doing more damage against right-handed pitching","Estimated wOBA: 0.297 vs L, 0.323 vs R.","two_sided_opponent_hand_woba_gap_v1",31.8,192
"681351","Logan O'Hoppe","Los Angeles Angels","R","hitter","L",48,116,0.674242424242424,0.591986359761296,0.3,0.264695652173913,0.035304347826087,0.324,"Logan O'Hoppe is doing more damage against left-handed pitching","Estimated wOBA: 0.300 vs L, 0.265 vs R.","two_sided_opponent_hand_woba_gap_v1",31.8,192
"691777","Max Muncy","Athletics","R","hitter","L",44,82,0.750614250614251,0.667154471544716,0.323409090909091,0.283780487804878,0.039628603104213,0.306,"Max Muncy is doing more damage against left-handed pitching","Estimated wOBA: 0.323 vs L, 0.284 vs R.","two_sided_opponent_hand_woba_gap_v1",31.8,192
"676609","Jos<U+00E9> Caballero","New York Yankees","R","hitter","R",66,145,0.686147186147186,0.712713872071598,0.288636363636364,0.314551724137931,0.025915360501567,0.398,"Jos<U+00E9> Caballero is doing more damage against right-handed pitching","Estimated wOBA: 0.289 vs L, 0.315 vs R.","two_sided_opponent_hand_woba_gap_v1",31.7,195
"701675","Nathan Church","St. Louis Cardinals","L","hitter","R",41,138,0.600375234521576,0.708459723626559,0.261707317073171,0.303695652173913,0.041988335100742,0.291,"Nathan Church is doing more damage against right-handed pitching","Estimated wOBA: 0.262 vs L, 0.304 vs R.","two_sided_opponent_hand_woba_gap_v1",31.5,196
"660271","Shohei Ohtani","Los Angeles Dodgers","L","hitter","R",86,216,0.936470588235294,0.971259577900255,0.395647058823529,0.412242990654206,0.016595931830677,0.462,"Shohei Ohtani is doing more damage against right-handed pitching","Estimated wOBA: 0.396 vs L, 0.412 vs R.","two_sided_opponent_hand_woba_gap_v1",31.3,197
"668723","Ryan Vilade","Tampa Bay Rays","R","hitter","L",70,50,0.830444964871194,0.745135263407689,0.354285714285714,0.321428571428571,0.032857142857143,0.333,"Ryan Vilade is doing more damage against left-handed pitching","Estimated wOBA: 0.354 vs L, 0.321 vs R.","two_sided_opponent_hand_woba_gap_v1",31.3,197
"677587","Brayan Rocchio","Cleveland Guardians","R","hitter","R",80,178,0.736745551274995,0.754328412611627,0.315443037974684,0.334632768361582,0.019189730386898,0.444,"Brayan Rocchio is doing more damage against right-handed pitching","Estimated wOBA: 0.315 vs L, 0.335 vs R.","two_sided_opponent_hand_woba_gap_v1",30.9,199
"670242","Matt Wallner","Minnesota Twins","L","hitter","R",47,88,0.495947315096251,0.58041958041958,0.227021276595745,0.261704545454545,0.0346832688588,0.32,"Matt Wallner is doing more damage against right-handed pitching","Estimated wOBA: 0.227 vs L, 0.262 vs R.","two_sided_opponent_hand_woba_gap_v1",30.7,200
"663586","Austin Riley","Atlanta Braves","R","hitter","L",100,190,0.639545454545455,0.628713796325132,0.2844,0.276684210526316,0.00771578947368401,0.5,"Austin Riley is doing more damage against left-handed pitching","Estimated wOBA: 0.284 vs L, 0.277 vs R.","two_sided_opponent_hand_woba_gap_v1",30.5,201
"682668","Luisangel Acu<U+00F1>a","Chicago White Sox","R","hitter","R",48,81,0.425724637681159,0.470833333333333,0.186875,0.21925,0.032375,0.324,"Luisangel Acu<U+00F1>a is doing more damage against right-handed pitching","Estimated wOBA: 0.187 vs L, 0.219 vs R.","two_sided_opponent_hand_woba_gap_v1",30.3,202
"683146","Brett Baty","New York Mets","L","hitter","R",43,194,0.522313010685104,0.637660991857883,0.244883720930233,0.280984455958549,0.036100735028316,0.301,"Brett Baty is doing more damage against right-handed pitching","Estimated wOBA: 0.245 vs L, 0.281 vs R.","two_sided_opponent_hand_woba_gap_v1",30.1,203
"641857","Ryan McMahon","New York Yankees","L","hitter","R",41,147,0.54527027027027,0.649886621315193,0.24575,0.28265306122449,0.03690306122449,0.291,"Ryan McMahon is doing more damage against right-handed pitching","Estimated wOBA: 0.246 vs L, 0.283 vs R.","two_sided_opponent_hand_woba_gap_v1",30,204
"805779","Jacob Wilson","Athletics","R","hitter","R",51,126,0.640425531914894,0.711163153786105,0.278,0.307539682539683,0.029539682539683,0.338,"Jacob Wilson is doing more damage against right-handed pitching","Estimated wOBA: 0.278 vs L, 0.308 vs R.","two_sided_opponent_hand_woba_gap_v1",30,204
"802139","JJ Wetherholt","St. Louis Cardinals","L","hitter","R",96,198,0.725649350649351,0.766291486291486,0.328333333333333,0.335959595959596,0.00762626262626304,0.49,"JJ Wetherholt is doing more damage against right-handed pitching","Estimated wOBA: 0.328 vs L, 0.336 vs R.","two_sided_opponent_hand_woba_gap_v1",29.8,206
"691023","Jordan Walker","St. Louis Cardinals","R","hitter","L",71,222,0.938028169014084,0.876258611552729,0.392112676056338,0.371486486486486,0.020626189569852,0.415,"Jordan Walker is doing more damage against left-handed pitching","Estimated wOBA: 0.392 vs L, 0.371 vs R.","two_sided_opponent_hand_woba_gap_v1",29.4,207
"682985","Riley Greene","Detroit Tigers","L","hitter","L",90,208,0.835768645357686,0.83695652173913,0.371333333333333,0.361682692307692,0.009650641025641,0.474,"Riley Greene is doing more damage against left-handed pitching","Estimated wOBA: 0.371 vs L, 0.362 vs R.","two_sided_opponent_hand_woba_gap_v1",29.4,207
"668904","Royce Lewis","Minnesota Twins","R","hitter","L",42,110,0.741956241956242,0.655492424242424,0.321428571428571,0.286454545454545,0.034974025974026,0.296,"Royce Lewis is doing more damage against left-handed pitching","Estimated wOBA: 0.321 vs L, 0.286 vs R.","two_sided_opponent_hand_woba_gap_v1",28.9,209
"677649","Ezequiel Duran","Texas Rangers","R","hitter","L",49,177,0.816326530612245,0.774667405764967,0.359183673469388,0.330909090909091,0.028274582560297,0.329,"Ezequiel Duran is doing more damage against left-handed pitching","Estimated wOBA: 0.359 vs L, 0.331 vs R.","two_sided_opponent_hand_woba_gap_v1",28.7,210
"805300","Jakob Marsee","Miami Marlins","L","hitter","L",67,224,0.657009072285631,0.616063672434437,0.304328358208955,0.283228699551569,0.021099658657386,0.401,"Jakob Marsee is doing more damage against left-handed pitching","Estimated wOBA: 0.304 vs L, 0.283 vs R.","two_sided_opponent_hand_woba_gap_v1",28.5,211
"665019","Kody Clemens","Minnesota Twins","L","hitter","R",50,179,0.740905057675244,0.817119129039012,0.319183673469388,0.347022471910112,0.027838798440724,0.333,"Kody Clemens is doing more damage against right-handed pitching","Estimated wOBA: 0.319 vs L, 0.347 vs R.","two_sided_opponent_hand_woba_gap_v1",28.5,211
"592450","Aaron Judge","New York Yankees","R","hitter","L",73,184,0.923576063446287,0.88668019878211,0.392876712328767,0.374254143646409,0.018622568682358,0.422,"Aaron Judge is doing more damage against left-handed pitching","Estimated wOBA: 0.393 vs L, 0.374 vs R.","two_sided_opponent_hand_woba_gap_v1",28.3,213
"650490","Yandy D<U+00ED>az","Tampa Bay Rays","R","hitter","R",83,201,0.894041921109094,0.909245905304936,0.37855421686747,0.391940298507463,0.013386081639993,0.454,"Yandy D<U+00ED>az is doing more damage against right-handed pitching","Estimated wOBA: 0.379 vs L, 0.392 vs R.","two_sided_opponent_hand_woba_gap_v1",28.2,214
"695600","Carter Jensen","Kansas City Royals","L","hitter","R",57,189,0.605937921727395,0.701376936316695,0.271578947368421,0.296223404255319,0.024644456886898,0.363,"Carter Jensen is doing more damage against right-handed pitching","Estimated wOBA: 0.272 vs L, 0.296 vs R.","two_sided_opponent_hand_woba_gap_v1",27.9,215
"592885","Christian Yelich","Milwaukee Brewers","L","hitter","L",53,119,0.805299076676034,0.74354186118892,0.349433962264151,0.32327731092437,0.026156651339781,0.346,"Christian Yelich is doing more damage against left-handed pitching","Estimated wOBA: 0.349 vs L, 0.323 vs R.","two_sided_opponent_hand_woba_gap_v1",27.8,216
"687263","Zach Neto","Los Angeles Angels","R","hitter","L",80,236,0.767910447761194,0.744981076188909,0.337,0.323389830508475,0.013610169491525,0.444,"Zach Neto is doing more damage against left-handed pitching","Estimated wOBA: 0.337 vs L, 0.323 vs R.","two_sided_opponent_hand_woba_gap_v1",27.4,217
"624585","Jorge Soler","Los Angeles Angels","R","hitter","R",66,178,0.65271855010661,0.710884831460674,0.286567164179104,0.307134831460674,0.02056766728157,0.398,"Jorge Soler is doing more damage against right-handed pitching","Estimated wOBA: 0.287 vs L, 0.307 vs R.","two_sided_opponent_hand_woba_gap_v1",27.4,217
"691016","Tyler Soderstrom","Athletics","L","hitter","R",78,206,0.795940170940171,0.812791399264988,0.333846153846154,0.34790243902439,0.014056285178236,0.438,"Tyler Soderstrom is doing more damage against right-handed pitching","Estimated wOBA: 0.334 vs L, 0.348 vs R.","two_sided_opponent_hand_woba_gap_v1",26.9,219
"650333","Luis Arraez","San Francisco Giants","L","hitter","L",98,205,0.795696324951644,0.773153942428035,0.33563829787234,0.331911764705882,0.00372653316645799,0.495,"Luis Arraez is doing more damage against left-handed pitching","Estimated wOBA: 0.336 vs L, 0.332 vs R.","two_sided_opponent_hand_woba_gap_v1",26.5,220
"678554","Curtis Mead","Washington Nationals","R","hitter","R",85,116,0.796078431372549,0.804011259676284,0.342588235294118,0.348189655172414,0.00560141987829599,0.459,"Curtis Mead is doing more damage against right-handed pitching","Estimated wOBA: 0.343 vs L, 0.348 vs R.","two_sided_opponent_hand_woba_gap_v1",26.2,221
"514888","Jose Altuve","Houston Astros","R","hitter","L",61,154,0.706809583858764,0.699204319408923,0.32016393442623,0.300394736842105,0.019769197584125,0.379,"Jose Altuve is doing more damage against left-handed pitching","Estimated wOBA: 0.320 vs L, 0.300 vs R.","two_sided_opponent_hand_woba_gap_v1",25.7,222
"663757","Trent Grisham","New York Yankees","L","hitter","L",70,195,0.785480093676815,0.728705440900563,0.337428571428571,0.321641025641026,0.015787545787545,0.412,"Trent Grisham is doing more damage against left-handed pitching","Estimated wOBA: 0.337 vs L, 0.322 vs R.","two_sided_opponent_hand_woba_gap_v1",25.5,223
"691718","Pete Crow-Armstrong","Chicago Cubs","L","hitter","L",98,205,0.785951589938301,0.812127024722933,0.346734693877551,0.34593137254902,0.000803321328531004,0.495,"Pete Crow-Armstrong is doing more damage against left-handed pitching","Estimated wOBA: 0.347 vs L, 0.346 vs R.","two_sided_opponent_hand_woba_gap_v1",25.2,224
"691594","Javier Sanoja","Miami Marlins","R","hitter","L",52,114,0.717032967032967,0.64306784660767,0.307115384615385,0.284601769911504,0.022513614703881,0.342,"Javier Sanoja is doing more damage against left-handed pitching","Estimated wOBA: 0.307 vs L, 0.285 vs R.","two_sided_opponent_hand_woba_gap_v1",25,225
"681393","Connor Norby","Miami Marlins","R","hitter","R",67,149,0.611377076879752,0.688559864747169,0.288955223880597,0.30489932885906,0.015944104978463,0.401,"Connor Norby is doing more damage against right-handed pitching","Estimated wOBA: 0.289 vs L, 0.305 vs R.","two_sided_opponent_hand_woba_gap_v1",24.7,226
"608324","Alex Bregman","Chicago Cubs","R","hitter","R",80,242,0.639855072463768,0.688552188552189,0.29675,0.302561983471074,0.00581198347107398,0.444,"Alex Bregman is doing more damage against right-handed pitching","Estimated wOBA: 0.297 vs L, 0.303 vs R.","two_sided_opponent_hand_woba_gap_v1",24.6,227
"676391","Ernie Clement","Toronto Blue Jays","R","hitter","R",81,206,0.782326185834958,0.785097087378641,0.330246913580247,0.335776699029126,0.005529785448879,0.448,"Ernie Clement is doing more damage against right-handed pitching","Estimated wOBA: 0.330 vs L, 0.336 vs R.","two_sided_opponent_hand_woba_gap_v1",24.5,228
"673962","Josh Jung","Texas Rangers","R","hitter","L",61,215,0.846272811630065,0.823185341789993,0.370163934426229,0.353209302325581,0.016954632100648,0.379,"Josh Jung is doing more damage against left-handed pitching","Estimated wOBA: 0.370 vs L, 0.353 vs R.","two_sided_opponent_hand_woba_gap_v1",23.4,229
"647304","Josh Naylor","Seattle Mariners","L","hitter","R",82,215,0.672336328626444,0.682770189312245,0.294390243902439,0.298356807511737,0.00396656360929798,0.451,"Josh Naylor is doing more damage against right-handed pitching","Estimated wOBA: 0.294 vs L, 0.298 vs R.","two_sided_opponent_hand_woba_gap_v1",23.3,230
"545361","Mike Trout","Los Angeles Angels","R","hitter","R",78,240,0.803970223325062,0.819286941580756,0.352467532467532,0.357405857740586,0.00493832527305399,0.438,"Mike Trout is doing more damage against right-handed pitching","Estimated wOBA: 0.352 vs L, 0.357 vs R.","two_sided_opponent_hand_woba_gap_v1",23.1,231
"678218","Brandon Valenzuela","Toronto Blue Jays","R","hitter","R",43,107,0.742248062015504,0.802780536246276,0.32093023255814,0.346037735849057,0.025107503290917,0.301,"Brandon Valenzuela is doing more damage against right-handed pitching","Estimated wOBA: 0.321 vs L, 0.346 vs R.","two_sided_opponent_hand_woba_gap_v1",23,232
"696285","Jacob Young","Washington Nationals","R","hitter","R",69,168,0.659197012138189,0.691154309825196,0.287352941176471,0.297440476190476,0.010087535014005,0.408,"Jacob Young is doing more damage against right-handed pitching","Estimated wOBA: 0.287 vs L, 0.297 vs R.","two_sided_opponent_hand_woba_gap_v1",22.9,233
"680869","Zack Gelof","Athletics","R","hitter","L",55,146,0.843116701607268,0.782784547575836,0.355555555555556,0.336551724137931,0.019003831417625,0.355,"Zack Gelof is doing more damage against left-handed pitching","Estimated wOBA: 0.356 vs L, 0.337 vs R.","two_sided_opponent_hand_woba_gap_v1",22.7,234
"680776","Jarren Duran","Boston Red Sox","L","hitter","R",71,211,0.618851570964247,0.663140665461475,0.275352112676056,0.282369668246445,0.00701755557038897,0.415,"Jarren Duran is doing more damage against right-handed pitching","Estimated wOBA: 0.275 vs L, 0.282 vs R.","two_sided_opponent_hand_woba_gap_v1",22.6,235
"678662","Ezequiel Tovar","Colorado Rockies","R","hitter","L",65,194,0.608974358974359,0.597021764032073,0.270769230769231,0.257474226804124,0.013295003965107,0.394,"Ezequiel Tovar is doing more damage against left-handed pitching","Estimated wOBA: 0.271 vs L, 0.257 vs R.","two_sided_opponent_hand_woba_gap_v1",21.9,236
"571970","Max Muncy","Los Angeles Dodgers","L","hitter","R",57,193,0.870877192982456,0.909201573131906,0.372105263157895,0.387046632124352,0.014941368966457,0.363,"Max Muncy is doing more damage against right-handed pitching","Estimated wOBA: 0.372 vs L, 0.387 vs R.","two_sided_opponent_hand_woba_gap_v1",20.8,237
"663886","Tyler Stephenson","Cincinnati Reds","R","hitter","R",43,155,0.531463748290014,0.652641421224871,0.263488372093023,0.285161290322581,0.021672918229558,0.301,"Tyler Stephenson is doing more damage against right-handed pitching","Estimated wOBA: 0.263 vs L, 0.285 vs R.","two_sided_opponent_hand_woba_gap_v1",20.5,238
"810938","Ben Williamson","Tampa Bay Rays","R","hitter","L",70,98,0.698945981554677,0.630952380952381,0.299130434782609,0.294795918367347,0.004334516415262,0.412,"Ben Williamson is doing more damage against left-handed pitching","Estimated wOBA: 0.299 vs L, 0.295 vs R.","two_sided_opponent_hand_woba_gap_v1",19.9,239
"701678","Hao-Yu  Lee","Detroit Tigers","R","hitter","R",47,42,0.567375886524823,0.611904761904762,0.244042553191489,0.26547619047619,0.021433637284701,0.296,"Hao-Yu  Lee is doing more damage against right-handed pitching","Estimated wOBA: 0.244 vs L, 0.265 vs R.","two_sided_opponent_hand_woba_gap_v1",19.8,240
"670623","Isaac Paredes","Houston Astros","R","hitter","R",69,206,0.701301891427168,0.732817728045636,0.318695652173913,0.319660194174757,0.000964542000844004,0.408,"Isaac Paredes is doing more damage against right-handed pitching","Estimated wOBA: 0.319 vs L, 0.320 vs R.","two_sided_opponent_hand_woba_gap_v1",17.6,241
"662139","Daulton Varsho","Toronto Blue Jays","L","hitter","L",61,174,0.746050670640835,0.735229518998463,0.324098360655738,0.319310344827586,0.00478801582815197,0.379,"Daulton Varsho is doing more damage against left-handed pitching","Estimated wOBA: 0.324 vs L, 0.319 vs R.","two_sided_opponent_hand_woba_gap_v1",17.5,242
"553993","Eugenio Su<U+00E1>rez","Cincinnati Reds","R","hitter","L",40,134,0.680405405405405,0.62242506475885,0.29325,0.273955223880597,0.019294776119403,0.286,"Eugenio Su<U+00E1>rez is doing more damage against left-handed pitching","Estimated wOBA: 0.293 vs L, 0.274 vs R.","two_sided_opponent_hand_woba_gap_v1",17.4,243
"596115","Trevor Story","Boston Red Sox","R","hitter","L",48,128,0.566287878787879,0.540160123966942,0.249583333333333,0.235078125,0.014505208333333,0.324,"Trevor Story is doing more damage against left-handed pitching","Estimated wOBA: 0.250 vs L, 0.235 vs R.","two_sided_opponent_hand_woba_gap_v1",17.4,243
"701358","Cam Smith","Houston Astros","R","hitter","R",69,204,0.666904252791637,0.651787434295622,0.289275362318841,0.289704433497537,0.000429071178696006,0.408,"Cam Smith is doing more damage against right-handed pitching","Estimated wOBA: 0.289 vs L, 0.290 vs R.","two_sided_opponent_hand_woba_gap_v1",16.8,245
"643446","Jeff McNeil","Athletics","L","hitter","R",42,189,0.522955523672884,0.616063738156761,0.255365853658537,0.273333333333333,0.017967479674796,0.296,"Jeff McNeil is doing more damage against right-handed pitching","Estimated wOBA: 0.255 vs L, 0.273 vs R.","two_sided_opponent_hand_woba_gap_v1",16.8,245
"543760","Marcus Semien","New York Mets","R","hitter","R",68,215,0.605593056894889,0.625318606627018,0.269705882352941,0.27018691588785,0.00048103353490897,0.405,"Marcus Semien is doing more damage against right-handed pitching","Estimated wOBA: 0.270 vs L, 0.270 vs R.","two_sided_opponent_hand_woba_gap_v1",16.7,247
"687401","Joey Ortiz","Milwaukee Brewers","R","hitter","L",59,111,0.55578947368421,0.564593301435407,0.260877192982456,0.256909090909091,0.00396810207336501,0.371,"Joey Ortiz is doing more damage against left-handed pitching","Estimated wOBA: 0.261 vs L, 0.257 vs R.","two_sided_opponent_hand_woba_gap_v1",16.1,248
"673548","Seiya Suzuki","Chicago Cubs","R","hitter","L",56,178,0.75297619047619,0.769592696629213,0.334464285714286,0.329830508474576,0.00463377723970998,0.359,"Seiya Suzuki is doing more damage against left-handed pitching","Estimated wOBA: 0.334 vs L, 0.330 vs R.","two_sided_opponent_hand_woba_gap_v1",15.7,249
"681715","Heriberto Hern<U+00E1>ndez","Miami Marlins","R","hitter","L",61,85,0.721007893139041,0.694270435446906,0.308196721311475,0.305764705882353,0.00243201542912203,0.379,"Heriberto Hern<U+00E1>ndez is doing more damage against left-handed pitching","Estimated wOBA: 0.308 vs L, 0.306 vs R.","two_sided_opponent_hand_woba_gap_v1",15.5,250
"695506","Jac Caglianone","Kansas City Royals","L","hitter","L",66,178,0.794372294372294,0.777009507346586,0.34,0.339887640449438,0.000112359550562047,0.398,"Jac Caglianone is doing more damage against left-handed pitching","Estimated wOBA: 0.340 vs L, 0.340 vs R.","two_sided_opponent_hand_woba_gap_v1",15.2,251
"606192","Teoscar Hern<U+00E1>ndez","Los Angeles Dodgers","R","hitter","R",48,155,0.733974358974359,0.793230349840981,0.333541666666667,0.339612903225806,0.00607123655913899,0.324,"Teoscar Hern<U+00E1>ndez is doing more damage against right-handed pitching","Estimated wOBA: 0.334 vs L, 0.340 vs R.","two_sided_opponent_hand_woba_gap_v1",14.6,252
"680777","Ryan Jeffers","Minnesota Twins","R","hitter","R",57,91,0.895118230358505,0.945054945054945,0.393684210526316,0.396263736263736,0.00257952573741999,0.363,"Ryan Jeffers is doing more damage against right-handed pitching","Estimated wOBA: 0.394 vs L, 0.396 vs R.","two_sided_opponent_hand_woba_gap_v1",14.5,253
"664034","Ty France","San Diego Padres","R","hitter","L",47,97,0.763593380614657,0.752340823970038,0.326595744680851,0.320625,0.00597074468085101,0.32,"Ty France is doing more damage against left-handed pitching","Estimated wOBA: 0.327 vs L, 0.321 vs R.","two_sided_opponent_hand_woba_gap_v1",13.7,254
"804606","Konnor Griffin","Pittsburgh Pirates","R","hitter","R",48,161,0.728682170542636,0.724341910677314,0.314166666666667,0.315155279503106,0.000988612836439029,0.324,"Konnor Griffin is doing more damage against right-handed pitching","Estimated wOBA: 0.314 vs L, 0.315 vs R.","two_sided_opponent_hand_woba_gap_v1",10.8,255
"667472","Dane Myers","Cincinnati Reds","R","hitter","R",71,46,0.768779342723005,0.750278706800446,0.336056338028169,0.34,0.00394366197183105,0.315,"Dane Myers is doing more damage against right-handed pitching","Estimated wOBA: 0.336 vs L, 0.340 vs R.","two_sided_opponent_hand_woba_gap_v1",10.6,256
"605141","Mookie Betts","Los Angeles Dodgers","R","hitter","R",46,115,0.651113467656416,0.637489745693191,0.277826086956522,0.278,0.000173913043478024,0.315,"Mookie Betts is doing more damage against right-handed pitching","Estimated wOBA: 0.278 vs L, 0.278 vs R.","two_sided_opponent_hand_woba_gap_v1",8.3,257
